0,1,1,0.75,0.4,-0,-0,-0.025787,-0.149336,0.200034,0.0561162,-0.534758,0.0413937,-0.00538424,-0.370963,-0.0165421,0.196929,-0.102905,0.0592843
0,1,1,0.75,0.4,-0,-0.25,-0.0624684,-0.0690508,-0.312092,-0.0238373,-0.202416,0.0562177,-0.138621,0.0551622,-0.0249246,0.0826163,-0.1826,-0.0510568
0,1,1,0.75,0.8,-0.025,-0,0.0411772,0.338675,-0.0342919,-0.0119582,-0.446517,-0.48058,-0.405744,-0.0804435,0.0630875,0.204306,0.0508408,-0.360129
0,1,4,0.75,0.6,-0,-0,0.226875,-0.0667242,0.0785813,0.490598,-0.0453927,-0.822995,0.273274,-0.214013,-0.555363,0.375015,-0.070501,0.115076
0,1,4,0.75,0.6,-0,-0.25,-0.0566313,-0.056653,-0.249332,0.317577,0.0181763,-0.682552,0.277545,-0.0426951,0.0512961,-0.0573748,-0.137948,-0.326443
0,1,4,0.75,0.6,-0.025,-0,0.0276408,-0.0671672,-0.343844,0.080424,0.0768305,-0.234541,0.204035,-0.14157,-0.110105,0.0914657,0.0120888,-0.19838
0,1,4,0.75,0.6,-0.025,-0.25,-0.382004,-0.0298931,0.103563,0.175828,-0.11066,-0.463182,0.344948,-0.136625,-0.0201523,-0.016364,-0.185788,-0.139335
0,1,4,0.75,0.8,-0,-0,0.0652642,0.324328,-0.0316029,-0.0396768,-0.437029,-0.504943,-0.428984,-0.112975,0.0882233,0.168466,0.0871023,-0.381017
0,1,4,0.75,0.8,-0,-0.25,0.0652642,0.324328,-0.0316029,-0.0396768,-0.437029,-0.504943,-0.428984,-0.112975,0.0882233,0.168466,0.0871023,-0.381017
0,1,4,0.75,0.8,-0.025,-0,0.0652642,0.324328,-0.0316029,-0.0396768,-0.437029,-0.504943,-0.428984,-0.112975,0.0882233,0.168466,0.0871023,-0.381017
0,1,4,0.75,0.8,-0.025,-0.25,0.0652642,0.324328,-0.0316029,-0.0396768,-0.437029,-0.504943,-0.428984,-0.112975,0.0882233,0.168466,0.0871023,-0.381017
0,1,4,1,0.4,-0,-0,0.105618,-0.34783,0.00828337,-0.0592857,-0.00120831,-0.210082,-0.202266,-0.050246,-0.231308,-0.00094822,0.111107,-0.0311875
0,1,4,1,0.4,-0,-0.25,-0.339136,0.0828619,0.0343752,0.0507407,-0.12016,-0.273314,-0.0187823,-0.169755,-0.289445,0.194079,0.0133244,0.057233
0,1,1,0.75,0.8,-0.025,-0.25,0.0411772,0.338675,-0.0342919,-0.0119582,-0.446517,-0.48058,-0.405744,-0.0804435,0.0630875,0.204306,0.0508408,-0.360129
0,1,4,1,0.4,-0.025,-0,0.143029,-0.0401588,-0.257533,0.0140722,-0.240007,-0.103121,-0.322181,-0.0695836,-0.351036,0.154102,0.106769,0.0991779
0,1,4,1,0.4,-0.025,-0.25,-0.297622,-0.000576014,0.103552,-0.0823852,-0.301624,-0.230999,0.00773229,-0.126736,0.125905,0.101683,-0.133985,-0.213336
0,1,4,1,0.6,-0,-0,0.206933,0.103048,-0.174892,-0.137078,-0.15379,-0.427341,-0.323299,-0.126067,-0.00536682,-0.0434885,0.0320592,-0.137203
0,1,4,1,0.6,-0,-0.25,-0.0154491,-0.376755,-0.276276,0.0624118,0.113134,-0.123054,-0.423391,-0.198888,-0.0450538,0.0202158,0.29239,-0.211886
0,1,4,1,0.6,-0.025,-0,-0.276322,-0.113362,-0.17226,0.0739225,-0.430633,0.0802651,-0.159805,-0.135705,-0.170988,-0.0545173,0.113434,-0.123944
0,1,4,1,0.6,-0.025,-0.25,-0.300266,0.0473893,-0.031619,0.0835729,-0.435834,-0.102188,-0.418073,0.0544171,-0.258932,0.07891,-0.0927607,0.0526829
0,1,4,1,0.8,-0,-0,0.0719036,0.305939,0.0815228,-0.236785,-0.405491,-0.407097,-0.249304,-0.220072,0.000692326,-0.0967963,0.129549,-0.231235
0,1,4,1,0.8,-0,-0.25,-0.169901,-0.187302,0.0203226,-0.246234,0.00907685,-0.242474,-0.16261,0.0429191,0.0746567,-0.116423,-0.0564802,-0.481452
0,1,4,1,0.8,-0.025,-0,0.118656,-0.0908585,-0.116436,0.237017,-0.188272,-0.411748,-0.232761,0.240127,-0.303459,0.188582,-0.196668,-0.157145
0,1,4,1,0.8,-0.025,-0.25,0.184181,-0.0011513,-0.378436,-0.1587,-0.157851,-0.154061,0.163772,-0.09101,0.151096,-0.156275,-0.237303,-0.23336
0,1,1,1,0.4,-0,-0,0.0136585,-0.0641001,-0.154092,0.119493,-0.155983,-0.0889977,-0.0426437,0.0136759,-0.057433,0.202208,-0.19776,0.0293571
0,1,4,1.25,0.4,-0,-0,0.0463023,-0.0745246,-0.0372016,-0.117057,-0.0392067,-0.304512,0.0389099,0.0392001,0.045403,0.0161309,-0.0711997,-0.232232
0,1,4,1.25,0.4,-0,-0.25,-0.122678,-0.230262,0.0124609,-0.00718739,-0.0788804,-0.0279502,0.0474408,-0.0603108,-0.0561211,0.0315612,-0.0996041,0.0845804
0,1,4,1.25,0.4,-0.025,-0,-0.353935,-0.178823,-0.0517993,0.127025,-0.0695674,-0.0158882,-0.324045,-0.186923,-0.0530716,0.0543385,-0.0392913,0.106617
0,1,4,1.25,0.4,-0.025,-0.25,-0.108809,-0.0361528,-0.151226,-0.0422613,-0.0205664,-0.120092,0.11542,-0.193649,-0.0791907,-0.0264904,0.0198534,0.0284026
0,1,4,1.25,0.6,-0,-0,-0.0667052,3.36843e-05,-0.365571,-0.04698,-0.138147,-0.0561605,-0.105788,0.10094,-0.315882,0.0314117,-0.0884279,-0.0190351
0,1,4,1.25,0.6,-0,-0.25,0.105618,-0.34783,0.00828337,-0.0592857,-0.00120831,-0.210082,-0.202266,-0.050246,-0.231308,-0.00094822,0.111107,-0.0311875
0,1,4,1.25,0.6,-0.025,-0,-0.212906,0.105113,0.0985251,0.0763414,-0.210831,-0.428505,-0.428348,0.0803472,-0.197684,0.0513723,-0.0706889,0.0759637
0,1,4,1.25,0.6,-0.025,-0.25,-0.237314,0.0691211,-0.113044,0.144334,-0.0494203,-0.362214,-0.0435618,0.047166,-0.0853493,0.0362243,-0.115025,-0.222404
0,1,4,1.25,0.8,-0,-0,-0.251851,-0.0636643,-0.166737,-0.203955,-0.0935369,-0.0256478,-0.487379,0.00944772,-0.00848381,-0.0614158,0.194977,-0.419134
0,1,4,1.25,0.8,-0,-0.25,-0.0184301,0.182308,0.2848,-0.0946673,-0.338131,-0.7194,-0.383816,0.0276533,-0.0630069,-0.161023,-0.00827441,-0.254672
0,1,1,1,0.4,-0,-0.25,0.0491796,-0.141014,-0.191192,0.0445514,0.00509677,-0.153259,0.119326,-0.00167915,0.0134883,0.029751,-0.0700351,-0.118384
0,1,4,1.25,0.8,-0.025,-0,-0.0306623,0.345642,-0.0805604,0.119136,-0.45127,-0.27525,-0.492629,-0.214233,-0.264214,-0.0246743,0.128662,0.208513
0,1,4,1.25,0.8,-0.025,-0.25,-0.184187,0.0723211,-0.0481896,-0.00266825,-0.246035,-0.383224,-0.199527,0.0421176,-0.45868,-0.0909278,-0.00704621,0.158736
0,1,4,1.5,0.4,-0,-0,0.0342393,-0.0902511,-0.266685,-0.000420602,-0.047276,-0.0171733,-0.034582,0.0297165,-0.0679336,0.00873981,-0.0200356,-0.0890871
0,1,4,1.5,0.4,-0,-0.25,-0.00436822,-0.360129,-0.262948,-0.0420795,0.0402427,0.0176998,-0.101694,-0.145481,-0.158876,-0.115693,0.104818,0.0366876
0,1,4,1.5,0.4,-0.025,-0,0.0954714,0.0414434,-0.0972842,-0.0323111,-0.0991433,-0.159534,-0.0735761,0.0094058,-0.00150995,-0.0432256,0.00386823,-0.10488
0,1,4,1.5,0.4,-0.025,-0.25,0.105618,-0.34783,0.00828337,-0.0592857,-0.00120831,-0.210082,-0.202266,-0.050246,-0.231308,-0.00094822,0.111107,-0.0311875
0,1,4,1.5,0.6,-0,-0,-0.120435,-0.0133637,-0.0208217,-0.0772187,0.00104701,-0.150898,-0.0899195,0.0031754,0.0416241,-0.0558203,-0.0408438,-0.14121
0,1,4,1.5,0.6,-0,-0.25,0.0148425,-0.102726,-0.0217626,0.0933893,-0.0461636,-0.185059,-0.168811,-0.0831001,-0.0944756,-0.0518052,0.082912,-0.0214434
0,1,4,1.5,0.6,-0.025,-0,0.0182474,0.107058,-0.137725,-0.163099,0.0937482,-0.264208,-0.11038,0.0481779,-0.118312,0.0272668,-0.0633772,-0.0230799
0,1,4,1.5,0.6,-0.025,-0.25,-0.274693,0.20733,-0.381509,0.0157318,-0.183614,0.0333475,-0.411368,-0.0864602,-0.104543,0.126681,0.040036,-0.0352102
0,1,1,1,0.4,-0.025,-0,-0.140192,-0.451942,0.141177,0.0160543,-0.137058,-0.242157,-0.122173,0.0846192,-0.00182861,0.0462032,-0.171316,-0.0450733
0,1,4,1.5,0.8,-0,-0,0.027851,-0.111099,-0.0709433,-0.127398,-0.0491841,-0.146564,-0.010943,-0.0497434,-0.117014,-0.00550256,-0.123292,-0.0532107
0,1,4,1.5,0.8,-0,-0.25,0.479474,-0.0155548,-0.410409,-0.0787883,-0.296729,-0.0956304,0.027468,-0.123975,-0.334141,-0.0605752,-0.0132493,0.0463953
0,1,4,1.5,0.8,-0.025,-0,-0.131205,0.272603,-0.465098,-0.103571,-0.192093,-0.00585939,0.0293088,0.117517,-0.338575,-0.10491,-0.0133625,-0.155214
0,1,4,1.5,0.8,-0.025,-0.25,-0.0123004,-0.131136,-0.074936,0.0805657,-0.0896391,-0.168125,-0.107174,-0.0783282,-0.128371,0.0948851,-0.0701136,-0.0566462
0,0.8,1,0.75,0.4,-0,-0,0.317352,0.0324699,-0.419645,-0.274666,-0.484151,-0.0416641,0.0980973,-0.112418,-0.243984,0.335871,-0.227497,0.133522
0,0.8,1,0.75,0.4,-0,-0.25,0.112653,-0.306673,-0.426677,-0.0458092,-0.135582,0.144144,-0.0799422,-0.201856,-0.19973,-0.34646,0.0542504,0.192234
0,0.8,1,0.75,0.4,-0.025,-0,0.317352,0.0324699,-0.419645,-0.274666,-0.484151,-0.0416641,0.0980973,-0.112418,-0.243984,0.335871,-0.227497,0.133522
0,0.8,1,0.75,0.4,-0.025,-0.25,-0.301418,0.0104723,-0.639923,0.963749,-0.0764952,0.0250026,-0.461725,-0.23207,-0.164254,0.281171,0.0669286,0.100672
0,0.8,1,0.75,0.6,-0,-0,0.344743,-0.398989,-0.107579,-0.0967016,-0.242472,-0.190047,-0.137865,0.0944591,-0.137035,-0.0648851,-0.470144,0.0487869
0,0.8,1,0.75,0.6,-0,-0.25,0.344743,-0.398989,-0.107579,-0.0967016,-0.242472,-0.190047,-0.137865,0.0944591,-0.137035,-0.0648851,-0.470144,0.0487869
0,1,1,1,0.4,-0.025,-0.25,-0.588029,-0.360352,-0.360903,-0.0380108,0.0558445,0.210989,0.126105,-0.203868,0.128964,0.0024912,-0.0822797,-0.0645067
0,0.8,1,0.75,0.6,-0.025,-0,0.344743,-0.398989,-0.107579,-0.0967016,-0.242472,-0.190047,-0.137865,0.0944591,-0.137035,-0.0648851,-0.470144,0.0487869
0,0.8,1,0.75,0.6,-0.025,-0.25,0.343997,-0.399907,-0.10633,-0.0953992,-0.242071,-0.191058,-0.138063,0.0946979,-0.137756,-0.0632673,-0.469402,0.0478724
0,0.8,1,0.75,0.8,-0,-0,0.102998,0.267151,-0.607478,0.119802,-0.254527,-0.377561,-0.0479603,-0.0584781,0.029861,0.0486088,-0.205092,-0.506058
0,0.8,1,0.75,0.8,-0,-0.25,-0.769577,-0.146408,-0.402889,0.219423,-0.0675415,-0.0605734,0.253176,-0.0353523,-0.10658,-0.369844,-0.356039,-0.110406
0,0.8,1,0.75,0.8,-0.025,-0,0.319,-0.290482,-0.302405,-0.220267,-0.0375569,-0.271753,-0.158187,-0.0577869,0.194439,0.0603215,-0.626893,-0.0390618
0,0.8,1,0.75,0.8,-0.025,-0.25,0.102252,0.266234,-0.606229,0.121105,-0.254126,-0.378572,-0.0481577,-0.0582393,0.0291401,0.0502267,-0.20435,-0.506972
0,0.8,1,1,0.4,-0,-0,-0.334986,-0.0232494,-0.142202,-0.0668749,-0.208107,-0.165617,0.0165172,0.0377753,-0.17271,0.0043054,-0.379578,0.244633
0,0.8,1,1,0.4,-0,-0.25,-0.191796,-0.172824,0.0215473,0.233951,0.0856468,-0.446275,0.0938412,-0.0338178,-0.159416,0.324122,-0.406484,0.215049
0,0.8,1,1,0.4,-0.025,-0,-0.136145,-0.374716,-0.10454,0.344984,-0.214302,0.173229,0.0826371,-0.315592,0.0369056,0.270478,-0.163585,0.0294906
0,0.8,1,1,0.4,-0.025,-0.25,0.246899,-0.0954292,-0.483324,-0.271764,-0.0814827,-0.0241991,0.158935,0.0650361,-0.0570189,-0.0892691,-0.172243,-0.176258
0,1,1,1,0.6,-0,-0,-0.149356,-0.103664,-0.0277322,-0.110891,-0.0586818,-0.106118,-0.593088,0.0231206,-0.261801,0.0634433,0.0195394,0.101023
0,0.8,1,1,0.6,-0,-0,-0.244667,-0.110262,-0.129033,0.284683,-0.223555,-0.204981,-0.443441,-0.161605,0.0735194,-0.17221,0.181049,-0.107118
0,0.8,1,1,0.6,-0,-0.25,-0.223096,0.0350801,-0.117284,-0.0887419,-0.213785,-0.144809,-0.73041,0.020906,-0.028384,0.031375,-0.263804,0.227156
0,0.8,1,1,0.6,-0.025,-0,-0.385112,0.0351512,0.200106,-0.00871187,-0.717107,0.00144871,-0.100644,-0.118194,-0.0303567,0.00425681,0.0234792,-0.146244
0,0.8,1,1,0.6,-0.025,-0.25,-0.383278,0.0593004,-0.0170016,0.166587,-0.433004,-0.121516,-0.027939,-0.220362,-0.0471281,-0.00260754,0.107161,-0.222012
0,0.8,1,1,0.8,-0,-0,0.162618,-0.103704,-0.331608,-0.447714,-0.0923638,0.175453,-0.0397773,-0.0216176,0.158096,0.140047,-0.431282,-0.296938
0,0.8,1,1,0.8,-0,-0.25,0.204735,-0.195066,-0.353845,-0.193433,0.082218,-0.252525,0.309393,-0.0484841,-0.261741,-0.307619,-0.323315,0.140149
0,0.8,1,1,0.8,-0.025,-0,0.451301,-0.414748,-0.509977,0.0697249,0.412099,0.0815926,0.0884128,-0.103535,-0.194154,-0.0563818,-0.0473863,-0.0733839
0,0.8,1,1,0.8,-0.025,-0.25,0.152066,-0.0221907,-0.450639,0.232553,-0.070951,-0.0219304,0.419375,-0.201896,-0.304718,-0.0893869,-0.0258276,0.142303
0,0.8,1,1.25,0.4,-0,-0,-0.0470347,-0.153242,0.00898217,0.0163964,-0.0506422,-0.166463,-0.0300775,-0.0578625,-0.142036,0.129052,-0.0351042,0.04846
0,0.8,1,1.25,0.4,-0,-0.25,-0.181631,-0.170213,-0.260216,0.0723543,0.00185332,-0.139744,-0.0106583,-0.0635484,-0.117911,0.271177,-0.280503,0.0527647
0,1,1,1,0.6,-0,-0.25,-0.0246917,-0.199928,-0.106464,0.375959,-0.291863,0.0268377,-0.136863,-0.136744,-0.0560762,0.0336627,-0.165983,0.0919512
0,0.8,1,1.25,0.4,-0.025,-0,-0.0470347,-0.153242,0.00898217,0.0163964,-0.0506422,-0.166463,-0.0300775,-0.0578625,-0.142036,0.129052,-0.0351042,0.04846
0,0.8,1,1.25,0.4,-0.025,-0.25,-0.181659,-0.0567149,-0.0520665,-0.0935369,-0.165904,-0.165599,0.135446,-0.0665915,0.0143628,0.0363047,-0.190274,-0.0529596
0,0.8,1,1.25,0.6,-0,-0,-0.11949,-0.0600592,-0.113152,-0.0565705,-0.0952447,0.0562562,-0.0712477,-0.0533733,-0.0357839,-0.00670303,-0.00344923,-0.154026
0,0.8,1,1.25,0.6,-0,-0.25,0.142036,-0.0184095,-0.116499,0.0915703,-0.23278,-0.199352,-0.161697,-0.0558607,-0.0453037,0.122783,-0.162909,-0.00732072
0,0.8,1,1.25,0.6,-0.025,-0,-0.276093,0.0700503,-0.0878465,0.0790304,0.029373,-0.367873,-0.225767,-0.0879099,-0.0567757,0.00175609,-0.0524217,0.076282
0,0.8,1,1.25,0.6,-0.025,-0.25,0.0333216,-0.163351,-0.182742,0.125444,-0.1764,-0.217059,0.343424,-0.244131,-0.278617,-0.0944379,0.139056,0.0980226
0,0.8,1,1.25,0.8,-0,-0,-0.270415,-0.0550163,-0.379135,0.0900117,0.148832,-0.103576,-0.500048,0.139145,-0.309369,-0.241166,-0.0749266,0.189424
0,0.8,1,1.25,0.8,-0,-0.25,-0.150151,-0.079585,-0.0994025,0.170111,-0.386813,-0.0165083,-0.248443,-0.341763,0.00638651,-0.0413783,0.19353,0.171297
0,0.8,1,1.25,0.8,-0.025,-0,0.0376788,-0.244113,-0.141095,0.164782,-0.191717,-0.118623,-0.791236,-0.307885,-0.118869,0.000621505,0.322885,0.164299
0,0.8,1,1.25,0.8,-0.025,-0.25,0.242189,-0.0419281,0.120365,0.30043,-0.443239,-0.466643,-0.380266,-0.0830337,0.0229502,-0.104746,-0.141143,0.00545434
0,1,1,1,0.6,-0.025,-0,-0.186689,-0.364852,-0.0906851,0.197366,0.0402282,-0.100824,-0.0671545,-0.0608096,0.163978,0.285547,-0.177322,-0.279317
0,0.8,1,1.5,0.4,-0,-0,-0.0343572,-0.164599,-0.0739093,-0.00497161,-0.0468243,-0.0347066,-0.0818058,-0.0166215,0.00188588,-0.0441171,-0.0112017,-0.0641011
0,0.8,1,1.5,0.4,-0,-0.25,0.381553,-0.212659,-0.0991284,0.00887552,-0.310682,-0.0280877,0.0568014,-0.0909931,-0.111442,0.0803729,-0.160511,0.186482
0,0.8,1,1.5,0.4,-0.025,-0,0.013159,-0.284981,0.211858,0.0928541,-0.19834,-0.28581,0.153036,-0.0937417,0.0311005,-0.0111645,-0.0950673,-0.106989
0,0.8,1,1.5,0.4,-0.025,-0.25,-0.354141,0.00793768,-0.129599,-0.0315663,-0.131026,-0.177425,0.228129,-0.0425655,-0.0470773,-0.059493,-0.0783986,-0.0863025
0,0.8,1,1.5,0.6,-0,-0,-0.0681405,-0.100101,-0.551109,-0.0416793,0.0331328,0.36483,-0.398577,-0.00630047,-0.164576,0.00318389,-0.0504659,0.153014
0,0.8,1,1.5,0.6,-0,-0.25,-0.118966,-0.066976,-0.0296585,0.00580742,-0.28029,-0.0215319,0.330112,-0.0355769,-0.032752,0.128343,-0.195085,-0.2575
0,0.8,1,1.5,0.6,-0.025,-0,-0.0230981,-0.00932861,-0.117918,-0.230921,-0.163859,-0.110311,-0.351337,0.173564,-0.0239,0.130122,-0.283317,-0.235135
0,0.8,1,1.5,0.6,-0.025,-0.25,-0.0324256,-0.0280138,-0.162505,0.0642148,-0.0972296,0.0368983,-0.207438,-0.110212,0.00533451,-0.0361252,0.0148136,-0.011117
0,0.8,1,1.5,0.8,-0,-0,-0.0257557,-0.272133,-0.123204,0.21546,-0.0665225,-0.0270934,-0.0780076,-0.0467375,-0.0977523,0.0529528,-0.158804,-0.109222
0,0.8,1,1.5,0.8,-0,-0.25,-0.316703,-0.170101,-0.0673633,0.0953855,-0.0784213,-0.221663,-0.116165,0.104764,-0.0341344,-0.000586707,-0.232336,-0.181695
0,1,1,1,0.6,-0.025,-0.25,0.279775,-0.230219,0.00195216,0.0409993,-0.196832,-0.296381,0.267718,-0.278009,0.10769,0.264816,-0.0411577,-0.309625
0,0.8,1,1.5,0.8,-0.025,-0,-0.276093,0.0700503,-0.0878465,0.0790304,0.029373,-0.367873,-0.225767,-0.0879099,-0.0567757,0.00175609,-0.0524217,0.076282
0,0.8,1,1.5,0.8,-0.025,-0.25,-0.0463694,-0.128009,0.196986,-0.0328784,-0.374855,-0.26526,-0.057559,-0.177827,-0.18096,0.0633288,-0.105101,0.192175
0,0.8,2,0.75,0.4,-0,-0,0.0100467,-0.118454,-0.211073,-0.0753397,-0.273992,0.0304047,-0.253398,0.0155522,-0.112059,-0.0255752,-0.0248291,-0.114251
0,0.8,2,0.75,0.4,-0,-0.25,0.290105,-0.396103,-0.226001,0.185494,-0.343683,-0.369282,-0.0190775,-0.0686558,-0.064279,0.0218701,-0.00368272,-0.235776
0,0.8,2,0.75,0.4,-0.025,-0,0.541134,-0.205266,-0.192416,0.0219496,-0.360618,-0.391245,-0.140937,-0.162325,0.125259,-0.0398147,0.140435,-0.365101
0,0.8,2,0.75,0.4,-0.025,-0.25,0.0978905,-0.402566,0.0794113,0.162588,-0.450224,-0.132456,0.240574,0.0356008,-0.00462653,-0.0186743,-0.299105,-0.241043
0,0.8,2,0.75,0.6,-0,-0,-0.247373,-0.386317,0.118913,0.09707,0.477599,-0.977939,0.204807,0.105066,0.246874,-0.314432,-0.283413,-0.703477
0,0.8,2,0.75,0.6,-0,-0.25,-0.0589749,-0.226265,-0.559831,0.152372,-0.067163,0.0283067,-0.519861,-0.115328,-0.234595,0.301051,0.0631002,-0.0153102
0,0.8,2,0.75,0.6,-0.025,-0,0.129068,-0.431872,-0.227824,0.0172701,-0.362162,-0.0581258,0.209437,0.00897621,-0.0803148,0.296434,-0.192679,-0.536203
0,0.8,2,0.75,0.6,-0.025,-0.25,-0.0510845,-0.211938,-0.541291,0.141732,-0.0658965,-0.0150069,-0.517415,-0.133767,-0.233261,0.268542,0.0494837,0.00846295
0,1,1,0.75,0.4,-0.025,-0,-0.126012,0.153728,-0.483381,0.413296,-0.176329,-0.0102181,0.636622,-0.00108705,0.0841612,0.209991,-0.204644,-0.411577
0,1,1,1,0.8,-0,-0,-0.0702408,0.13485,-0.0151222,-0.0626755,-0.418435,-0.0702834,-0.0931854,0.0170384,-0.0047421,-0.20033,0.0322641,-0.31121
0,0.8,2,0.75,0.8,-0,-0,0.407667,-0.488519,0.0353853,0.00887615,-0.0895221,-0.449268,0.0458194,-0.140919,-0.192658,-0.0146948,-0.300638,-0.0885982
0,0.8,2,0.75,0.8,-0,-0.25,0.116583,-0.678238,-0.129477,0.308353,0.0511374,-0.48354,-0.382291,-0.159426,-0.117294,0.0958723,-0.174705,-0.0137716
0,0.8,2,0.75,0.8,-0.025,-0,0.411323,-0.480867,0.0416404,0.00798533,-0.0918319,-0.458264,0.0570557,-0.142311,-0.190384,-0.0132006,-0.303799,-0.0944074
0,0.8,2,0.75,0.8,-0.025,-0.25,-0.00856845,0.309031,-0.626972,0.800834,-0.681735,-0.162504,-0.388788,-0.159355,-0.0140179,0.190891,-0.212612,-0.137184
0,0.8,2,1,0.4,-0,-0,0.0477742,-0.296383,-0.298784,0.15748,0.173222,-0.000774883,0.141484,-0.0594159,-0.130248,0.228402,-0.0114998,-0.211742
0,0.8,2,1,0.4,-0,-0.25,-0.144714,-0.210666,-0.367209,0.00059506,0.0915025,0.227993,-0.245086,0.0601461,-0.222089,-0.0504771,-0.0729984,0.0652159
0,0.8,2,1,0.4,-0.025,-0,0.1035,-0.20085,-0.153991,-0.0860977,-0.103892,0.00641619,-0.102898,-0.122872,0.0636047,0.157532,-0.0801583,-0.221789
0,0.8,2,1,0.4,-0.025,-0.25,-0.0140674,-0.208975,-0.422813,-0.311376,-0.0178115,0.00447966,-0.0251992,0.144508,-0.130714,-0.0159875,-0.264422,-0.152335
0,0.8,2,1,0.6,-0,-0,-0.178985,-0.0678123,-0.179896,-0.0225805,0.0618003,-0.0812987,-0.127208,-0.0661384,0.0253702,-0.0379928,-0.0656414,-0.0847259
0,0.8,2,1,0.6,-0,-0.25,-0.533179,-0.206672,-0.101846,0.100683,-0.489545,0.064731,-0.196734,-0.0428605,-0.211222,-0.0421385,-0.12453,0.0211087
0,1,1,1,0.8,-0,-0.25,-0.414973,-0.0343548,-0.117634,0.0521245,-0.145712,-0.0890753,-0.318719,-0.204433,-0.301959,-0.0170514,0.25968,-0.0556341
0,0.8,2,1,0.6,-0.025,-0,-0.177132,0.122552,-0.288757,0.304499,-0.18393,-0.321214,0.07065,0.281533,0.00832009,-0.0172305,-0.459062,-0.409113
0,0.8,2,1,0.6,-0.025,-0.25,-0.109666,-0.22413,-0.670627,-0.124844,0.0822298,0.449832,0.0987471,-0.302888,-0.106324,-0.0269809,0.041845,0.101987
0,0.8,2,1,0.8,-0,-0,-0.0654273,-0.300692,-0.0735781,-0.177518,-0.213636,-0.00135427,0.120488,-0.371215,-0.0372813,-0.0977225,0.123871,-0.000555619
0,0.8,2,1,0.8,-0,-0.25,0.0530073,-0.177949,-0.503658,-0.0928835,-0.0359089,0.247099,-0.230211,-0.136914,0.0284264,0.274451,-0.379383,-0.0783447
0,0.8,2,1,0.8,-0.025,-0,-0.212722,0.130906,-0.037082,0.303042,-0.538076,-0.35211,-0.384808,-0.0527163,-0.409471,0.371097,-0.100482,0.168465
0,0.8,2,1,0.8,-0.025,-0.25,0.117431,-0.327289,-0.377283,0.450517,-0.196543,0.0895455,-0.15177,-0.161312,-0.0469942,-0.00642137,-0.277971,0.109682
0,0.8,2,1.25,0.4,-0,-0,-0.0470347,-0.153242,0.00898217,0.0163964,-0.0506422,-0.166463,-0.0300775,-0.0578625,-0.142036,0.129052,-0.0351042,0.04846
0,0.8,2,1.25,0.4,-0,-0.25,0.0815877,-0.192738,-0.261661,-0.10969,0.0668327,-0.00833196,-0.00200417,0.00799826,-0.0930282,-0.05288,0.0470256,-0.190678
0,0.8,2,1.25,0.4,-0.025,-0,-0.0470347,-0.153242,0.00898217,0.0163964,-0.0506422,-0.166463,-0.0300775,-0.0578625,-0.142036,0.129052,-0.0351042,0.04846
0,0.8,2,1.25,0.4,-0.025,-0.25,0.0598057,0.170311,-0.186432,-0.11916,-0.405317,-0.0875772,-0.224319,0.0332787,-0.0995818,0.227335,-0.154311,0.0169143
0,1,1,1,0.8,-0.025,-0,-0.0812268,-0.0986449,-0.181231,-0.0953451,-0.244437,-0.0197403,-0.049874,0.0335766,-0.0551422,-0.00282081,-0.342389,0.111398
0,0.8,2,1.25,0.6,-0,-0,-0.237119,-0.28993,-0.236957,0.130629,-0.0823209,0.0797066,-0.015183,0.0169676,-0.173878,0.0507357,-0.178752,-0.0473846
0,0.8,2,1.25,0.6,-0,-0.25,-0.276093,0.0700503,-0.0878465,0.0790304,0.029373,-0.367873,-0.225767,-0.0879099,-0.0567757,0.00175609,-0.0524217,0.076282
0,0.8,2,1.25,0.6,-0.025,-0,-0.328642,-0.0936427,-0.0750829,-0.00149656,-0.131318,-0.121931,0.38673,-0.0739824,-0.247491,-0.220206,-0.0517024,0.0152381
0,0.8,2,1.25,0.6,-0.025,-0.25,-0.0357464,-0.0483886,-0.037422,-0.0987824,-0.305884,-0.26498,-0.0374743,-0.221017,-0.131419,-0.0705308,0.324296,-0.129645
0,0.8,2,1.25,0.8,-0,-0,0.0921404,-0.0202748,-0.261359,0.0486163,-0.0846145,0.0699888,-0.0874268,-0.135275,-0.0848383,-0.0240773,0.0104996,-0.0171793
0,0.8,2,1.25,0.8,-0,-0.25,-0.0602463,-0.0296881,-0.323217,0.171203,-0.251219,0.0986074,0.0161791,-0.202052,-0.295932,-0.0206724,-0.135993,0.288658
0,0.8,2,1.25,0.8,-0.025,-0,-0.236358,-0.266198,0.0436627,-0.169403,-0.0493358,-0.0819579,0.167341,-0.0151059,-0.112382,-0.220461,-0.153674,-0.0492629
0,0.8,2,1.25,0.8,-0.025,-0.25,0.0565919,-0.0782412,0.0217719,-0.0582146,-0.164155,-0.370548,-0.0801072,-0.247665,0.115007,0.190208,-0.187477,-0.170171
0,0.8,2,1.5,0.4,-0,-0,-0.0470347,-0.153242,0.00898217,0.0163964,-0.0506422,-0.166463,-0.0300775,-0.0578625,-0.142036,0.129052,-0.0351042,0.04846
0,0.8,2,1.5,0.4,-0,-0.25,0.087018,-0.281684,0.024818,0.174448,-0.230515,-0.0756583,-0.100637,-0.289151,0.109799,0.00227325,0.286766,-0.191699
0,1,1,1,0.8,-0.025,-0.25,0.201149,0.0289853,-0.209988,0.0769218,-0.166851,-0.33924,-0.409723,8.88745e-05,-0.0801791,0.217812,-0.246378,-0.031859
0,0.8,2,1.5,0.4,-0.025,-0,-0.00357524,-0.120446,-0.164191,0.0103325,-0.0199135,-0.0141427,0.0254512,-0.085989,-0.03197,0.0633423,-0.0156368,-0.0381666
0,0.8,2,1.5,0.4,-0.025,-0.25,-0.274168,-0.0934486,0.193289,-0.123634,-0.191714,-0.266318,-0.131294,0.0072322,0.0579989,-0.0770583,-0.0510856,-0.0390594
0,0.8,2,1.5,0.6,-0,-0,-0.276093,0.0700503,-0.0878465,0.0790304,0.029373,-0.367873,-0.225767,-0.0879099,-0.0567757,0.00175609,-0.0524217,0.076282
0,0.8,2,1.5,0.6,-0,-0.25,-0.0123482,0.00806854,-0.285819,0.0828037,0.106175,-0.249367,0.111185,-0.121386,0.0224719,-0.0050283,-0.05292,-0.086103
0,0.8,2,1.5,0.6,-0.025,-0,-0.276093,0.0700503,-0.0878465,0.0790304,0.029373,-0.367873,-0.225767,-0.0879099,-0.0567757,0.00175609,-0.0524217,0.076282
0,0.8,2,1.5,0.6,-0.025,-0.25,0.0373299,-0.207245,-0.272869,0.199142,-0.0289356,-0.0181319,-0.216378,-0.128563,-0.280064,0.23256,0.144907,0.0585364
0,0.8,2,1.5,0.8,-0,-0,-0.107868,-0.12022,-0.187196,-0.0708639,0.112093,-0.114038,-0.0170713,-0.213902,-0.0232601,0.100523,0.0191905,-0.195249
0,0.8,2,1.5,0.8,-0,-0.25,-0.0568772,-0.127943,-0.105575,-0.000189166,-0.0582896,-0.121338,-0.0714454,-0.0470822,-0.33769,-0.145752,0.184957,-0.00776722
0,0.8,2,1.5,0.8,-0.025,-0,-0.195023,0.130364,-0.456297,0.0711117,-0.350689,0.381948,-0.386125,-0.108983,-0.16405,0.240632,-0.119156,0.130736
0,0.8,2,1.5,0.8,-0.025,-0.25,-0.0588932,-0.128026,-0.104277,0.00194123,-0.059863,-0.125939,-0.0754955,-0.0466217,-0.339307,-0.1434,0.189503,-0.0096749
0,1,1,1.25,0.4,-0,-0,0.0485633,0.0146964,-0.029806,0.106179,-0.130755,-0.189361,0.219377,-0.0697519,-0.162961,-0.0444049,-0.0365879,0.0522392
0,0.8,4,0.75,0.4,-0,-0,-0.0603478,-0.247451,-0.447764,0.296519,-0.293664,0.0940954,0.326802,-0.0560405,-0.150466,-0.0113068,-0.10599,-0.0786742
0,0.8,4,0.75,0.4,-0,-0.25,0.260049,-0.281198,-0.259179,0.174597,-0.231044,-0.411091,-0.276317,-0.0175665,0.120688,-0.222637,-0.0350633,-0.279789
0,0.8,4,0.75,0.4,-0.025,-0,-0.0603478,-0.247451,-0.447764,0.296519,-0.293664,0.0940954,0.326802,-0.0560405,-0.150466,-0.0113068,-0.10599,-0.0786742
0,0.8,4,0.75,0.4,-0.025,-0.25,0.260049,-0.281198,-0.259179,0.174597,-0.231044,-0.411091,-0.276317,-0.0175665,0.120688,-0.222637,-0.0350633,-0.279789
0,0.8,4,0.75,0.6,-0,-0,0.0192291,-0.224509,-0.644501,0.0799985,-0.157412,-0.12397,-0.106573,-0.241083,-0.195209,0.114049,0.296725,-0.162076
0,0.8,4,0.75,0.6,-0,-0.25,-0.444449,-0.0146838,-0.607326,-0.0878213,-0.161205,-0.170961,-0.349358,-0.193601,-0.0272278,0.337737,-0.27199,-0.0358863
0,0.8,4,0.75,0.6,-0.025,-0,0.707064,0.00451357,-0.727476,0.249351,-0.168261,-0.0846064,-0.461105,0.0810981,-0.237995,-0.0299046,-0.18089,0.0888428
0,0.8,4,0.75,0.6,-0.025,-0.25,-0.444449,-0.0146838,-0.607326,-0.0878213,-0.161205,-0.170961,-0.349358,-0.193601,-0.0272278,0.337737,-0.27199,-0.0358863
0,0.8,4,0.75,0.8,-0,-0,-0.713234,-0.121813,-0.411755,0.0226813,0.0219977,-0.249282,0.458307,-0.125891,0.154391,-0.45638,-0.0227926,-0.641704
0,0.8,4,0.75,0.8,-0,-0.25,0.0654871,-0.717928,-0.180652,0.01244,0.522685,-0.387991,-0.0476021,0.136185,-0.397478,-0.200347,-0.194451,0.110133
0,1,1,1.25,0.4,-0,-0.25,-0.0793662,-0.120649,-0.029698,-0.0679413,-0.0227921,-0.069858,-0.182738,-0.0984282,-0.149122,0.0505978,0.0966482,0.0624976
0,0.8,4,0.75,0.8,-0.025,-0,0.0523137,-0.111535,-0.198222,-0.0312293,-0.14076,-0.248896,-0.211896,-0.166846,-0.108917,0.200341,-0.00841084,-0.140619
0,0.8,4,0.75,0.8,-0.025,-0.25,-0.109604,-0.263238,0.140572,0.384405,-0.727444,-0.03549,-0.0200055,-0.0934412,-0.27038,-0.156554,-0.156154,0.123603
0,0.8,4,1,0.4,-0,-0,-0.0580385,0.0324314,-0.273106,-0.0553424,-0.132562,-0.159545,-0.00288468,-0.0605355,-0.197897,0.140683,-0.0981606,0.156565
0,0.8,4,1,0.4,-0,-0.25,-0.113737,-0.0890838,-0.311021,-0.183763,-0.110036,-0.0507369,-0.270411,-0.0409329,-0.00900694,0.147928,0.0309045,-0.241164
0,0.8,4,1,0.4,-0.025,-0,0.218893,0.395929,-0.279629,0.203157,-0.829536,-0.473053,0.15722,-0.0220769,-0.134009,-0.284721,-0.0723905,0.0237627
0,0.8,4,1,0.4,-0.025,-0.25,-0.0220119,-0.00114405,-0.358002,-0.100046,-0.104683,-0.137964,-0.173354,0.123446,-0.0303034,0.0252072,-0.0420359,-0.209362
0,0.8,4,1,0.6,-0,-0,-0.267669,-0.12538,-0.0108182,0.153296,-0.3109,-0.346417,0.329131,-0.12563,-0.217405,0.208223,-0.168188,-0.0175122
0,0.8,4,1,0.6,-0,-0.25,-0.0603478,-0.247451,-0.447764,0.296519,-0.293664,0.0940954,0.326802,-0.0560405,-0.150466,-0.0113068,-0.10599,-0.0786742
0,0.8,4,1,0.6,-0.025,-0,-0.0603478,-0.247451,-0.447764,0.296519,-0.293664,0.0940954,0.326802,-0.0560405,-0.150466,-0.0113068,-0.10599,-0.0786742
0,0.8,4,1,0.6,-0.025,-0.25,-0.151061,-0.340031,-0.382987,0.25986,0.0617725,-0.232562,-0.183925,-0.115398,-0.0031225,-0.242486,0.0121156,-0.0395585
0,1,1,1.25,0.4,-0.025,-0,-0.218129,0.232138,-0.0730193,-0.113307,-0.328459,-0.02187,-0.237579,-0.0227731,-0.164932,-0.075165,0.0791997,0.0324042
0,0.8,4,1,0.8,-0,-0,-0.161042,-0.41003,-0.0826751,0.19342,-0.10858,-0.254133,0.000151355,0.00194406,0.0123041,-0.0063434,-0.335205,-0.301952
0,0.8,4,1,0.8,-0,-0.25,-0.161042,-0.41003,-0.0826751,0.19342,-0.10858,-0.254133,0.000151355,0.00194406,0.0123041,-0.0063434,-0.335205,-0.301952
0,0.8,4,1,0.8,-0.025,-0,-0.561325,-0.189166,0.0410711,0.190516,-0.24815,-0.263998,0.168106,-0.259726,-0.182052,0.171541,-0.0581716,-0.156485
0,0.8,4,1,0.8,-0.025,-0.25,0.381553,0.172289,-0.408667,0.496494,-0.586186,-0.517976,-0.411469,-0.0528548,-0.249499,0.0953876,0.0088036,0.0450465
0,0.8,4,1.25,0.4,-0,-0,-0.0215372,-0.106776,0.0739995,-0.0191298,-0.249903,-0.12447,0.221007,-0.156803,-0.0573043,0.36507,-0.0466076,-0.0881166
0,0.8,4,1.25,0.4,-0,-0.25,-0.0658291,-0.159379,-0.168648,0.0232326,-0.0430508,0.0426259,-0.217259,-0.0232139,-0.0096274,-0.109453,-0.0408774,-0.0105198
0,0.8,4,1.25,0.4,-0.025,-0,-0.0809736,-0.124621,-0.218099,-0.0719518,-0.164173,0.0173079,0.0324782,-0.0366409,-0.0803184,0.0616116,-0.0278351,-0.0434552
0,0.8,4,1.25,0.4,-0.025,-0.25,-0.0521616,-0.0479608,-0.0477967,0.381769,-0.378963,-0.324444,-0.161103,-0.0693605,0.043112,0.0460595,0.155391,-0.412957
0,0.8,4,1.25,0.6,-0,-0,-0.0458355,-0.266338,-0.229027,0.0608039,-0.1867,0.171164,-0.158434,-0.0564647,0.0833638,0.0347543,-0.0290558,-0.240583
0,0.8,4,1.25,0.6,-0,-0.25,0.0210123,0.0389447,-0.0915755,0.142546,-0.1661,-0.401164,-0.311858,0.18254,-0.0723449,0.185484,-0.0262589,-0.348674
0,1,1,1.25,0.4,-0.025,-0.25,-0.179565,-0.0907884,-0.0343146,-0.111281,-0.0663406,-0.0535043,-0.190898,-0.0410988,-0.122057,0.0101516,0.00677164,-0.0251236
0,0.8,4,1.25,0.6,-0.025,-0,0.0340527,-0.180931,-0.00312982,-0.0640025,-0.0193107,-0.210912,-0.195035,-0.122215,0.0648936,-0.0265477,0.0462897,-0.16646
0,0.8,4,1.25,0.6,-0.025,-0.25,0.00729564,-0.0377621,-0.307625,0.188632,-0.248745,-0.149021,-0.10407,0.186725,-0.135897,-0.0936636,-0.173414,-0.0760523
0,0.8,4,1.25,0.8,-0,-0,0.146016,-0.0262756,-0.272631,0.042124,-0.00773739,-0.172991,0.0117401,-0.0462083,-0.174741,0.0288722,0.0666862,-0.113493
0,0.8,4,1.25,0.8,-0,-0.25,-0.16974,-0.0352599,-0.286351,0.167439,-0.260057,-0.173093,0.143482,0.00469402,-0.0619406,-0.0358083,-0.120448,-0.157296
0,0.8,4,1.25,0.8,-0.025,-0,-0.0390247,-0.441257,0.0409885,-0.153702,0.0281319,-0.529289,-0.525119,0.0777303,-0.251857,-0.163977,0.0403525,-0.0110235
0,0.8,4,1.25,0.8,-0.025,-0.25,0.391824,-0.0590992,-0.47368,0.318891,0.0189106,-0.319971,-0.496457,-0.303563,0.0346501,0.402258,0.246826,-0.327237
0,0.8,4,1.5,0.4,-0,-0,0.0512146,-0.22256,-0.103833,0.00354509,-0.207167,-0.0645879,-0.00383471,0.102271,0.056116,0.0310439,-0.0687851,-0.271518
0,0.8,4,1.5,0.4,-0,-0.25,0.17703,-0.238301,0.107435,0.142557,-0.424868,-0.227577,0.186741,-0.0265085,0.116108,-0.213861,0.0894592,-0.336445
0,0.8,4,1.5,0.4,-0.025,-0,0.117729,-0.118714,-0.267852,0.176651,-0.186572,-0.0741137,-0.0784925,-0.113271,-0.0927353,0.0982941,0.169345,-0.145837
0,0.8,4,1.5,0.4,-0.025,-0.25,0.105618,-0.34783,0.00828337,-0.0592857,-0.00120831,-0.210082,-0.202266,-0.050246,-0.231308,-0.00094822,0.111107,-0.0311875
0,1,1,1.25,0.6,-0,-0,-0.0307835,-0.160417,-0.168132,-0.260366,-0.0105025,-0.028171,-0.0127037,0.298088,-0.121852,0.0637002,-0.311525,-0.0850665
0,0.8,4,1.5,0.6,-0,-0,-0.10796,-0.00685034,0.0836402,0.00829642,-0.300108,-0.0768385,0.0147803,-0.0403767,-0.15586,-0.0650659,-0.000240715,-0.0744489
0,0.8,4,1.5,0.6,-0,-0.25,-0.0788456,0.137506,-0.155585,-0.0036011,-0.195801,-0.153813,-0.00562323,-0.061679,-0.0109786,-0.0863803,-0.0220134,-0.144648
0,0.8,4,1.5,0.6,-0.025,-0,-0.0419644,-0.0682266,-0.23433,0.117932,-0.281594,-0.0805732,-0.00338519,-0.157024,-0.140993,0.121288,0.0863668,-0.108884
0,0.8,4,1.5,0.6,-0.025,-0.25,0.105618,-0.34783,0.00828337,-0.0592857,-0.00120831,-0.210082,-0.202266,-0.050246,-0.231308,-0.00094822,0.111107,-0.0311875
0,0.8,4,1.5,0.8,-0,-0,0.279003,-0.27466,-0.332389,0.278045,-0.347403,0.128817,-0.375138,-0.364701,0.489356,0.151961,0.168627,-0.605181
0,0.8,4,1.5,0.8,-0,-0.25,-0.00281323,-0.0988862,-0.0328686,0.190639,-0.253329,-0.102706,-0.0976681,-0.148325,0.0222897,0.0156853,0.0304458,-0.187374
0,0.8,4,1.5,0.8,-0.025,-0,-0.0689865,-0.190375,-0.0678372,-0.0609233,-0.0862647,-0.219385,-0.485267,0.0100237,-0.145444,0.243315,-0.211455,-0.00926538
0,0.8,4,1.5,0.8,-0.025,-0.25,0.26243,-0.141611,-0.119478,0.778157,-0.478554,-0.793402,-0.222213,-0.106609,0.0282763,-0.01803,0.0392218,-0.250303
0,1.2,1,0.75,0.4,-0,-0,0.101476,-0.212778,-0.361704,0.325287,-0.113075,-0.0457746,-0.241428,-0.218026,-0.366984,0.249608,0.16254,-0.214407
0,1.2,1,0.75,0.4,-0,-0.25,0.180331,-0.892103,-0.346637,0.371631,0.160526,-0.0349517,0.258875,-0.356535,0.143902,0.364867,-0.00519658,-0.36038
0,1,1,1.25,0.6,-0,-0.25,-0.012911,0.210352,-0.209376,0.164515,-0.219619,-0.151171,-0.248909,0.144147,-0.156965,-8.41542e-05,-0.210177,-0.00774577
0,1.2,1,0.75,0.4,-0.025,-0,0.0411772,0.338675,-0.0342919,-0.0119582,-0.446517,-0.48058,-0.405744,-0.0804435,0.0630875,0.204306,0.0508408,-0.360129
0,1.2,1,0.75,0.4,-0.025,-0.25,-0.115207,-0.176636,-0.512165,0.125471,-0.17432,-0.0954199,-0.842635,0.063616,0.285946,0.145076,-0.114423,-0.224018
0,1.2,1,0.75,0.6,-0,-0,0.0411772,0.338675,-0.0342919,-0.0119582,-0.446517,-0.48058,-0.405744,-0.0804435,0.0630875,0.204306,0.0508408,-0.360129
0,1.2,1,0.75,0.6,-0,-0.25,0.0411772,0.338675,-0.0342919,-0.0119582,-0.446517,-0.48058,-0.405744,-0.0804435,0.0630875,0.204306,0.0508408,-0.360129
0,1.2,1,0.75,0.6,-0.025,-0,-0.195666,-0.0418379,-0.0803334,0.137314,-0.241042,-0.372052,-0.238639,-0.287442,-0.476391,0.505495,0.138855,-0.077303
0,1.2,1,0.75,0.6,-0.025,-0.25,0.0411772,0.338675,-0.0342919,-0.0119582,-0.446517,-0.48058,-0.405744,-0.0804435,0.0630875,0.204306,0.0508408,-0.360129
0,1.2,1,0.75,0.8,-0,-0,-0.145359,0.00199322,-0.193015,0.293691,-0.240765,-0.289611,-0.053524,0.0647898,0.0976446,0.0393786,-0.153607,-0.361815
0,1.2,1,0.75,0.8,-0,-0.25,-0.0280453,0.0207297,-0.211177,-0.235192,-0.401192,-0.171228,-0.455559,0.154932,0.0679456,0.11159,-0.321877,-0.267561
0,1.2,1,0.75,0.8,-0.025,-0,-0.0280453,0.0207297,-0.211177,-0.235192,-0.401192,-0.171228,-0.455559,0.154932,0.0679456,0.11159,-0.321877,-0.267561
0,1.2,1,0.75,0.8,-0.025,-0.25,-0.0280453,0.0207297,-0.211177,-0.235192,-0.401192,-0.171228,-0.455559,0.154932,0.0679456,0.11159,-0.321877,-0.267561
0,1,1,0.75,0.4,-0.025,-0.25,0.0701345,0.165585,-0.0708254,0.231615,-0.425106,-0.411184,-0.560923,0.198043,-0.181427,0.508581,-0.269928,-0.0525514
0,1,1,1.25,0.6,-0.025,-0,-0.246417,-0.126935,-0.179577,-0.00301377,-0.0942665,-0.0230963,0.114158,-0.319924,-0.0683758,0.0590372,-0.0502686,-0.0773765
0,1.2,1,1,0.4,-0,-0,0.101476,-0.212778,-0.361704,0.325287,-0.113075,-0.0457746,-0.241428,-0.218026,-0.366984,0.249608,0.16254,-0.214407
0,1.2,1,1,0.4,-0,-0.25,-0.0551449,0.244656,-0.295131,-0.0165904,-0.165111,-0.204641,-0.0838962,-0.0910136,-0.0452107,0.238531,-0.128025,-0.128247
0,1.2,1,1,0.4,-0.025,-0,0.13752,-0.0551638,0.166602,0.230782,-0.442289,-0.33704,0.0359271,-0.0766625,0.000836075,0.0684566,-0.234527,0.00591692
0,1.2,1,1,0.4,-0.025,-0.25,0.118677,-0.0497798,0.159384,0.235979,-0.407366,-0.352072,0.0496438,-0.0800642,-0.00300312,0.0593666,-0.256574,-0.0146163
0,1.2,1,1,0.6,-0,-0,0.101476,-0.212778,-0.361704,0.325287,-0.113075,-0.0457746,-0.241428,-0.218026,-0.366984,0.249608,0.16254,-0.214407
0,1.2,1,1,0.6,-0,-0.25,-0.00618287,-0.00872259,-0.12914,-0.0383553,-0.165823,-0.454879,0.098978,-0.0524878,-0.033575,0.0880319,-0.2166,-0.137213
0,1.2,1,1,0.6,-0.025,-0,0.101476,-0.212778,-0.361704,0.325287,-0.113075,-0.0457746,-0.241428,-0.218026,-0.366984,0.249608,0.16254,-0.214407
0,1.2,1,1,0.6,-0.025,-0.25,-0.213157,-0.347717,0.157599,0.991257,-0.110176,-0.389802,-0.62541,0.144754,0.110525,0.870053,-0.23811,-0.238674
0,1.2,1,1,0.8,-0,-0,0.101476,-0.212778,-0.361704,0.325287,-0.113075,-0.0457746,-0.241428,-0.218026,-0.366984,0.249608,0.16254,-0.214407
0,1.2,1,1,0.8,-0,-0.25,0.101476,-0.212778,-0.361704,0.325287,-0.113075,-0.0457746,-0.241428,-0.218026,-0.366984,0.249608,0.16254,-0.214407
0,1,1,1.25,0.6,-0.025,-0.25,0.0477826,-0.129845,-0.0538509,-0.0132405,-0.104471,-0.14465,-0.366491,0.157393,0.012009,0.0989621,-0.127127,-0.0971529
0,1.2,1,1,0.8,-0.025,-0,-0.815716,-0.175367,-0.0495962,0.104698,-0.0879827,-0.0559125,-0.267854,-0.251786,0.101483,0.216964,0.0121031,-0.335094
0,1.2,1,1,0.8,-0.025,-0.25,-0.263551,-0.369936,-0.464606,-0.102655,-0.158922,-0.191703,-0.694871,0.262837,0.0187177,0.297117,-0.182216,-0.248954
0,1.2,1,1.25,0.4,-0,-0,0.0193525,-0.07108,-0.137584,0.201131,-0.148221,-0.186409,-0.235959,0.042692,-0.189917,0.151341,-0.0444353,-0.107106
0,1.2,1,1.25,0.4,-0,-0.25,-0.0758265,0.185168,-0.0852064,-0.186644,-0.249732,-0.0601021,-0.230879,-0.170661,0.0142319,-0.042525,-0.00792931,-0.0605996
0,1.2,1,1.25,0.4,-0.025,-0,0.217462,0.282996,-0.145115,0.313236,-0.291198,-0.434461,-0.0906644,0.0352289,-0.230667,0.362621,-0.122933,-0.0179712
0,1.2,1,1.25,0.4,-0.025,-0.25,-0.0519654,-0.0423659,-0.131323,0.0221507,-0.242677,-0.0938155,0.00383061,0.0565275,-0.175119,0.0144488,0.0206801,-0.13875
0,1.2,1,1.25,0.6,-0,-0,-0.210948,0.00760008,-0.0469041,0.300376,-0.28713,0.0234947,-0.135852,0.335273,-0.134034,-0.109451,-0.205271,-0.154437
0,1.2,1,1.25,0.6,-0,-0.25,0.192398,-0.19442,0.0482713,0.170299,-0.182226,-0.337635,-0.2955,-0.107201,0.0842677,0.00354806,0.14224,-0.224469
0,1.2,1,1.25,0.6,-0.025,-0,-0.259452,0.0647597,-0.291704,-0.0983023,-0.118157,-0.213051,-0.0333117,-0.0744955,0.0366007,0.624985,0.0328095,-0.444063
0,1.2,1,1.25,0.6,-0.025,-0.25,0.0918517,-0.312185,-0.107762,0.319864,-0.365324,-0.0112009,0.141108,-0.0996343,0.244998,0.297024,-0.161393,-0.290468
0,1,1,1.25,0.8,-0,-0,-0.314912,-0.229845,-0.0903632,-0.25222,0.116625,-0.210756,-0.0897114,-0.175498,0.0906801,-0.0130268,-0.0431614,-0.246125
0,1.2,1,1.25,0.8,-0,-0,-0.19171,-0.137417,-0.0733637,0.157773,-0.0902653,-0.170387,0.108285,0.0115846,-0.0181841,0.179144,-0.0806797,-0.285693
0,1.2,1,1.25,0.8,-0,-0.25,0.0805092,0.154675,-0.2307,0.232125,-0.376393,-0.0501295,-0.190076,0.031848,-0.0229521,0.0233983,0.107329,-0.424859
0,1.2,1,1.25,0.8,-0.025,-0,0.101476,-0.212778,-0.361704,0.325287,-0.113075,-0.0457746,-0.241428,-0.218026,-0.366984,0.249608,0.16254,-0.214407
0,1.2,1,1.25,0.8,-0.025,-0.25,0.101476,-0.212778,-0.361704,0.325287,-0.113075,-0.0457746,-0.241428,-0.218026,-0.366984,0.249608,0.16254,-0.214407
0,1.2,1,1.5,0.4,-0,-0,0.0333005,-0.0557738,0.0023865,0.00851077,0.0598398,-0.286865,-0.0672982,0.200207,-0.202856,-0.0151204,-0.12217,-0.0555475
0,1.2,1,1.5,0.4,-0,-0.25,-0.0870666,-0.0853788,-0.0202827,0.232508,-0.223941,-0.0367345,0.0247275,0.0501203,-0.20732,0.0105398,0.0390566,-0.10734
0,1.2,1,1.5,0.4,-0.025,-0,0.465522,-0.450077,-0.151165,0.0852103,0.0903855,-0.177505,-0.268865,-0.0519574,-0.132325,0.486691,0.0431281,-0.112196
0,1.2,1,1.5,0.4,-0.025,-0.25,-0.191999,0.104513,0.101669,0.0259701,-0.0583807,-0.37711,-0.614634,0.0547135,-0.00617143,0.188021,-0.135788,0.0424703
0,1.2,1,1.5,0.6,-0,-0,-0.228579,-0.110301,0.0371584,-0.0759858,-0.149511,0.0279433,-0.175777,-0.049302,-0.156207,0.070751,-0.0130719,-0.0322029
0,1.2,1,1.5,0.6,-0,-0.25,-0.0386299,-0.016135,-0.0756869,-0.0456073,-0.0838091,-0.103121,0.160076,0.00663699,-0.224415,-0.0789666,-0.0911092,-0.0426667
0,1,1,1.25,0.8,-0,-0.25,-0.32621,-0.193198,0.241927,0.0929728,-0.111621,-0.26532,0.248143,-0.181278,0.0625518,-0.072312,-0.148434,-0.161841
0,1.2,1,1.5,0.6,-0.025,-0,-0.210948,0.00760008,-0.0469041,0.300376,-0.28713,0.0234947,-0.135852,0.335273,-0.134034,-0.109451,-0.205271,-0.154437
0,1.2,1,1.5,0.6,-0.025,-0.25,0.0221086,-0.246,-0.141509,-0.025107,-0.104362,-0.0753047,-0.127837,0.00922217,-0.0361602,-0.108643,0.0851821,-0.138883
0,1.2,1,1.5,0.8,-0,-0,-0.200515,0.0787859,0.0144454,0.0904769,-0.196644,-0.138988,-0.0858976,0.0396175,-0.300114,-0.00640306,-0.0534487,0.0033741
0,1.2,1,1.5,0.8,-0,-0.25,0.0692031,-0.10227,-0.0355164,0.0477731,-0.127938,-0.197026,-0.197556,0.0535581,-0.0699563,-0.147965,-0.0835167,-0.0536903
0,1.2,1,1.5,0.8,-0.025,-0,-0.0553667,-0.0377148,-0.203051,0.07988,-0.120728,-0.0510234,-0.0683464,0.0772762,-0.249291,0.057125,-0.065998,-0.0138205
0,1.2,1,1.5,0.8,-0.025,-0.25,0.192557,-0.0216664,-0.361705,-0.18045,0.0413459,-0.297981,0.389367,-0.0209512,-0.124829,-0.188608,0.00130345,-0.220983
0,1.2,2,0.75,0.4,-0,-0,0.169844,-0.0917834,-0.175285,0.438566,-0.441932,-0.296632,-0.118036,-0.0242245,-0.0491467,0.0407853,-0.0122961,-0.168085
0,1.2,2,0.75,0.4,-0,-0.25,-0.384985,0.0677709,-0.404188,0.62606,-0.154805,-0.247945,0.213122,-0.506465,0.311529,0.203204,0.124403,-0.536859
0,1.2,2,0.75,0.4,-0.025,-0,0.0641952,0.0498958,-0.0451428,-0.0252728,-0.266822,-0.417689,0.282518,-0.301364,0.0394054,0.0228883,-0.0261652,-0.242709
0,1.2,2,0.75,0.4,-0.025,-0.25,0.0641952,0.0498958,-0.0451428,-0.0252728,-0.266822,-0.417689,0.282518,-0.301364,0.0394054,0.0228883,-0.0261652,-0.242709
0,1,1,1.25,0.8,-0.025,-0,-0.403802,-0.0680437,-0.115087,0.0517628,-0.00999925,-0.0471032,-0.194106,-0.0414979,-0.148539,-0.00642557,-0.214943,0.125851
0,1.2,2,0.75,0.6,-0,-0,-0.515257,-0.0259639,0.264613,0.361683,-0.178038,-0.361135,0.220617,-0.110248,-0.197858,0.116123,-0.108574,-0.150673
0,1.2,2,0.75,0.6,-0,-0.25,0.101476,-0.212778,-0.361704,0.325287,-0.113075,-0.0457746,-0.241428,-0.218026,-0.366984,0.249608,0.16254,-0.214407
0,1.2,2,0.75,0.6,-0.025,-0,-0.462856,0.0730747,-0.126449,0.170318,-0.496612,-0.498902,-0.419097,-0.1709,-0.0990644,0.731517,0.0186024,-0.197368
0,1.2,2,0.75,0.6,-0.025,-0.25,0.275275,-0.454102,0.353485,-0.0253678,-0.705546,-0.343416,-0.400482,0.00607952,0.0291368,-0.0378264,0.0190964,-0.306887
0,1.2,2,0.75,0.8,-0,-0,-0.0280453,0.0207297,-0.211177,-0.235192,-0.401192,-0.171228,-0.455559,0.154932,0.0679456,0.11159,-0.321877,-0.267561
0,1.2,2,0.75,0.8,-0,-0.25,0.256201,0.0878111,-0.390041,0.372358,-0.662599,-0.0880899,-0.0938307,-0.315391,-0.151092,0.164254,0.0734544,-0.25224
0,1.2,2,0.75,0.8,-0.025,-0,-0.0280453,0.0207297,-0.211177,-0.235192,-0.401192,-0.171228,-0.455559,0.154932,0.0679456,0.11159,-0.321877,-0.267561
0,1.2,2,0.75,0.8,-0.025,-0.25,-0.0280453,0.0207297,-0.211177,-0.235192,-0.401192,-0.171228,-0.455559,0.154932,0.0679456,0.11159,-0.321877,-0.267561
0,1.2,2,1,0.4,-0,-0,0.122999,-0.506713,-0.39486,-0.0299655,-0.0331192,-0.00114462,-0.26523,-0.0986239,-0.221395,0.117824,0.0487599,-0.160672
0,1.2,2,1,0.4,-0,-0.25,0.0821691,-0.171993,-0.211336,-0.0457733,-0.127238,-0.0782224,-0.304454,0.277719,-0.105835,0.0605858,-0.204579,-0.24994
0,1,1,1.25,0.8,-0.025,-0.25,-0.270638,0.296648,-0.146082,-0.203223,-0.267574,-0.181085,-0.0152869,-0.0741958,-0.0562496,-0.0363937,-0.0734395,-0.208796
0,1.2,2,1,0.4,-0.025,-0,0.118677,-0.0497798,0.159384,0.235979,-0.407366,-0.352072,0.0496438,-0.0800642,-0.00300312,0.0593666,-0.256574,-0.0146163
0,1.2,2,1,0.4,-0.025,-0.25,-0.0829964,-0.348255,-0.236095,-0.27379,-0.0992769,-0.247028,0.20533,0.085369,-0.186166,-0.17847,-0.0624781,-0.10099
0,1.2,2,1,0.6,-0,-0,0.101476,-0.212778,-0.361704,0.325287,-0.113075,-0.0457746,-0.241428,-0.218026,-0.366984,0.249608,0.16254,-0.214407
0,1.2,2,1,0.6,-0,-0.25,0.101476,-0.212778,-0.361704,0.325287,-0.113075,-0.0457746,-0.241428,-0.218026,-0.366984,0.249608,0.16254,-0.214407
0,1.2,2,1,0.6,-0.025,-0,0.179302,-0.300677,-0.264098,-0.625758,-0.275102,-0.0321572,-0.174406,-0.374277,0.0849596,0.299845,0.13422,-0.240735
0,1.2,2,1,0.6,-0.025,-0.25,-0.691235,-0.253846,-0.277367,0.464941,-0.0560598,-0.251459,0.0911579,-0.400377,-0.0460602,-0.00968628,0.207691,-0.240444
0,1.2,2,1,0.8,-0,-0,0.281072,-0.712531,-0.568893,-0.202071,0.0231551,-0.0658585,-0.112591,-0.03424,-0.270939,0.0460557,-0.12668,-0.0014251
0,1.2,2,1,0.8,-0,-0.25,0.31461,-0.471664,-0.676264,-0.61369,-0.00431407,0.115117,-0.22381,-0.292021,0.325971,0.38274,-0.0437362,-0.490935
0,1.2,2,1,0.8,-0.025,-0,0.275275,-0.454102,0.353485,-0.0253678,-0.705546,-0.343416,-0.400482,0.00607952,0.0291368,-0.0378264,0.0190964,-0.306887
0,1.2,2,1,0.8,-0.025,-0.25,0.275275,-0.454102,0.353485,-0.0253678,-0.705546,-0.343416,-0.400482,0.00607952,0.0291368,-0.0378264,0.0190964,-0.306887
0,1,1,1.5,0.4,-0,-0,0.0117931,-0.0217584,-0.0185664,-0.105,-0.0114495,-0.0784623,0.0684029,-0.030757,0.0426388,-0.0668423,0.00187476,-0.0571911
0,1.2,2,1.25,0.4,-0,-0,0.0123138,-0.0899996,0.0353272,-0.00402442,-0.356861,-0.173369,-0.389864,0.0938228,-0.0861174,0.111533,0.149611,-0.32017
0,1.2,2,1.25,0.4,-0,-0.25,-0.0108822,-0.244115,-0.0688786,0.245971,-0.335006,-0.0776978,0.0239943,-0.000376203,-0.0297802,0.262996,-0.145846,-0.166136
0,1.2,2,1.25,0.4,-0.025,-0,0.232357,-0.168141,-0.0694252,0.161562,-0.405804,-0.11958,-0.949714,-0.0780735,0.292238,0.17821,0.140954,-0.315288
0,1.2,2,1.25,0.4,-0.025,-0.25,0.323882,0.12758,0.0464762,0.288176,-0.612625,-0.147025,-0.531912,-0.136405,-0.0249061,0.451733,0.222993,-0.269276
0,1.2,2,1.25,0.6,-0,-0,0.101476,-0.212778,-0.361704,0.325287,-0.113075,-0.0457746,-0.241428,-0.218026,-0.366984,0.249608,0.16254,-0.214407
0,1.2,2,1.25,0.6,-0,-0.25,-0.205716,-0.117205,-0.0978414,0.0673338,-0.226272,-0.141899,0.0600566,-0.0467761,0.236659,-0.0674133,-0.075306,-0.302653
0,1.2,2,1.25,0.6,-0.025,-0,-0.0829964,-0.348255,-0.236095,-0.27379,-0.0992769,-0.247028,0.20533,0.085369,-0.186166,-0.17847,-0.0624781,-0.10099
0,1.2,2,1.25,0.6,-0.025,-0.25,0.015142,0.00845848,-0.111435,0.111696,-0.274842,-0.215101,-0.0818615,-0.0639941,-0.0946246,0.10855,-0.0916752,-0.0202974
0,1.2,2,1.25,0.8,-0,-0,-0.0352149,-0.147067,-0.254391,-0.0147529,-0.14709,-0.124659,0.0573318,-0.129061,0.0831058,-0.0832298,-0.0247527,-0.232521
0,1.2,2,1.25,0.8,-0,-0.25,0.101476,-0.212778,-0.361704,0.325287,-0.113075,-0.0457746,-0.241428,-0.218026,-0.366984,0.249608,0.16254,-0.214407
0,1,1,1.5,0.4,-0,-0.25,0.0478889,-0.0845472,-0.0140818,0.0179911,-0.146164,-0.0238183,-0.210109,-0.0319176,-0.100639,0.0784954,-0.0346087,0.0399773
0,1.2,2,1.25,0.8,-0.025,-0,0.101476,-0.212778,-0.361704,0.325287,-0.113075,-0.0457746,-0.241428,-0.218026,-0.366984,0.249608,0.16254,-0.214407
0,1.2,2,1.25,0.8,-0.025,-0.25,-0.289781,-0.0609381,-0.104671,0.0528273,-0.0290678,-0.361745,-0.508143,0.0757147,-0.282904,-0.241473,0.147968,-0.0636205
0,1.2,2,1.5,0.4,-0,-0,0.229602,0.137224,-0.0405664,0.090833,-0.307236,-0.324727,0.163236,0.127561,0.0582676,0.0293255,-0.0792878,-0.234989
0,1.2,2,1.5,0.4,-0,-0.25,0.149583,-0.158437,-0.0467961,-0.073784,-0.106004,-0.246066,-0.00405472,-0.0899652,-0.0555439,0.0318122,0.129719,-0.278019
0,1.2,2,1.5,0.4,-0.025,-0,0.0209075,-0.0556202,-0.104698,0.134077,-0.150005,-0.0635301,-0.263543,-0.0510232,0.011565,0.24343,-0.101069,-0.0154971
0,1.2,2,1.5,0.4,-0.025,-0.25,-0.295327,-0.136089,-0.0861116,0.0988475,-0.0523485,-0.301947,0.289125,-0.0390505,0.107958,0.325771,-0.127262,-0.291029
0,1.2,2,1.5,0.6,-0,-0,-0.0281472,-0.238714,-0.106362,-0.0931672,-0.0324074,-0.0987417,-0.00293534,0.0178571,-0.0426444,0.015967,-0.0283688,-0.167791
0,1.2,2,1.5,0.6,-0,-0.25,0.192557,-0.0216664,-0.361705,-0.18045,0.0413459,-0.297981,0.389367,-0.0209512,-0.124829,-0.188608,0.00130345,-0.220983
0,1.2,2,1.5,0.6,-0.025,-0,0.192557,-0.0216664,-0.361705,-0.18045,0.0413459,-0.297981,0.389367,-0.0209512,-0.124829,-0.188608,0.00130345,-0.220983
0,1.2,2,1.5,0.6,-0.025,-0.25,0.594312,-0.228331,-0.19261,-0.259274,0.0109743,-0.276308,-0.311071,-0.233331,-0.0813609,0.0357346,0.206067,-0.199186
0,1,1,1.5,0.4,-0.025,-0,-0.462711,-0.0701099,0.0574646,-0.25419,0.0358703,-0.112844,-0.303137,-0.0352487,-0.257201,-0.153806,0.227773,0.0765281
0,1.2,2,1.5,0.8,-0,-0,0.101476,-0.212778,-0.361704,0.325287,-0.113075,-0.0457746,-0.241428,-0.218026,-0.366984,0.249608,0.16254,-0.214407
0,1.2,2,1.5,0.8,-0,-0.25,0.101476,-0.212778,-0.361704,0.325287,-0.113075,-0.0457746,-0.241428,-0.218026,-0.366984,0.249608,0.16254,-0.214407
0,1.2,2,1.5,0.8,-0.025,-0,0.166989,-0.267848,-0.0300115,0.0258186,-0.0792701,-0.244325,-0.0164995,-0.105202,-0.215634,0.271708,0.214548,-0.374908
0,1.2,2,1.5,0.8,-0.025,-0.25,-0.246798,-0.218474,0.0939368,-0.0160749,0.0238656,-0.378271,-0.778326,-0.00476425,-0.455657,-0.297302,0.282522,0.0440207
0,1.2,4,0.75,0.4,-0,-0,0.225003,-0.516989,0.183079,0.537462,0.134346,-0.636381,-0.395029,0.208008,0.0655859,0.00756791,0.0333474,-0.419165
0,1.2,4,0.75,0.4,-0,-0.25,-0.440462,0.0484285,0.00422735,0.0429169,-0.298786,-0.460611,0.198592,0.362103,-0.00456308,-0.463403,-0.303928,-0.255715
0,1.2,4,0.75,0.4,-0.025,-0,-0.0906241,0.199723,0.374581,-0.0775928,-0.760262,-0.471769,-0.433394,-0.0386178,0.116014,-0.173882,-0.107093,-0.0250387
0,1.2,4,0.75,0.4,-0.025,-0.25,0.242083,-0.294423,-0.28571,0.169735,-0.213965,-0.399476,-0.275782,-0.0403134,0.110551,-0.236606,-0.0201235,-0.261788
0,1.2,4,0.75,0.6,-0,-0,0.288576,-0.122417,-0.175387,0.326647,-0.159042,-0.482393,-0.226144,-0.18804,-0.25233,0.103268,0.157664,-0.224761
0,1.2,4,0.75,0.6,-0,-0.25,0.182337,-0.36868,0.177072,0.36861,-0.239265,-0.326753,-0.0562129,0.0698521,-0.0458826,0.210834,-0.147319,-0.273218
0,1,1,1.5,0.4,-0.025,-0.25,-0.151292,-0.00923949,-0.0940453,-0.0255363,-0.107131,-0.0778341,-0.108637,0.0180937,-0.112207,0.0472753,-0.092778,0.0833351
0,1.2,4,0.75,0.6,-0.025,-0,0.339645,-0.2635,-0.0469389,0.923242,-0.437408,-0.594081,-0.11143,0.0468123,-0.317002,0.452498,-0.10162,-0.246592
0,1.2,4,0.75,0.6,-0.025,-0.25,0.207417,-0.154921,-0.424797,0.239494,-0.585351,-0.222327,-0.078087,0.0423332,0.0623645,0.0117809,-0.108333,-0.439686
0,1.2,4,0.75,0.8,-0,-0,0.125206,-0.191032,-0.291741,0.187484,-0.511923,0.0288583,-0.392193,0.133241,-0.0963795,-0.0345412,-0.000147654,-0.266539
0,1.2,4,0.75,0.8,-0,-0.25,-0.350302,-0.107346,-0.507939,0.097216,-0.127461,-0.0870731,0.202807,0.153573,-0.0293864,-0.120903,0.00985867,-0.559261
0,1.2,4,0.75,0.8,-0.025,-0,-0.154802,-0.105509,-0.157695,0.201204,-0.315246,-0.499739,0.0556453,-0.213433,0.0217441,0.162295,-0.1153,-0.222058
0,1.2,4,0.75,0.8,-0.025,-0.25,-0.51799,-0.012985,0.122124,0.163469,-0.236473,-0.503103,-0.00509608,-0.333492,-0.0481903,0.0457187,0.106307,-0.18986
0,1.2,4,1,0.4,-0,-0,0.0307893,-0.183779,-0.155229,-0.197542,-0.0473399,-0.375533,0.0736185,-0.0411406,-0.111848,-0.0507116,-0.20384,-0.0773335
0,1.2,4,1,0.4,-0,-0.25,-0.36675,-0.3255,-0.656842,-0.25209,-0.00346721,0.10899,0.227558,0.0268776,0.0093956,0.0432571,0.0329399,-0.365314
0,1.2,4,1,0.4,-0.025,-0,-0.151057,-0.311926,-0.751031,0.237319,0.129725,-0.103728,-0.0553768,0.0732081,0.0703353,-0.0609572,-0.0282164,-0.250424
0,1.2,4,1,0.4,-0.025,-0.25,-0.0868828,-0.09221,-0.186969,0.259969,-0.173882,-0.262561,-0.0304068,-0.0372036,-0.292602,0.303409,-0.146822,-0.0678951
0,1,1,0.75,0.6,-0,-0,0.0411772,0.338675,-0.0342919,-0.0119582,-0.446517,-0.48058,-0.405744,-0.0804435,0.0630875,0.204306,0.0508408,-0.360129
0,1,1,1.5,0.6,-0,-0,-0.0563657,-0.139675,-0.210247,0.060434,0.127374,-0.264123,-0.0407117,0.145802,0.0381454,0.0766386,-0.0977612,-0.307161
0,1.2,4,1,0.6,-0,-0,0.0291061,-0.0614911,-0.166166,-0.0350611,-0.262573,-0.309724,0.111731,-0.113682,0.00965647,-0.295825,0.00601406,-0.329184
0,1.2,4,1,0.6,-0,-0.25,-0.672196,-0.274573,-0.648179,0.16021,-0.0310232,-0.20896,0.0542432,0.102028,-0.470133,-0.0391196,0.0797166,-0.169666
0,1.2,4,1,0.6,-0.025,-0,0.0868455,-0.0845577,-0.332011,0.117475,-0.397434,-0.140711,-0.0759013,-0.042773,-0.123611,0.148492,0.00148959,-0.119672
0,1.2,4,1,0.6,-0.025,-0.25,0.192939,-0.00737184,-0.0805348,0.307319,-0.620991,-0.168725,-0.137681,-0.0447725,0.137198,0.00987096,-0.0570958,-0.242249
0,1.2,4,1,0.8,-0,-0,-0.133603,-0.158975,0.125314,0.296091,0.0211065,-0.955104,0.764148,-0.302643,0.435044,-0.167084,0.0037045,-0.592255
0,1.2,4,1,0.8,-0,-0.25,-0.159851,-0.30735,-0.0244647,0.0635304,-0.0285462,-0.592957,-0.737638,-0.163989,-0.348089,0.0733077,0.233486,-0.0771702
0,1.2,4,1,0.8,-0.025,-0,0.0242672,0.0892732,-0.0477256,0.215339,-0.565235,-0.407707,-0.173493,-0.170022,0.22125,0.0810125,-0.27811,-0.225974
0,1.2,4,1,0.8,-0.025,-0.25,0.0525784,-0.363321,-0.0862475,-0.256148,-0.0202929,-0.436293,-0.201918,-0.119796,0.0622595,0.0355339,-0.0423026,-0.107057
0,1.2,4,1.25,0.4,-0,-0,-0.0673984,0.00913806,-0.353209,-0.0404338,-0.706998,-0.0284175,-0.013816,0.0350981,-0.231869,-0.0315039,-0.02728,-0.0549528
0,1.2,4,1.25,0.4,-0,-0.25,-0.0286658,-0.362893,-0.13591,-0.0544387,-0.139287,-0.0922046,0.142748,-0.125516,-0.339657,-0.0613696,0.112031,-0.067391
0,1,1,1.5,0.6,-0,-0.25,-0.0684216,-0.266504,-0.250777,-0.0962506,0.0916076,-0.0711766,0.0582542,0.062885,-0.215411,-0.0229551,-0.0213031,-0.08596
0,1.2,4,1.25,0.4,-0.025,-0,0.101476,-0.212778,-0.361704,0.325287,-0.113075,-0.0457746,-0.241428,-0.218026,-0.366984,0.249608,0.16254,-0.214407
0,1.2,4,1.25,0.4,-0.025,-0.25,-0.337197,-0.201614,-0.363693,0.273202,-0.139946,-0.0670021,0.154189,0.173713,-0.177169,0.0678202,0.00097844,-0.209546
0,1.2,4,1.25,0.6,-0,-0,-0.0488726,-0.0509889,-0.418386,-0.0375212,0.00207484,-0.414911,-0.163217,-0.0532459,0.218315,0.218689,-0.137067,-0.207356
0,1.2,4,1.25,0.6,-0,-0.25,-0.0849317,-0.329871,-0.276606,0.239878,-0.0413062,-0.339444,0.333908,-0.00374134,0.0404721,-0.134459,-0.107934,-0.251555
0,1.2,4,1.25,0.6,-0.025,-0,-0.0964154,0.180376,-0.0451219,0.391867,-0.382535,-0.275038,-0.0771863,0.0979883,-0.231996,0.0808571,0.011428,-0.278516
0,1.2,4,1.25,0.6,-0.025,-0.25,0.115513,-0.272078,0.11794,-0.00742824,-0.106942,-0.463666,-0.316717,-0.140837,-0.0209268,0.460211,-0.0917863,-0.190229
0,1.2,4,1.25,0.8,-0,-0,-0.339653,-0.023687,0.115005,0.302071,-0.449586,-0.594077,0.289351,-0.021886,-0.186382,0.0456438,0.0255182,-0.227945
0,1.2,4,1.25,0.8,-0,-0.25,-0.0554879,-0.0699861,-0.627358,0.153415,-0.254639,-0.25836,-0.115947,-0.30155,-0.253659,0.264619,0.128004,-0.147972
0,1.2,4,1.25,0.8,-0.025,-0,-0.0239741,-0.204146,-0.123497,0.165999,-0.0962941,-0.257869,0.211192,-0.0383587,-0.0511411,-0.0669113,-0.0898691,-0.147997
0,1.2,4,1.25,0.8,-0.025,-0.25,0.00954849,-0.458988,-0.0798857,0.344993,-0.411796,-0.209926,-0.37713,0.0935437,0.264749,0.0624521,-0.176262,-0.292452
0,1,1,1.5,0.6,-0.025,-0,-0.0120958,-0.0340881,0.0481044,-0.0481084,-0.261786,0.0223292,-0.0209379,-0.0159349,-0.124644,0.0470214,-0.0885204,0.00673935
0,1.2,4,1.5,0.4,-0,-0,-0.0767744,-0.0822399,-0.321276,-0.100137,0.0190321,-0.389392,0.173455,0.00243046,-0.177401,-0.0823898,0.0446559,-0.142085
0,1.2,4,1.5,0.4,-0,-0.25,-0.0153264,-0.0635263,-0.115579,0.0831561,-0.141354,-0.33149,-0.0452203,-0.027285,0.0211272,0.0242875,-0.0491439,-0.102707
0,1.2,4,1.5,0.4,-0.025,-0,0.159567,0.0820477,-0.363498,-0.02623,-0.29773,-0.164073,-0.0457938,-0.208759,-0.150084,0.0813476,0.234856,-0.221548
0,1.2,4,1.5,0.4,-0.025,-0.25,-0.746888,-0.221232,-0.346699,0.158686,-0.325746,-0.00269966,-0.164986,0.189162,0.192525,0.0516732,-0.0184457,-0.360816
0,1.2,4,1.5,0.6,-0,-0,-0.139991,-0.1982,-0.15031,-0.0641513,-0.248761,-0.135303,-0.0880839,-0.0499895,0.085498,0.0634044,0.00321036,-0.22789
0,1.2,4,1.5,0.6,-0,-0.25,0.466222,-0.454292,-0.166485,0.083696,-0.511588,-0.0680293,0.0252119,-0.0912959,0.00608432,0.0787335,-0.0269704,-0.142406
0,1.2,4,1.5,0.6,-0.025,-0,-0.131145,-0.328382,0.175748,0.16827,-0.00364354,-0.475947,-0.0703847,-0.431318,0.307494,-0.152773,0.0780053,-0.247947
0,1.2,4,1.5,0.6,-0.025,-0.25,0.174927,-0.334492,-0.119784,0.594237,-0.221192,-0.132413,-0.244683,0.0498548,-0.0304645,-0.0842106,0.0143955,-0.155954
0,1.2,4,1.5,0.8,-0,-0,0.306753,0.0393305,-0.0055303,0.256289,-0.391807,-0.620188,0.0422791,-0.29726,-0.107916,0.151347,0.119214,-0.0892227
0,1.2,4,1.5,0.8,-0,-0.25,-0.318727,-0.254124,-0.162508,0.233966,-0.323545,-0.0612612,-0.00830254,-0.0795922,0.0977372,-0.415353,0.10069,-0.298034
0,1,1,1.5,0.6,-0.025,-0.25,-0.037998,-0.0872292,-0.0190578,-0.0865852,-0.144039,-0.142279,-0.180203,-0.00200484,-0.140517,-0.140472,-0.0445399,0.03394
0,1.2,4,1.5,0.8,-0.025,-0,0.0779497,-0.305023,-0.0371948,-0.000133938,-0.283099,-0.338875,-0.0202974,0.00568681,-0.0379135,0.194061,0.00661378,-0.279472
0,1.2,4,1.5,0.8,-0.025,-0.25,-0.0648811,-0.307539,-0.158536,0.235691,0.0796364,-0.567964,-0.329107,0.146494,0.0238509,-0.121013,0.019107,-0.218933
0,1,1,1.5,0.8,-0,-0,0.00622709,-0.0170376,-0.0463668,-0.0146816,-0.0738786,-0.117086,0.0846845,-0.131953,-0.0976637,-0.101835,-0.000607237,-0.0508364
0,1,1,1.5,0.8,-0,-0.25,0.00213293,0.00762671,-0.16875,0.167889,-0.178428,-0.311296,-0.108502,0.00685514,-0.131882,-0.133155,-0.154824,0.0619402
0,1,1,1.5,0.8,-0.025,-0,-0.325985,-0.208297,-0.0960851,-0.00728016,-0.0685743,-0.0179568,-0.0785388,0.0523273,0.0727809,-0.0698151,-0.164832,-0.0712666
0,1,1,1.5,0.8,-0.025,-0.25,-0.0681485,-0.173835,-0.285124,-0.0373507,-0.0976663,0.107809,0.125193,0.0211981,-0.239648,-0.00946804,-0.238442,0.0244118
0,1,2,0.75,0.4,-0,-0,-0.025787,-0.149336,0.200034,0.0561162,-0.534758,0.0413937,-0.00538424,-0.370963,-0.0165421,0.196929,-0.102905,0.0592843
0,1,2,0.75,0.4,-0,-0.25,-0.140807,-0.083367,-0.102824,-0.118859,0.00784367,-0.376044,-0.00234679,-0.174881,-0.071482,-0.118257,0.137336,-0.237044
0,1,1,0.75,0.6,-0,-0.25,0.238061,-0.314877,0.271264,0.135145,-0.0394674,-0.636312,-1.02949,-0.100691,-0.0486156,0.165937,-0.0298659,-0.0506158
0,1,2,0.75,0.4,-0.025,-0,0.248093,-0.279062,-0.105729,-0.200721,-0.26276,-0.370319,-0.309415,-0.130917,-0.00579021,0.0587431,-0.131034,0.0527159
0,1,2,0.75,0.4,-0.025,-0.25,-0.120139,-0.0171009,-0.12464,0.120214,-0.317699,-0.0289974,0.0430454,-0.0501684,-0.297078,0.232838,-0.0638139,-0.021435
0,1,2,0.75,0.6,-0,-0,-0.122092,-0.0019272,0.158859,0.0878677,-0.340039,-0.192445,-0.0702023,-0.0553556,-0.0612803,0.0903977,-0.0747798,-0.12508
0,1,2,0.75,0.6,-0,-0.25,0.0550234,-0.000890046,-0.160454,-0.0599363,-0.205764,-0.128842,-0.260902,-0.000917447,-0.159951,0.123952,0.082543,-0.243188
0,1,2,0.75,0.6,-0.025,-0,0.0652642,0.324328,-0.0316029,-0.0396768,-0.437029,-0.504943,-0.428984,-0.112975,0.0882233,0.168466,0.0871023,-0.381017
0,1,2,0.75,0.6,-0.025,-0.25,0.0652642,0.324328,-0.0316029,-0.0396768,-0.437029,-0.504943,-0.428984,-0.112975,0.0882233,0.168466,0.0871023,-0.381017
0,1,2,0.75,0.8,-0,-0,0.0411772,0.338675,-0.0342919,-0.0119582,-0.446517,-0.48058,-0.405744,-0.0804435,0.0630875,0.204306,0.0508408,-0.360129
0,1,2,0.75,0.8,-0,-0.25,0.0411772,0.338675,-0.0342919,-0.0119582,-0.446517,-0.48058,-0.405744,-0.0804435,0.0630875,0.204306,0.0508408,-0.360129
0,1,2,0.75,0.8,-0.025,-0,0.0411772,0.338675,-0.0342919,-0.0119582,-0.446517,-0.48058,-0.405744,-0.0804435,0.0630875,0.204306,0.0508408,-0.360129
0,1,2,0.75,0.8,-0.025,-0.25,-0.299967,0.0073343,-0.00850781,0.0328832,-0.1747,-0.34152,-0.631279,-0.455798,0.0574447,0.168511,0.0436566,-0.0875722
0,1,1,0.75,0.6,-0.025,-0,0.101476,-0.212778,-0.361704,0.325287,-0.113075,-0.0457746,-0.241428,-0.218026,-0.366984,0.249608,0.16254,-0.214407
0,1,2,1,0.4,-0,-0,-0.0746149,-0.184398,-0.0220913,0.020443,-0.161553,-0.0768829,-0.00607055,-0.0716186,0.0398974,0.0101738,-0.0579106,-0.0894559
0,1,2,1,0.4,-0,-0.25,-0.0107419,-0.0565787,0.143369,0.0093177,-0.379442,-0.0458424,0.274848,-0.167684,0.214612,-0.0578874,0.0146097,-0.272391
0,1,2,1,0.4,-0.025,-0,-0.143949,-0.00644773,-0.270613,0.199479,-0.0471929,-0.207672,-0.187532,-0.0108817,-0.607156,0.185431,-0.0137634,0.27069
0,1,2,1,0.4,-0.025,-0.25,-0.266493,-0.321202,0.202686,0.0991307,-0.196877,-0.194871,-0.233959,-0.0169881,0.0692831,0.0576551,-0.0578232,-0.166513
0,1,2,1,0.6,-0,-0,0.145443,0.00816187,0.0413124,-0.253427,-0.176296,-0.149338,-0.55401,-0.112686,-0.0339383,-0.0999116,-0.0146752,0.14005
0,1,2,1,0.6,-0,-0.25,-0.272326,-0.0206546,-0.0842503,-0.118145,-0.24222,-0.0213258,0.0885534,-0.0693238,-0.206692,0.270331,-0.0827006,-0.115193
0,1,2,1,0.6,-0.025,-0,-0.258618,-0.18245,0.332383,0.017115,-0.147667,-0.326734,-0.366914,-0.114774,-0.133266,0.0250341,-0.101582,0.0547439
0,1,2,1,0.6,-0.025,-0.25,-0.0915475,0.202369,0.134699,-0.132266,-0.138364,-0.484532,-0.018131,-0.0719696,-0.0610573,0.0704017,-0.177346,-0.0905779
0,1,2,1,0.8,-0,-0,-0.181576,-0.159861,-0.352217,0.0261119,0.0360089,-0.0253011,-0.365368,-0.225692,0.335966,-0.00411417,-0.126838,-0.153747
0,1,2,1,0.8,-0,-0.25,-0.15336,-0.303573,-0.197829,0.170462,-0.0560356,-0.180057,0.105792,-0.1106,0.115688,0.0379075,-0.386383,-0.0788796
0,1,1,0.75,0.6,-0.025,-0.25,0.0411772,0.338675,-0.0342919,-0.0119582,-0.446517,-0.48058,-0.405744,-0.0804435,0.0630875,0.204306,0.0508408,-0.360129
0,1,2,1,0.8,-0.025,-0,-0.628599,0.221742,-0.195128,0.462613,-0.457274,-0.139149,-0.288455,0.00283254,-0.0366237,-0.143515,-0.0988583,-0.130774
0,1,2,1,0.8,-0.025,-0.25,-0.179565,-0.471737,-0.0713143,0.0880939,-0.0830115,0.11244,0.00745033,-0.265999,-0.0787355,0.204518,-0.296285,0.145363
0,1,2,1.25,0.4,-0,-0,-0.0506375,-0.0450501,0.0779221,-0.108383,-0.158106,-0.0963335,-0.0363303,-0.105592,0.0680478,0.0868686,-0.033492,-0.0955045
0,1,2,1.25,0.4,-0,-0.25,-0.12383,0.103214,0.0848175,-0.113783,-0.128555,-0.205204,-0.0306295,-0.042527,-0.159388,-0.00916579,0.0414406,0.0116232
0,1,2,1.25,0.4,-0.025,-0,-0.223692,-0.121481,-0.0289322,-0.0753168,-0.0447815,-0.0638758,0.00649711,0.0202405,-0.122421,0.0695626,-0.0889229,0.0276353
0,1,2,1.25,0.4,-0.025,-0.25,-0.0771623,0.285612,-0.294726,0.0769603,-0.372282,-0.137445,0.113751,0.0670034,-0.17262,0.0115182,-0.163524,0.0421312
0,1,2,1.25,0.6,-0,-0,-0.100362,-0.299316,-0.47028,-0.156323,-0.0582283,0.194559,-0.164201,0.0787009,-0.125802,0.111232,-0.198865,-0.0962724
0,1,2,1.25,0.6,-0,-0.25,-0.172184,0.197518,-0.288494,-0.103133,-0.152531,-0.131025,0.111436,-0.171901,0.348349,0.211428,-0.145619,-0.418681
0,1,2,1.25,0.6,-0.025,-0,0.11261,-0.408274,-0.399585,0.352162,0.103063,-0.102248,-0.0617895,-0.21707,-0.100639,0.084729,0.0197298,-0.11392
0,1,2,1.25,0.6,-0.025,-0.25,-0.151382,0.187549,-0.0731904,0.133751,-0.257402,-0.0994733,-0.0599951,0.263962,-0.312686,0.0487402,-0.31415,0.100296
0,1,1,0.75,0.8,-0,-0,0.0411772,0.338675,-0.0342919,-0.0119582,-0.446517,-0.48058,-0.405744,-0.0804435,0.0630875,0.204306,0.0508408,-0.360129
0,1,2,1.25,0.8,-0,-0,0.0222811,0.137838,-0.289128,-0.104136,-0.200916,0.0158971,-0.0175213,0.116866,0.246604,-0.0994204,-0.218055,-0.222402
0,1,2,1.25,0.8,-0,-0.25,-0.283284,-0.153664,-0.0577262,0.0274823,0.152549,-0.313619,0.109256,-0.323131,0.0483602,-0.200516,0.213801,-0.277101
0,1,2,1.25,0.8,-0.025,-0,0.145448,-0.0261098,0.100909,-0.162122,-0.132191,-0.34733,-0.158403,-0.157437,-0.158709,0.0128916,-0.0981596,0.0652214
0,1,2,1.25,0.8,-0.025,-0.25,0.373912,-0.282518,-0.245554,-0.0442115,-0.0538979,-0.176591,-0.160519,-0.343249,-0.281409,0.00452176,0.123497,0.120041
0,1,2,1.5,0.4,-0,-0,-0.0742715,0.409632,0.0345539,-0.0221104,-0.226757,-0.35477,0.115043,0.274833,0.137604,0.0554834,-0.153604,-0.309891
0,1,2,1.5,0.4,-0,-0.25,-0.0237519,0.0141499,-0.0101867,-0.0752342,-0.0468874,-0.185423,0.0349323,0.00716533,-0.13102,-0.105411,-0.0275861,0.0027341
0,1,2,1.5,0.4,-0.025,-0,-0.0374654,-0.0625083,-0.146325,-0.0332019,-0.0886996,-0.0171694,-0.018419,0.0690543,-0.0799558,0.0238265,-0.0856644,-0.0184403
0,1,2,1.5,0.4,-0.025,-0.25,-0.203934,-0.127223,-0.186057,-0.20195,0.105669,-0.0826908,-0.180737,-0.00492652,0.177029,0.131314,-0.0481335,-0.288114
0,1,2,1.5,0.6,-0,-0,-0.192209,0.0858861,-0.0799475,0.137117,-0.209392,-0.0948954,-0.0391042,0.118989,-0.299562,0.220319,-0.227164,0.0577582
0,1,2,1.5,0.6,-0,-0.25,-0.267019,-0.30133,-0.108401,-0.0719699,0.0938005,0.0131969,-0.373857,-0.158085,0.147076,0.0835726,0.0517275,-0.181759
0,1,1,0.75,0.8,-0,-0.25,0.0411772,0.338675,-0.0342919,-0.0119582,-0.446517,-0.48058,-0.405744,-0.0804435,0.0630875,0.204306,0.0508408,-0.360129
0,1,2,1.5,0.6,-0.025,-0,-0.0428064,-0.334207,-0.102365,0.0341252,0.180652,-0.197223,-0.280914,-0.038329,-0.0120053,0.131361,-0.0845669,-0.110564
0,1,2,1.5,0.6,-0.025,-0.25,-0.159867,-0.317665,-0.100191,0.043941,-0.146248,0.0116075,-0.135448,-0.176203,0.0650401,-0.0697832,-0.0300819,-0.0956635
0,1,2,1.5,0.8,-0,-0,-0.108418,-0.0232586,-0.184766,-0.143582,0.0500779,-0.134139,-0.516219,-0.0248909,0.0826356,-0.0617496,0.152435,-0.229106
0,1,2,1.5,0.8,-0,-0.25,-0.236353,0.0990313,-0.111286,-0.197367,-0.102656,-0.179244,-0.605143,-0.146372,-0.366484,-0.170454,0.26117,0.0786835
0,1,2,1.5,0.8,-0.025,-0,0.370129,-0.00113407,-0.316604,-0.0637787,-0.177277,-0.0317686,-0.489282,0.115705,-0.17431,-0.122751,-0.187172,0.0480673
0,1,2,1.5,0.8,-0.025,-0.25,-0.153637,-0.015353,0.0366033,0.217915,-0.184195,-0.399424,-0.225346,-0.055407,0.220345,-0.0847359,0.125768,-0.438763
0,1,4,0.75,0.4,-0,-0,-0.277836,-0.129004,-0.45359,-0.301876,0.40007,-0.23236,-0.191194,-0.00450728,-0.117515,0.271021,-0.0983415,-0.123268
0,1,4,0.75,0.4,-0,-0.25,0.0144176,-0.165896,-0.0581845,-0.061846,-0.230776,-0.109535,-0.165517,-0.26273,0.012442,0.183371,0.0546567,-0.0845592
0,1,4,0.75,0.4,-0.025,-0,-0.276747,-0.166177,0.0189705,0.199683,-0.442609,-0.109121,-0.202688,-0.1972,0.234375,0.135179,-0.123191,-0.197658
0,1,4,0.75,0.4,-0.025,-0.25,-0.307327,-0.455198,0.339699,-0.0493262,0.121221,-0.5795,-0.318021,0.0494839,0.2194,0.272548,-0.213428,-0.391336
