None,1,1,0.25,0.5,0,0,,0,0,0,0,0,0,0,0,0,0,0,0,0,,2.44142,7610,0,6776,0,0,0,0
None,1,1,0.25,0.5,-0.1,-0.5,,0,0,0,0,0,0,0,0,0,0,0,0,0,,2.44142,7605,0,6772,0,0,0,0
None,1,1,0.25,0.6,0,0,,0,0,0,0,0,0,0,0,0,0,0,0,0,,2.44142,7600,0,6793,0,0,0,0
None,1,1,0.25,0.6,-0.1,-0.5,,0,0,0,0,0,0,0,0,0,0,0,0,0,,2.44142,7624,0,6844,0,0,0,0
None,1,1,0.25,0.7,0,0,,0,0,0,0,0,0,0,0,0,0,0,0,0,,2.44142,7605,0,6774,0,0,0,0
None,1,1,0.25,0.7,-0.1,-0.5,,0,0,0,0,0,0,0,0,0,0,0,0,0,,2.44142,7601,0,6804,0,0,0,0
None,1,1,0.25,0.8,0,0,,0,0,0,0,0,0,0,0,0,0,0,0,0,,2.44142,7597,0,6766,0,0,0,0
None,1,1,0.25,0.8,-0.1,-0.5,,0,0,0,0,0,0,0,0,0,0,0,0,0,,2.44142,7607,0,6799,0,0,0,0
None,1,1,0.5,0.5,0,0,,0,0,0,0,0,0,0,0,0,0,0,0,0,,2.44142,7614,0,6777,0,0,0,0
None,1,1,0.5,0.5,-0.1,-0.5,,0,0,0,0,0,0,0,0,0,0,0,0,0,,2.44142,7609,0,6797,0,0,0,0
None,1,1,0.5,0.6,0,0,,0,0,0,0,0,0,0,0,0,0,0,0,0,,2.44142,7626,0,6826,0,0,0,0
None,1,1,0.5,0.6,-0.1,-0.5,,0,0,0,0,0,0,0,0,0,0,0,0,0,,2.44142,7601,0,6784,0,0,0,0
None,1,1,0.5,0.7,0,0,,0,0,0,0,0,0,0,0,0,0,0,0,0,,2.44142,7623,0,6820,0,0,0,0
None,1,1,0.5,0.7,-0.1,-0.5,,0,0,0,0,0,0,0,0,0,0,0,0,0,,2.44142,7621,0,6796,0,0,0,0
None,1,1,0.5,0.8,0,0,,0,0,0,0,0,0,0,0,0,0,0,0,0,,2.44142,7620,0,6789,0,0,0,0
None,1,1,0.5,0.8,-0.1,-0.5,,0,0,0,0,0,0,0,0,0,0,0,0,0,,2.44142,7615,0,6742,0,0,0,0
None,1,1,1,0.5,0,0,,0,0,0,0,0,0,0,0,0,0,0,0,0,,2.44142,7595,0,6743,0,0,0,0
None,1,1,1,0.5,-0.1,-0.5,,0,0,0,0,0,0,0,0,0,0,0,0,0,,2.44142,7607,0,6757,0,0,0,0
None,1,1,1,0.6,0,0,,0,0,0,0,0,0,0,0,0,0,0,0,0,,2.44142,7621,0,6770,0,0,0,0
None,1,1,1,0.6,-0.1,-0.5,,0,0,0,0,0,0,0,0,0,0,0,0,0,,2.44142,7625,0,6807,0,0,0,0
None,1,1,1,0.7,0,0,,0,0,0,0,0,0,0,0,0,0,0,0,0,,2.44142,7619,0,6787,0,0,0,0
None,1,1,1,0.7,-0.1,-0.5,,0,0,0,0,0,0,0,0,0,0,0,0,0,,2.44142,7631,0,6798,0,0,0,0
None,1,1,1,0.8,0,0,,0,0,0,0,0,0,0,0,0,0,0,0,0,,2.44142,7615,0,6765,0,0,0,0
None,1,1,1,0.8,-0.1,-0.5,,0,0,0,0,0,0,0,0,0,0,0,0,0,,2.44142,7606,0,6791,0,0,0,0
None,1,1,1.5,0.5,0,0,,0,0,0,0,0,0,0,0,0,0,0,0,0,,2.44142,7642,0,6804,0,0,0,0
None,1,1,1.5,0.5,-0.1,-0.5,,0,0,0,0,0,0,0,0,0,0,0,0,0,,2.44142,7618,0,6757,0,0,0,0
None,1,1,1.5,0.6,0,0,,0,0,0,0,0,0,0,0,0,0,0,0,0,,2.44142,7600,0,6800,0,0,0,0
None,1,1,1.5,0.6,-0.1,-0.5,,0,0,0,0,0,0,0,0,0,0,0,0,0,,2.44142,7616,0,6814,0,0,0,0
None,1,1,1.5,0.7,0,0,,0,0,0,0,0,0,0,0,0,0,0,0,0,,2.44142,7594,0,6732,0,0,0,0
None,1,1,1.5,0.7,-0.1,-0.5,,0,0,0,0,0,0,0,0,0,0,0,0,0,,2.44142,7614,0,6771,0,0,0,0
None,1,1,1.5,0.8,0,0,,0,0,0,0,0,0,0,0,0,0,0,0,0,,2.44142,7609,0,6781,0,0,0,0
None,1,1,1.5,0.8,-0.1,-0.5,,0,0,0,0,0,0,0,0,0,0,0,0,0,,2.44142,7628,0,6796,0,0,0,0
None,0.8,1,0.25,0.5,0,0,,0,0,0,0,0,0,0,0,0,0,0,0,0,,1.69016,7647,0,7501,0,0,0,0
None,0.8,1,0.25,0.5,-0.1,-0.5,,0,0,0,0,0,0,0,0,0,0,0,0,0,,1.69016,7622,0,7482,0,0,0,0
None,0.8,1,0.25,0.6,0,0,,0,0,0,0,0,0,0,0,0,0,0,0,0,,1.69016,7623,0,7488,0,0,0,0
None,0.8,1,0.25,0.6,-0.1,-0.5,,0,0,0,0,0,0,0,0,0,0,0,0,0,,1.69016,7618,0,7454,0,0,0,0
None,0.8,1,0.25,0.7,0,0,,0,0,0,0,0,0,0,0,0,0,0,0,0,,1.69016,7612,0,7452,0,0,0,0
None,0.8,1,0.25,0.7,-0.1,-0.5,,0,0,0,0,0,0,0,0,0,0,0,0,0,,1.69016,7613,0,7459,0,0,0,0
None,0.8,1,0.25,0.8,0,0,,0,0,0,0,0,0,0,0,0,0,0,0,0,,1.69016,7622,0,7437,0,0,0,0
None,0.8,1,0.25,0.8,-0.1,-0.5,,0,0,0,0,0,0,0,0,0,0,0,0,0,,1.69016,7621,0,7493,0,0,0,0
None,0.8,1,0.5,0.5,0,0,,0,0,0,0,0,0,0,0,0,0,0,0,0,,1.69016,7616,0,7478,0,0,0,0
None,0.8,1,0.5,0.5,-0.1,-0.5,,0,0,0,0,0,0,0,0,0,0,0,0,0,,1.69016,7609,0,7488,0,0,0,0
None,0.8,1,0.5,0.6,0,0,,0,0,0,0,0,0,0,0,0,0,0,0,0,,1.69016,7598,0,7461,0,0,0,0
None,0.8,1,0.5,0.6,-0.1,-0.5,,0,0,0,0,0,0,0,0,0,0,0,0,0,,1.69016,7620,0,7482,0,0,0,0
None,0.8,1,0.5,0.7,0,0,,0,0,0,0,0,0,0,0,0,0,0,0,0,,1.69016,7605,0,7465,0,0,0,0
None,0.8,1,0.5,0.7,-0.1,-0.5,,0,0,0,0,0,0,0,0,0,0,0,0,0,,1.69016,7602,0,7472,0,0,0,0
None,0.8,1,0.5,0.8,0,0,,0,0,0,0,0,0,0,0,0,0,0,0,0,,1.69016,7621,0,7484,0,0,0,0
None,0.8,1,0.5,0.8,-0.1,-0.5,,0,0,0,0,0,0,0,0,0,0,0,0,0,,1.69016,7605,0,7445,0,0,0,0
None,0.8,1,1,0.5,0,0,,0,0,0,0,0,0,0,0,0,0,0,0,0,,1.69016,7613,0,7470,0,0,0,0
None,0.8,1,1,0.5,-0.1,-0.5,,0,0,0,0,0,0,0,0,0,0,0,0,0,,1.69016,7609,0,7498,0,0,0,0
None,0.8,1,1,0.6,0,0,,0,0,0,0,0,0,0,0,0,0,0,0,0,,1.69016,7604,0,7465,0,0,0,0
None,0.8,1,1,0.6,-0.1,-0.5,,0,0,0,0,0,0,0,0,0,0,0,0,0,,1.69016,7611,0,7466,0,0,0,0
None,0.8,1,1,0.7,0,0,,0,0,0,0,0,0,0,0,0,0,0,0,0,,1.69016,7623,0,7469,0,0,0,0
None,0.8,1,1,0.7,-0.1,-0.5,,0,0,0,0,0,0,0,0,0,0,0,0,0,,1.69016,7637,0,7495,0,0,0,0
None,0.8,1,1,0.8,0,0,,0,0,0,0,0,0,0,0,0,0,0,0,0,,1.69016,7621,0,7490,0,0,0,0
None,0.8,1,1,0.8,-0.1,-0.5,,0,0,0,0,0,0,0,0,0,0,0,0,0,,1.69016,7603,0,7473,0,0,0,0
None,0.8,1,1.5,0.5,0,0,,0,0,0,0,0,0,0,0,0,0,0,0,0,,1.69016,7621,0,7474,0,0,0,0
None,0.8,1,1.5,0.5,-0.1,-0.5,,0,0,0,0,0,0,0,0,0,0,0,0,0,,1.69016,7630,0,7501,0,0,0,0
None,0.8,1,1.5,0.6,0,0,,0,0,0,0,0,0,0,0,0,0,0,0,0,,1.69016,7598,0,7455,0,0,0,0
None,0.8,1,1.5,0.6,-0.1,-0.5,,0,0,0,0,0,0,0,0,0,0,0,0,0,,1.69016,7619,0,7482,0,0,0,0
None,0.8,1,1.5,0.7,0,0,,0,0,0,0,0,0,0,0,0,0,0,0,0,,1.69016,7610,0,7473,0,0,0,0
None,0.8,1,1.5,0.7,-0.1,-0.5,,0,0,0,0,0,0,0,0,0,0,0,0,0,,1.69016,7628,0,7478,0,0,0,0
None,0.8,1,1.5,0.8,0,0,,0,0,0,0,0,0,0,0,0,0,0,0,0,,1.69016,7618,0,7483,0,0,0,0
None,0.8,1,1.5,0.8,-0.1,-0.5,,0,0,0,0,0,0,0,0,0,0,0,0,0,,1.69016,7610,0,7462,0,0,0,0
None,1.2,1,0.25,0.5,0,0,,0,0,0,0,0,0,0,0,0,0,0,0,0,,7.95447,7612,0,2717,0,0.775355,0,0
None,1.2,1,0.25,0.5,-0.1,-0.5,,0,0,0,0,0,0,0,0,0,0,0,0,0,,7.95447,7619,0,2787,0,1.52146,0,0
None,1.2,1,0.25,0.6,0,0,,0,0,0,0,0,0,0,0,0,0,0,0,0,,7.95447,7636,0,2693,0,1.37638,0,0
None,1.2,1,0.25,0.6,-0.1,-0.5,,0,0,0,0,0,0,0,0,0,0,0,0,0,,7.95447,7610,0,2710,0,1.57898,0,0
None,1.2,1,0.25,0.7,0,0,,0,0,0,0,0,0,0,0,0,0,0,0,0,,7.95447,7621,0,2728,0,1.5208,0,0
None,1.2,1,0.25,0.7,-0.1,-0.5,,0,0,0,0,0,0,0,0,0,0,0,0,0,,7.95447,7621,0,2864,0,1.41163,0,0
None,1.2,1,0.25,0.8,0,0,,0,0,0,0,0,0,0,0,0,0,0,0,0,,7.95447,7608,0,2844,0,1.26617,0,0
None,1.2,1,0.25,0.8,-0.1,-0.5,,0,0,0,0,0,0,0,0,0,0,0,0,0,,7.95447,7592,0,2670,0,1.59378,0,0
None,1.2,1,0.5,0.5,0,0,,0,0,0,0,0,0,0,0,0,0,0,0,0,,7.95447,7620,0,2661,0,1.38517,0,0
None,1.2,1,0.5,0.5,-0.1,-0.5,,0,0,0,0,0,0,0,0,0,0,0,0,0,,7.95447,7609,0,2780,0,1.52832,0,0
None,1.2,1,0.5,0.6,0,0,,0,0,0,0,0,0,0,0,0,0,0,0,0,,7.95447,7622,0,2732,0,1.27368,0,0
None,1.2,1,0.5,0.6,-0.1,-0.5,,0,0,0,0,0,0,0,0,0,0,0,0,0,,7.95447,7633,0,2798,0,1.62059,0,0
None,1.2,1,0.5,0.7,0,0,,0,0,0,0,0,0,0,0,0,0,0,0,0,,7.95447,7617,0,2746,0,1.45398,0,0
None,1.2,1,0.5,0.7,-0.1,-0.5,,0,0,0,0,0,0,0,0,0,0,0,0,0,,7.95447,7604,0,2828,0,1.49448,0,0
None,1.2,1,0.5,0.8,0,0,,0,0,0,0,0,0,0,0,0,0,0,0,0,,7.95447,7623,0,2782,0,1.50689,0,0
None,1.2,1,0.5,0.8,-0.1,-0.5,,0,0,0,0,0,0,0,0,0,0,0,0,0,,7.95447,7624,0,2748,0,1.14782,0,0
None,1.2,1,1,0.5,0,0,,0,0,0,0,0,0,0,0,0,0,0,0,0,,7.95447,7620,0,2775,0,1.70919,0,0
None,1.2,1,1,0.5,-0.1,-0.5,,0,0,0,0,0,0,0,0,0,0,0,0,0,,7.95447,7617,0,2755,0,1.77209,0,0
None,1.2,1,1,0.6,0,0,,0,0,0,0,0,0,0,0,0,0,0,0,0,,7.95447,7599,0,2748,0,1.80655,0,0
None,1.2,1,1,0.6,-0.1,-0.5,,0,0,0,0,0,0,0,0,0,0,0,0,0,,7.95447,7613,0,2755,0,1.76671,0,0
None,1.2,1,1,0.7,0,0,,0,0,0,0,0,0,0,0,0,0,0,0,0,,7.95447,7611,0,2777,0,1.55748,0,0
None,1.2,1,1,0.7,-0.1,-0.5,,0,0,0,0,0,0,0,0,0,0,0,0,0,,7.95447,7638,0,2817,0,1.70673,0,0
None,1.2,1,1,0.8,0,0,,0,0,0,0,0,0,0,0,0,0,0,0,0,,7.95447,7611,0,2739,0,1.76061,0,0
None,1.2,1,1,0.8,-0.1,-0.5,,0,0,0,0,0,0,0,0,0,0,0,0,0,,7.95447,7606,0,2746,0,1.62687,0,0
None,1.2,1,1.5,0.5,0,0,,0,0,0,0,0,0,0,0,0,0,0,0,0,,7.95447,7632,0,2746,0,1.66771,0,0
None,1.2,1,1.5,0.5,-0.1,-0.5,,0,0,0,0,0,0,0,0,0,0,0,0,0,,7.95447,7599,0,2832,0,1.78405,0,0
None,1.2,1,1.5,0.6,0,0,,0,0,0,0,0,0,0,0,0,0,0,0,0,,7.95447,7603,0,2732,0,1.67894,0,0
None,1.2,1,1.5,0.6,-0.1,-0.5,,0,0,0,0,0,0,0,0,0,0,0,0,0,,7.95447,7623,0,2723,0,1.8048,0,0
None,1.2,1,1.5,0.7,0,0,,0,0,0,0,0,0,0,0,0,0,0,0,0,,7.95447,7605,0,2809,0,1.74583,0,0
None,1.2,1,1.5,0.7,-0.1,-0.5,,0,0,0,0,0,0,0,0,0,0,0,0,0,,7.95447,7617,0,2791,0,1.76552,0,0
None,1.2,1,1.5,0.8,0,0,,0,0,0,0,0,0,0,0,0,0,0,0,0,,7.95447,7631,0,2809,0,1.57109,0,0
None,1.2,1,1.5,0.8,-0.1,-0.5,,0,0,0,0,0,0,0,0,0,0,0,0,0,,7.95447,7609,0,2747,0,1.69142,0,0
Full,1,1,0.25,0.5,0,0,,17410.9,15229,0,2181.85,2934,477,2457,58.68,0,0,0,321.62,907.88,,2.44142,7622,2934,4117,0.384938,3.32616,1.63292,8.05581
Full,1,1,0.25,0.5,-0.1,-0.5,,17354.6,15312.6,-1477.38,3519.37,2940,442,2498,58.8,0,0,0,324.6,912.66,,2.44142,7621,2940,4103,0.385776,3.2829,1.61735,8.08683
Full,1,1,0.25,0.6,0,0,,19650.4,15238.2,0,4412.16,2900,500,2400,58,0,0,0,326.48,907.34,,2.44142,7615,2900,4129,0.380827,3.37754,1.70966,8.13321
Full,1,1,0.25,0.6,-0.1,-0.5,,19840.4,15343.8,-1422.3,5918.9,2907,489,2418,58.14,0,0,0,328.24,915.44,,2.44142,7619,2907,4121,0.381546,3.38102,1.7537,8.12647
Full,1,1,0.25,0.7,0,0,,21975.5,15195.4,0,6780.12,2893,485,2408,57.86,0,0,0,325.36,904.88,,2.44142,7603,2893,4128,0.380508,3.40984,1.71898,8.08669
Full,1,1,0.25,0.7,-0.1,-0.5,,22022.4,15129.4,-1419.44,8312.43,2888,479,2409,57.76,0,0,0,322.18,901.96,,2.44142,7620,2888,4155,0.379003,3.34344,1.64681,8.08543
Full,1,1,0.25,0.8,0,0,,24944.8,15317,0,9627.83,2946,473,2473,58.92,0,0,0,325.68,911.42,,2.44142,7633,2946,4058,0.385956,3.32412,1.65988,7.98301
Full,1,1,0.25,0.8,-0.1,-0.5,,24603.1,15243.8,-1432.42,10791.7,2920,487,2433,58.4,0,0,0,325,907.38,,2.44142,7619,2920,4139,0.383252,3.29755,1.64966,8.0763
Full,1,1,0.5,0.5,0,0,,30941.8,26405,0,4536.76,4709,1038,3671,47.09,0,0,0,292.94,791.87,,2.44142,7610,4709,2557,0.618791,1.18922,0.811213,7.6501
Full,1,1,0.5,0.5,-0.1,-0.5,,30756.9,26213.2,-2377.31,6920.95,4719,1003,3716,47.19,0,0,0,287.49,787.23,,2.44142,7606,4719,2536,0.620431,1.2477,0.848909,7.80626
Full,1,1,0.5,0.6,0,0,,34809.9,26285.6,0,8524.27,4691,1036,3655,46.91,0,0,0,290.97,788.77,,2.44142,7615,4691,2550,0.616021,1.32502,0.942656,7.78291
Full,1,1,0.5,0.6,-0.1,-0.5,,34169.3,26112.8,-2364.93,10421.4,4661,987,3674,46.61,0,0,0,287.41,785.19,,2.44142,7623,4661,2621,0.611439,1.24046,0.886934,7.79715
Full,1,1,0.5,0.7,0,0,,38135.1,26176.4,0,11958.7,4683,1047,3636,46.83,0,0,0,290.16,784.52,,2.44142,7603,4683,2567,0.615941,1.31908,0.939142,7.76919
Full,1,1,0.5,0.7,-0.1,-0.5,,38243.8,26213,-2314.52,14345.3,4664,1004,3660,46.64,0,0,0,291.5,785.96,,2.44142,7594,4664,2576,0.614169,1.2045,0.852487,7.69514
Full,1,1,0.5,0.8,0,0,,42579.2,26662.6,0,15916.6,4716,1005,3711,47.16,0,0,0,297.87,799.47,,2.44142,7621,4716,2585,0.618816,1.22071,0.868109,7.78499
Full,1,1,0.5,0.8,-0.1,-0.5,,42333.1,26406.6,-2345.78,18272.2,4675,1072,3603,46.75,0,0,0,295.7,790.89,,2.44142,7599,4675,2562,0.615213,1.34162,0.960214,7.77062
Full,1,1,1,0.5,0,0,,40610.1,31668.8,0,8941.32,5751,1705,4046,28.755,0,0,0,178.965,468.985,,2.44142,7634,5751,1682,0.75334,0.018208,0.0132151,5.57997
Full,1,1,1,0.5,-0.1,-0.5,,40522.5,31341.4,-2683.29,11864.4,5722,1694,4028,28.61,0,0,0,179.08,461.41,,2.44142,7628,5722,1694,0.750131,0.0111432,0.0106606,5.39056
Full,1,1,1,0.6,0,0,,43319.7,30543.8,0,12775.9,5602,1647,3955,28.01,0,0,0,172.715,450.835,,2.44142,7602,5602,1759,0.736911,0.00670876,0.00553374,5.31737
Full,1,1,1,0.6,-0.1,-0.5,,44784.5,31637.4,-2729.01,15876.1,5754,1689,4065,28.77,0,0,0,181.8,465.29,,2.44142,7623,5754,1656,0.754821,0.018759,0.0172054,5.49662
Full,1,1,1,0.7,0,0,,47402.2,30778.6,0,16623.6,5636,1627,4009,28.18,0,0,0,171.645,456.925,,2.44142,7592,5636,1750,0.74236,0.0136986,0.0136622,5.55853
Full,1,1,1,0.7,-0.1,-0.5,,47650.1,30875,-2724.31,19499.4,5672,1631,4041,28.36,0,0,0,174.28,455.8,,2.44142,7617,5672,1735,0.74465,0.0089274,0.00564175,5.43321
Full,1,1,1,0.8,0,0,,52392.8,31276.4,0,21116.4,5634,1595,4039,28.17,0,0,0,178.025,463.04,,2.44142,7619,5634,1774,0.739467,0.0173251,0.0156195,5.66911
Full,1,1,1,0.8,-0.1,-0.5,,52952.7,31522.2,-2758.92,24189.4,5700,1634,4066,28.5,0,0,0,179.855,465.705,,2.44142,7600,5700,1715,0.75,0.0217105,0.0178947,5.61969
Full,1,1,1.5,0.5,0,0,,40998.1,30941.5,0,10056.6,5762,1675,4087,19.2067,0,0,0,117.213,302.447,,2.44142,7616,5762,1641,0.756565,0.000262605,0.000173551,4.66809
Full,1,1,1.5,0.5,-0.1,-0.5,,40524.5,30043.6,-2717.91,13198.8,5706,1721,3985,19.02,0,0,0,112.813,292.817,,2.44142,7623,5706,1712,0.748524,0.000131182,0.000175254,4.54777
Full,1,1,1.5,0.6,0,0,,44832.9,30736.3,0,14096.6,5743,1684,4059,19.1433,0,0,0,114.893,301.663,,2.44142,7619,5743,1677,0.753773,0.000918756,0.00121888,4.70271
Full,1,1,1.5,0.6,-0.1,-0.5,,45128.2,30673.8,-2719.11,17173.5,5781,1731,4050,19.27,0,0,0,115.333,299.55,,2.44142,7606,5781,1628,0.760058,0.000131475,0.00017298,4.56241
Full,1,1,1.5,0.7,0,0,,48506.2,30125.1,0,18381.1,5680,1704,3976,18.9333,0,0,0,113.823,293.597,,2.44142,7623,5680,1753,0.745113,0.000131182,0,4.58982
Full,1,1,1.5,0.7,-0.1,-0.5,,48444.5,30488.1,-2687.62,20644.1,5689,1731,3958,18.9633,0,0,0,114.73,298.59,,2.44142,7611,5689,1705,0.747471,0.0035475,0.001582,4.74088
Full,1,1,1.5,0.8,0,0,,52282.4,30051.7,0,22230.7,5683,1750,3933,18.9433,0,0,0,113.25,292.897,,2.44142,7617,5683,1714,0.746094,0.000525141,0.00052789,4.64837
Full,1,1,1.5,0.8,-0.1,-0.5,,53327.1,31117.3,-2823.71,25033.6,5769,1663,4106,19.23,0,0,0,116.49,305.983,,2.44142,7612,5769,1663,0.757882,0.00801366,0.00624025,5.04107
Full,0.8,1,0.25,0.5,0,0,,21482.2,16356.5,0,5125.72,3568,994,2574,71.36,0,0,0,426.12,852.72,,1.69016,7608,3568,3948,0.46898,2.12329,1.48206,5.32717
Full,0.8,1,0.25,0.5,-0.1,-0.5,,21507,16319.1,-332.75,5520.66,3585,1023,2562,71.7,0,0,0,421.98,851.42,,1.69016,7620,3585,3939,0.470472,1.9958,1.40502,5.32335
Full,0.8,1,0.25,0.6,0,0,,23902.2,16442.3,0,7459.95,3612,1056,2556,72.24,0,0,0,425.86,857.16,,1.69016,7613,3612,3917,0.474452,2.09444,1.46927,5.30576
Full,0.8,1,0.25,0.6,-0.1,-0.5,,23778.4,16393.3,-326.5,7711.62,3617,1028,2589,72.34,0,0,0,423.6,854.02,,1.69016,7615,3617,3929,0.474984,2.03086,1.43102,5.29668
Full,0.8,1,0.25,0.7,0,0,,26135.5,16526.5,0,9608.99,3579,1033,2546,71.58,0,0,0,430.92,863.82,,1.69016,7612,3579,3953,0.470179,2.17998,1.51914,5.40915
Full,0.8,1,0.25,0.7,-0.1,-0.5,,25940.3,16340.7,-322.05,9921.73,3571,1049,2522,71.42,0,0,0,424.84,852.12,,1.69016,7617,3571,3951,0.46882,2.04385,1.45505,5.36334
Full,0.8,1,0.25,0.8,0,0,,28127.9,16330.1,0,11797.8,3551,996,2555,71.02,0,0,0,424.48,853.42,,1.69016,7603,3551,3976,0.467052,2.10114,1.49028,5.31947
Full,0.8,1,0.25,0.8,-0.1,-0.5,,28216.9,16417.9,-326.782,12125.8,3589,1053,2536,71.78,0,0,0,425.04,857.84,,1.69016,7610,3589,3935,0.471616,2.17214,1.57091,5.345
Full,0.8,1,0.5,0.5,0,0,,34765.1,24284.8,0,10480.2,5149,2145,3004,51.49,0,0,0,320.33,636.47,,1.69016,7608,5149,2390,0.676788,0.152997,0.131288,4.47226
Full,0.8,1,0.5,0.5,-0.1,-0.5,,34378.7,24250.6,-419.81,10547.9,5144,2052,3092,51.44,0,0,0,319.96,635.38,,1.69016,7610,5144,2411,0.675953,0.1523,0.132582,4.42501
Full,0.8,1,0.5,0.6,0,0,,37134.9,24227.8,0,12907,5103,2115,2988,51.03,0,0,0,320.53,635.72,,1.69016,7622,5103,2477,0.669509,0.121097,0.0962179,4.48493
Full,0.8,1,0.5,0.6,-0.1,-0.5,,36596.5,23722.2,-405.229,13279.5,5043,2046,2997,50.43,0,0,0,313.2,620.77,,1.69016,7627,5043,2533,0.661204,0.155107,0.142574,4.38162
Full,0.8,1,0.5,0.7,0,0,,39402.2,23781.8,0,15620.4,5044,2135,2909,50.44,0,0,0,314.39,622.51,,1.69016,7608,5044,2515,0.662986,0.119874,0.102696,4.33395
Full,0.8,1,0.5,0.7,-0.1,-0.5,,39438.4,23854.6,-401.562,15985.4,5090,2010,3080,50.9,0,0,0,314.31,623.93,,1.69016,7621,5090,2463,0.667891,0.157591,0.135363,4.35128
Full,0.8,1,0.5,0.8,0,0,,42334.2,24070.6,0,18263.6,5097,2133,2964,50.97,0,0,0,318.78,629.91,,1.69016,7630,5097,2469,0.668021,0.11848,0.0971159,4.42625
Full,0.8,1,0.5,0.8,-0.1,-0.5,,42243.7,24060.6,-408.085,18591.2,5104,2062,3042,51.04,0,0,0,317.19,630.65,,1.69016,7605,5104,2458,0.671137,0.166601,0.136951,4.44799
Full,0.8,1,1,0.5,0,0,,36728,23717.7,0,13010.3,5311,2354,2957,26.555,0,0,0,152.865,307.305,,1.69016,7620,5311,2269,0.696982,0.00104987,0.000376577,3.20047
Full,0.8,1,1,0.5,-0.1,-0.5,,36123,23416.7,-396.375,13102.7,5297,2274,3023,26.485,0,0,0,150.42,302.575,,1.69016,7612,5297,2276,0.695875,0,0,3.15488
Full,0.8,1,1,0.6,0,0,,38977.7,23535.5,0,15442.3,5321,2225,3096,26.605,0,0,0,151.18,304.185,,1.69016,7602,5321,2226,0.699947,0.000131544,0,3.10917
Full,0.8,1,1,0.6,-0.1,-0.5,,38710.6,23291.9,-402.488,15821.2,5250,2294,2956,26.25,0,0,0,149.97,301.08,,1.69016,7636,5250,2335,0.687533,0.00196438,0.00228571,3.14122
Full,0.8,1,1,0.7,0,0,,41321.7,23604.5,0,17717.2,5311,2246,3065,26.555,0,0,0,152.255,305.085,,1.69016,7629,5311,2269,0.696159,0.0018351,0.000753154,3.27507
Full,0.8,1,1,0.7,-0.1,-0.5,,41938.7,23629.5,-404.65,18713.9,5321,2326,2995,26.605,0,0,0,152.445,305.27,,1.69016,7621,5321,2242,0.698202,0.000787298,0.000939673,3.1249
Full,0.8,1,1,0.8,0,0,,44026.3,23505.5,0,20520.8,5286,2258,3028,26.43,0,0,0,151.65,303.84,,1.69016,7602,5286,2280,0.695343,0.00447251,0.00321604,3.20465
Full,0.8,1,1,0.8,-0.1,-0.5,,44387.4,23376.5,-405.068,21416,5316,2319,2997,26.58,0,0,0,149.93,301.585,,1.69016,7617,5316,2249,0.697913,0,0,3.0047
Full,0.8,1,1.5,0.5,0,0,,36360.1,23371.5,0,12988.6,5300,2269,3031,17.6667,0,0,0,99.8767,201.317,,1.69016,7615,5300,2278,0.695995,0,0,2.96414
Full,0.8,1,1.5,0.5,-0.1,-0.5,,35691.4,22653.1,-397.21,13435.5,5207,2264,2943,17.3567,0,0,0,96.0333,194.737,,1.69016,7609,5207,2346,0.684321,0,0,2.8723
Full,0.8,1,1.5,0.6,0,0,,38745,22989.1,0,15755.9,5249,2284,2965,17.4967,0,0,0,98.3833,197.287,,1.69016,7605,5249,2303,0.690204,0,0,2.88117
Full,0.8,1,1.5,0.6,-0.1,-0.5,,38769.4,23127.1,-400.792,16043.1,5256,2265,2991,17.52,0,0,0,98.5933,199.26,,1.69016,7609,5256,2307,0.690761,0,0,2.9391
Full,0.8,1,1.5,0.7,0,0,,40931.1,22826.5,0,18104.6,5243,2222,3021,17.4767,0,0,0,97.0333,196.027,,1.69016,7620,5243,2335,0.688058,0.000131234,0,2.89842
Full,0.8,1,1.5,0.7,-0.1,-0.5,,41219.2,22859.7,-401.513,18761,5281,2276,3005,17.6033,0,0,0,96.9933,195.987,,1.69016,7622,5281,2293,0.692863,0,0,2.79548
Full,0.8,1,1.5,0.8,0,0,,44794.9,23361.7,0,21433.1,5350,2359,2991,17.8333,0,0,0,99.5567,200.64,,1.69016,7638,5350,2246,0.700445,0,0,2.85202
Full,0.8,1,1.5,0.8,-0.1,-0.5,,44414.9,23217.9,-404.236,21601.2,5255,2294,2961,17.5167,0,0,0,99.46,199.923,,1.69016,7612,5255,2316,0.690357,0.000394115,0,2.85975
Full,1.2,1,0.25,0.5,0,0,,8661.69,9827.33,0,-1165.64,1160,244,916,23.2,0,0,0,192.38,674.36,,7.95447,7606,1160,1890,0.152511,4.73573,1.60431,13.8437
Full,1.2,1,0.25,0.5,-0.1,-0.5,,9684.2,9928.75,-1167.05,922.504,1267,286,981,25.34,0,0,0,209.7,656.48,,7.95447,7600,1267,1816,0.166711,4.55658,1.4854,13.1677
Full,1.2,1,0.25,0.6,0,0,,10220.6,9754.54,0,466.07,1215,262,953,24.3,0,0,0,194,659.96,,7.95447,7618,1215,1883,0.159491,4.63914,1.6716,13.7926
Full,1.2,1,0.25,0.6,-0.1,-0.5,,9274.1,9129.14,-1088.05,1233.02,1118,251,867,22.36,0,0,0,184.7,616.42,,7.95447,7627,1119,1929,0.146716,4.68834,1.65952,13.6848
Full,1.2,1,0.25,0.7,0,0,,10281.9,9184.34,0,1097.59,1119,220,899,22.38,0,0,0,179.68,626.86,,7.95447,7614,1120,1906,0.147097,4.75099,1.62411,14.6325
Full,1.2,1,0.25,0.7,-0.1,-0.5,,11481.3,10009.1,-1289.6,2761.77,1267,246,1021,25.34,0,0,0,194.96,679.26,,7.95447,7622,1268,1881,0.166361,4.55917,1.61435,13.8548
Full,1.2,1,0.25,0.8,0,0,,11699.7,9328.54,0,2371.14,1168,236,932,23.36,0,0,0,181.32,634.74,,7.95447,7623,1169,1907,0.153352,4.66037,1.59281,13.5396
Full,1.2,1,0.25,0.8,-0.1,-0.5,,12639.4,10041.5,-1239.55,3837.37,1230,247,983,24.6,0,0,0,202.44,678.72,,7.95447,7629,1232,1887,0.161489,4.65854,1.70617,13.7279
Full,1.2,1,0.5,0.5,0,0,,15978.1,16571.3,0,-593.149,2004,470,1534,20.04,0,0,0,172.33,556.04,,7.95447,7621,2004,1356,0.262958,3.41123,1.00449,12.8962
Full,1.2,1,0.5,0.5,-0.1,-0.5,,16630.5,15887.3,-2056.34,2799.5,2072,509,1563,20.72,0,0,0,168.02,522.75,,7.95447,7598,2072,1239,0.272703,3.16031,0.883205,11.9577
Full,1.2,1,0.5,0.6,0,0,,17263.7,15712.5,0,1551.2,1939,449,1490,19.39,0,0,0,163.27,525.41,,7.95447,7597,1939,1375,0.255232,3.43333,1.08097,12.9788
Full,1.2,1,0.5,0.6,-0.1,-0.5,,18730,16848.9,-2086.31,3967.4,2099,509,1590,20.99,0,0,0,182.74,554.76,,7.95447,7616,2099,1337,0.275604,3.23267,1.01667,12.1582
Full,1.2,1,0.5,0.7,0,0,,19391.2,16027.1,0,3364.12,1997,438,1559,19.97,0,0,0,166.18,535.33,,7.95447,7621,1997,1356,0.262039,3.24905,0.983976,12.8903
Full,1.2,1,0.5,0.7,-0.1,-0.5,,20538.4,16760.7,-2228.67,6006.4,2106,480,1626,21.06,0,0,0,173.34,559.4,,7.95447,7626,2106,1266,0.276161,3.09586,0.803419,12.8626
Full,1.2,1,0.5,0.8,0,0,,21957.3,15910.3,0,6047.05,2022,493,1529,20.22,0,0,0,170.69,523.73,,7.95447,7610,2022,1335,0.265703,3.25256,0.930762,12.9723
Full,1.2,1,0.5,0.8,-0.1,-0.5,,20861.4,15834.3,-2143.68,7170.74,1950,445,1505,19.5,0,0,0,162.06,532.16,,7.95447,7616,1950,1436,0.25604,3.38196,1.01897,13.353
Full,1.2,1,1,0.5,0,0,,22176,20534.9,0,1641.15,2652,712,1940,13.26,0,0,0,109.745,337.33,,7.95447,7631,2652,929,0.34753,1.76687,0.257541,10.1731
Full,1.2,1,1,0.5,-0.1,-0.5,,22831.5,21106.9,-2890.5,4615.09,2712,710,2002,13.56,0,0,0,116.145,343.73,,7.95447,7621,2712,944,0.355859,1.80987,0.257743,10.3195
Full,1.2,1,1,0.6,0,0,,23362.8,19797.1,0,3565.65,2541,661,1880,12.705,0,0,0,107.225,324.18,,7.95447,7625,2541,972,0.333246,2.20026,0.369933,10.4216
Full,1.2,1,1,0.6,-0.1,-0.5,,25168,20844.9,-2889.86,7212.95,2723,738,1985,13.615,0,0,0,112.89,340.16,,7.95447,7609,2723,895,0.357866,1.72151,0.226221,9.87315
Full,1.2,1,1,0.7,0,0,,27147.7,20806.1,0,6341.57,2661,744,1917,13.305,0,0,0,112.815,340.815,,7.95447,7605,2661,956,0.349901,1.8806,0.309282,10.1147
Full,1.2,1,1,0.7,-0.1,-0.5,,26231.3,19511.7,-2653.95,9373.54,2564,722,1842,12.82,0,0,0,107.6,316.095,,7.95447,7616,2564,1007,0.33666,2.05777,0.370125,9.8774
Full,1.2,1,1,0.8,0,0,,28232.9,19942.5,0,8290.44,2563,665,1898,12.815,0,0,0,109.21,325.28,,7.95447,7618,2563,977,0.33644,2.10738,0.34803,10.0939
Full,1.2,1,1,0.8,-0.1,-0.5,,28893.9,20629.7,-2836.54,11100.8,2615,657,1958,13.075,0,0,0,112.685,337.685,,7.95447,7605,2615,948,0.343853,1.97778,0.331549,10.291
Full,1.2,1,1.5,0.5,0,0,,24149.3,21297.7,0,2851.53,2834,806,2028,9.44667,0,0,0,77.6567,230.073,,7.95447,7610,2834,836,0.372405,1.56912,0.134439,8.85558
Full,1.2,1,1.5,0.5,-0.1,-0.5,,23346.6,21213.1,-3012.12,5145.63,2746,762,1984,9.15333,0,0,0,75.9467,231.84,,7.95447,7610,2746,890,0.360841,1.55874,0.124545,9.32557
Full,1.2,1,1.5,0.6,0,0,,26454,21044.5,0,5409.46,2818,801,2017,9.39333,0,0,0,76.1333,227.643,,7.95447,7610,2818,852,0.370302,1.58147,0.161107,8.87357
Full,1.2,1,1.5,0.6,-0.1,-0.5,,26865.6,21134.1,-3092.75,8824.2,2854,784,2070,9.51333,0,0,0,78.5867,226.083,,7.95447,7619,2854,858,0.37459,1.49048,0.103364,8.47773
Full,1.2,1,1.5,0.7,0,0,,28876.7,21157.1,0,7719.56,2842,763,2079,9.47333,0,0,0,77.9467,227.307,,7.95447,7622,2842,873,0.372868,1.59827,0.138635,8.67207
Full,1.2,1,1.5,0.7,-0.1,-0.5,,28669.6,20955.7,-2881.44,10595.3,2758,794,1964,9.19333,0,0,0,78.0667,225.23,,7.95447,7604,2758,877,0.362704,1.52749,0.134518,8.43043
Full,1.2,1,1.5,0.8,0,0,,31467.6,20690.5,0,10777.1,2798,821,1977,9.32667,0,0,0,76.0833,222.127,,7.95447,7631,2798,869,0.366662,1.54003,0.106862,8.79875
Full,1.2,1,1.5,0.8,-0.1,-0.5,,31401.6,21331.5,-2934.25,13004.3,2810,802,2008,9.36667,0,0,0,78.6167,230.077,,7.95447,7608,2810,801,0.369348,1.47871,0.113523,8.25359
Single,1,1,0.25,0.5,0,0,,21455.5,14232.8,0,7222.71,2054,2054,0,41.08,0,0,0,353.24,864.64,,2.44142,7621,2054,4882,0.269518,4.47317,3.37585,9.443
Single,1,1,0.25,0.5,-0.1,-0.5,,20901.2,13978.9,0,6922.28,2034,2034,0,40.68,0,0,0,341.78,852.72,,2.44142,7629,2034,4962,0.266614,4.43125,3.28663,9.59596
Single,1,1,0.25,0.6,0,0,,21580.7,14374.6,0,7206.12,2066,2066,0,41.32,0,0,0,355.22,875.64,,2.44142,7624,2066,4897,0.270986,4.53909,3.33156,9.61931
Single,1,1,0.25,0.6,-0.1,-0.5,,21525.6,14291.4,0,7234.22,2067,2067,0,41.34,0,0,0,354.6,867.84,,2.44142,7601,2067,4868,0.271938,4.49441,3.33091,9.43079
Single,1,1,0.25,0.7,0,0,,20960.3,13973.7,0,6986.54,2043,2043,0,40.86,0,0,0,340.76,852.32,,2.44142,7638,2043,4968,0.267478,4.5072,3.41703,9.50253
Single,1,1,0.25,0.7,-0.1,-0.5,,21276.7,14170.5,0,7106.11,2042,2042,0,40.84,0,0,0,354.14,858.72,,2.44142,7591,2042,4929,0.269003,4.47556,3.37218,9.51106
Single,1,1,0.25,0.8,0,0,,21525.9,14287.2,0,7238.76,2071,2071,0,41.42,0,0,0,353.18,868.44,,2.44142,7611,2071,4910,0.272106,4.50322,3.39643,9.4442
Single,1,1,0.25,0.8,-0.1,-0.5,,21404.9,14277.8,0,7127.19,2075,2075,0,41.5,0,0,0,349.94,870.34,,2.44142,7616,2075,4854,0.272453,4.5365,3.34265,9.55553
Single,1,1,0.5,0.5,0,0,,36688.6,22414.8,0,14273.8,3460,3460,0,34.6,0,0,0,275.31,672.44,,2.44142,7597,3460,3632,0.455443,1.15546,0.90289,7.51109
Single,1,1,0.5,0.5,-0.1,-0.5,,35342.1,21640.8,0,13701.3,3324,3324,0,33.24,0,0,0,266.97,648.88,,2.44142,7602,3324,3737,0.437253,1.21073,0.925391,7.51792
Single,1,1,0.5,0.6,0,0,,36120.3,21940.6,0,14179.7,3419,3419,0,34.19,0,0,0,269.57,656.52,,2.44142,7625,3419,3663,0.448393,1.03659,0.78093,7.28434
Single,1,1,0.5,0.6,-0.1,-0.5,,36514.7,22324.4,0,14190.3,3411,3411,0,34.11,0,0,0,277.56,668.12,,2.44142,7623,3411,3696,0.447462,1.33858,1.06508,7.58371
Single,1,1,0.5,0.7,0,0,,36651.4,22563.8,0,14087.6,3430,3430,0,34.3,0,0,0,277.8,678.9,,2.44142,7599,3430,3678,0.451375,1.29293,1.02157,7.65647
Single,1,1,0.5,0.7,-0.1,-0.5,,35863.5,21628.4,0,14235.1,3391,3391,0,33.91,0,0,0,264.7,647.18,,2.44142,7625,3391,3737,0.444721,1.07711,0.785019,7.09476
Single,1,1,0.5,0.8,0,0,,35961.9,21919.8,0,14042,3418,3418,0,34.18,0,0,0,268.92,656.18,,2.44142,7611,3418,3674,0.449087,1.10761,0.879754,7.3951
Single,1,1,0.5,0.8,-0.1,-0.5,,36225.8,22029.6,0,14196.2,3407,3407,0,34.07,0,0,0,272.95,658.19,,2.44142,7620,3407,3686,0.447113,1.14974,0.875844,7.40071
Single,1,1,1,0.5,0,0,,37957.5,20266.5,0,17691,3547,3547,0,17.735,0,0,0,123.16,294.83,,2.44142,7616,3547,3535,0.46573,0.00052521,0.000563857,4.22064
Single,1,1,1,0.5,-0.1,-0.5,,37891.8,20502.7,0,17389.1,3521,3521,0,17.605,0,0,0,124.66,299.885,,2.44142,7605,3521,3599,0.462985,0.00512821,0.00653224,4.56787
Single,1,1,1,0.6,0,0,,38078.5,20230.3,0,17848.1,3547,3547,0,17.735,0,0,0,122.965,294.12,,2.44142,7593,3547,3612,0.467141,0,0,4.11318
Single,1,1,1,0.6,-0.1,-0.5,,37446.4,20117.5,0,17328.9,3500,3500,0,17.5,0,0,0,122.83,292.61,,2.44142,7615,3500,3614,0.459619,0.00170716,0.00171429,4.2464
Single,1,1,1,0.7,0,0,,37997.3,20278.1,0,17719.2,3551,3551,0,17.755,0,0,0,122.9,295.28,,2.44142,7616,3551,3578,0.466255,0.00052521,0.000563222,4.17433
Single,1,1,1,0.7,-0.1,-0.5,,38000.3,20276.7,0,17723.5,3569,3569,0,17.845,0,0,0,122.515,295.18,,2.44142,7605,3569,3503,0.469297,0.0035503,0.00336229,4.21371
Single,1,1,1,0.8,0,0,,37828.1,20262.5,0,17565.5,3539,3539,0,17.695,0,0,0,122.975,295.115,,2.44142,7616,3539,3602,0.46468,0.00144433,0.00141283,4.27716
Single,1,1,1,0.8,-0.1,-0.5,,37913.6,20354.1,0,17559.5,3568,3568,0,17.84,0,0,0,123.075,296.58,,2.44142,7615,3568,3547,0.468549,0.00380827,0.00224215,4.33757
Single,1,1,1.5,0.5,0,0,,37534.3,19530.1,0,18004.1,3545,3545,0,11.8167,0,0,0,78.3267,188.093,,2.44142,7599,3545,3569,0.466509,0,0,3.59602
Single,1,1,1.5,0.5,-0.1,-0.5,,37984.9,19954.9,0,18029.9,3552,3552,0,11.84,0,0,0,80.1333,193.25,,2.44142,7610,3552,3574,0.466754,0.00157687,0.00197072,3.82002
Single,1,1,1.5,0.6,0,0,,38285.6,19875.5,0,18410.1,3639,3639,0,12.13,0,0,0,79.6767,190.933,,2.44142,7612,3639,3477,0.478061,0.000262743,0.000549602,3.60352
Single,1,1,1.5,0.6,-0.1,-0.5,,38142.1,19784.7,0,18357.3,3542,3542,0,11.8067,0,0,0,80.3633,190.35,,2.44142,7623,3542,3602,0.464646,0,0,3.57377
Single,1,1,1.5,0.7,0,0,,38153,19900.2,0,18252.9,3582,3582,0,11.94,0,0,0,79.63,192.34,,2.44142,7618,3582,3571,0.470202,0,0,3.68094
Single,1,1,1.5,0.7,-0.1,-0.5,,38760.8,20132.1,0,18628.7,3645,3645,0,12.15,0,0,0,81.1333,193.653,,2.44142,7619,3645,3464,0.478409,0.000131251,0.000274348,3.59338
Single,1,1,1.5,0.8,0,0,,38544.1,20277.7,0,18266.3,3637,3637,0,12.1233,0,0,0,81.44,195.907,,2.44142,7589,3637,3461,0.479246,0,0,3.87997
Single,1,1,1.5,0.8,-0.1,-0.5,,37719,19640.8,0,18078.3,3533,3533,0,11.7767,0,0,0,78.85,189.613,,2.44142,7620,3533,3589,0.463648,0,0,3.70101
Single,0.8,1,0.25,0.5,0,0,,25491.5,15314.4,0,10177.1,2735,2735,0,54.7,0,0,0,435.96,821.98,,1.69016,7608,2735,4791,0.35949,3.94493,3.17989,6.20631
Single,0.8,1,0.25,0.5,-0.1,-0.5,,25674.7,15239.8,0,10434.9,2738,2738,0,54.76,0,0,0,432.06,818.12,,1.69016,7597,2739,4768,0.360537,3.91365,3.1621,6.03834
Single,0.8,1,0.25,0.6,0,0,,25859.5,15486.8,0,10372.7,2778,2778,0,55.56,0,0,0,437.94,832.94,,1.69016,7607,2778,4742,0.36519,3.92415,3.15299,6.14431
Single,0.8,1,0.25,0.6,-0.1,-0.5,,25601,15173,0,10428,2743,2743,0,54.86,0,0,0,428.16,814.84,,1.69016,7603,2743,4779,0.360779,3.80639,3.01677,5.97229
Single,0.8,1,0.25,0.7,0,0,,25616.7,15356.8,0,10259.9,2773,2773,0,55.46,0,0,0,435.28,823.1,,1.69016,7616,2773,4746,0.364102,4.0084,3.2225,6.14148
Single,0.8,1,0.25,0.7,-0.1,-0.5,,25332.7,15089.6,0,10243.2,2710,2710,0,54.2,0,0,0,427.98,809.98,,1.69016,7615,2710,4809,0.355877,3.82534,3.04686,6.04555
Single,0.8,1,0.25,0.8,0,0,,25103.2,15088.2,0,10015,2695,2695,0,53.9,0,0,0,426.68,812.64,,1.69016,7626,2695,4831,0.353396,3.901,3.1295,6.19961
Single,0.8,1,0.25,0.8,-0.1,-0.5,,25439.6,15163.2,0,10276.4,2734,2734,0,54.68,0,0,0,427.92,815,,1.69016,7604,2734,4789,0.359548,3.9424,3.15069,6.06399
Single,0.8,1,0.5,0.5,0,0,,36005.7,19219.1,0,16786.6,3802,3802,0,38.02,0,0,0,265.17,505.69,,1.69016,7628,3802,3760,0.498427,0.247116,0.248027,4.07118
Single,0.8,1,0.5,0.5,-0.1,-0.5,,35801.7,19166.3,0,16635.5,3771,3771,0,37.71,0,0,0,265.69,504.08,,1.69016,7611,3771,3762,0.495467,0.303902,0.287722,4.10975
Single,0.8,1,0.5,0.6,0,0,,35350.9,18592.9,0,16758,3786,3786,0,37.86,0,0,0,254.47,485.88,,1.69016,7626,3786,3769,0.496459,0.226724,0.20074,3.81265
Single,0.8,1,0.5,0.6,-0.1,-0.5,,35948.7,18977.9,0,16970.8,3784,3784,0,37.84,0,0,0,260.7,499,,1.69016,7619,3784,3769,0.496653,0.138863,0.128436,3.89453
Single,0.8,1,0.5,0.7,0,0,,35136.9,18674.5,0,16462.5,3746,3746,0,37.46,0,0,0,255.52,490.91,,1.69016,7628,3746,3805,0.491085,0.0824594,0.0704752,3.9989
Single,0.8,1,0.5,0.7,-0.1,-0.5,,35471.1,18707.3,0,16763.8,3733,3733,0,37.33,0,0,0,258.31,490.41,,1.69016,7621,3733,3814,0.489831,0.331453,0.308063,3.8753
Single,0.8,1,0.5,0.8,0,0,,35428.2,18691.5,0,16736.7,3779,3779,0,37.79,0,0,0,255.41,490.22,,1.69016,7607,3779,3740,0.496779,0.309583,0.269383,3.87215
Single,0.8,1,0.5,0.8,-0.1,-0.5,,35847.1,18880.3,0,16966.9,3799,3799,0,37.99,0,0,0,259.39,494.68,,1.69016,7613,3799,3750,0.499015,0.359254,0.338247,3.84132
Single,0.8,1,1,0.5,0,0,,35116.5,17154.5,0,17962,3716,3716,0,18.58,0,0,0,114.27,221.695,,1.69016,7633,3716,3835,0.486833,0,0,2.57495
Single,0.8,1,1,0.5,-0.1,-0.5,,34888.9,17077.8,0,17811.2,3704,3704,0,18.52,0,0,0,113.86,220.485,,1.69016,7592,3704,3823,0.487882,0,0,2.60202
Single,0.8,1,1,0.6,0,0,,36154.1,17828.3,0,18325.7,3774,3774,0,18.87,0,0,0,120.61,230.75,,1.69016,7619,3774,3776,0.495341,0.00210001,0.00158983,2.72004
Single,0.8,1,1,0.6,-0.1,-0.5,,35863.8,17545.2,0,18318.7,3800,3800,0,19,0,0,0,116.685,226.945,,1.69016,7616,3800,3746,0.49895,0,0,2.59585
Single,0.8,1,1,0.7,0,0,,35316.1,17386.1,0,17930,3724,3724,0,18.62,0,0,0,116.33,225.225,,1.69016,7581,3724,3775,0.491228,0,0,2.67886
Single,0.8,1,1,0.7,-0.1,-0.5,,35720.2,17605.7,0,18114.5,3753,3753,0,18.765,0,0,0,118.15,228.17,,1.69016,7614,3753,3793,0.492908,0.000919359,0.000532907,2.71561
Single,0.8,1,1,0.8,0,0,,35114.6,17295.1,0,17819.4,3751,3751,0,18.755,0,0,0,115.16,223.445,,1.69016,7621,3751,3803,0.492193,0.00406771,0.00319915,2.69086
Single,0.8,1,1,0.8,-0.1,-0.5,,36090.5,17829.7,0,18260.8,3814,3814,0,19.07,0,0,0,119.115,231.28,,1.69016,7613,3814,3718,0.500985,0.000525417,0.00104877,2.75527
Single,0.8,1,1.5,0.5,0,0,,36267.7,17512.6,0,18755.1,3801,3801,0,12.67,0,0,0,77.6267,150.9,,1.69016,7611,3801,3744,0.499409,0,0,2.36409
Single,0.8,1,1.5,0.5,-0.1,-0.5,,34856.2,16844.6,0,18011.7,3711,3711,0,12.37,0,0,0,74.4567,144.437,,1.69016,7591,3711,3813,0.488868,0,0,2.37995
Single,0.8,1,1.5,0.6,0,0,,35488.5,17227.6,0,18260.9,3737,3737,0,12.4567,0,0,0,76.57,148.273,,1.69016,7620,3737,3797,0.49042,0,0,2.44176
Single,0.8,1,1.5,0.6,-0.1,-0.5,,36272.4,17610.2,0,18662.2,3846,3846,0,12.82,0,0,0,77.6933,151.71,,1.69016,7624,3846,3702,0.50446,0.000393494,0.000520021,2.43818
Single,0.8,1,1.5,0.7,0,0,,34985.4,16849.2,0,18136.2,3688,3688,0,12.2933,0,0,0,74.2333,145.12,,1.69016,7619,3688,3846,0.484053,0,0,2.29921
Single,0.8,1,1.5,0.7,-0.1,-0.5,,34823.2,16807.4,0,18015.8,3704,3704,0,12.3467,0,0,0,74.02,144.37,,1.69016,7613,3704,3831,0.486536,0.000262709,0.000539957,2.37564
Single,0.8,1,1.5,0.8,0,0,,36458.8,17602.4,0,18856.4,3854,3854,0,12.8467,0,0,0,77.5433,151.597,,1.69016,7623,3854,3700,0.505575,0,0,2.37302
Single,0.8,1,1.5,0.8,-0.1,-0.5,,35779.6,17362.4,0,18417.3,3753,3753,0,12.51,0,0,0,77.21,149.613,,1.69016,7609,3753,3782,0.493232,0.00039427,0.000266454,2.43053
Single,1.2,1,0.25,0.5,0,0,,14630.7,9991.12,0,4639.62,1151,1151,0,23.02,0,0,0,252.7,631.32,,7.95447,7629,1152,1782,0.151003,3.45288,0.99566,9.74036
Single,1.2,1,0.25,0.5,-0.1,-0.5,,14150,9460.53,0,4689.44,1127,1127,0,22.54,0,0,0,232.02,601.34,,7.95447,7613,1127,1726,0.148036,3.21765,0.88465,9.37876
Single,1.2,1,0.25,0.6,0,0,,14512.2,9489.92,0,5022.32,1143,1143,0,22.86,0,0,0,235.42,599.28,,7.95447,7624,1143,1798,0.149921,3.21419,0.969379,8.86148
Single,1.2,1,0.25,0.6,-0.1,-0.5,,15214.4,10051.9,0,5162.44,1213,1213,0,24.26,0,0,0,253.92,629.98,,7.95447,7592,1213,1731,0.159773,3.05071,0.898598,10.3375
Single,1.2,1,0.25,0.7,0,0,,16010.4,10633.5,0,5376.9,1271,1271,0,25.42,0,0,0,269.06,667.2,,7.95447,7606,1271,1624,0.167105,2.62253,0.722266,9.5003
Single,1.2,1,0.25,0.7,-0.1,-0.5,,14362.6,9406.52,0,4956.03,1155,1155,0,23.1,0,0,0,236.06,589.1,,7.95447,7609,1155,1733,0.151794,2.88829,0.744589,9.09127
Single,1.2,1,0.25,0.8,0,0,,15365.6,10105.5,0,5260.12,1201,1201,0,24.02,0,0,0,251.44,639.02,,7.95447,7595,1201,1743,0.15813,3.25504,0.975021,9.46159
Single,1.2,1,0.25,0.8,-0.1,-0.5,,14556.1,9896.72,0,4659.4,1152,1152,0,23.04,0,0,0,247.94,626.54,,7.95447,7616,1153,1755,0.151392,3.21061,0.953166,9.41349
Single,1.2,1,0.5,0.5,0,0,,17814.7,10775.5,0,7039.11,1380,1380,0,13.8,0,0,0,138.3,331.48,,7.95447,7623,1380,1597,0.181031,2.00958,0.142754,6.48623
Single,1.2,1,0.5,0.5,-0.1,-0.5,,18317.6,10857.1,0,7460.42,1472,1472,0,14.72,0,0,0,138.25,331.01,,7.95447,7620,1472,1582,0.193176,1.83793,0.157609,6.2954
Single,1.2,1,0.5,0.6,0,0,,19219,11997.7,0,7221.28,1488,1488,0,14.88,0,0,0,148.94,376.55,,7.95447,7623,1488,1530,0.195199,1.77594,0.116263,6.53345
Single,1.2,1,0.5,0.6,-0.1,-0.5,,18008.4,10980.3,0,7028.04,1413,1413,0,14.13,0,0,0,140.41,337.96,,7.95447,7613,1413,1543,0.185604,1.95875,0.162774,6.91148
Single,1.2,1,0.5,0.7,0,0,,18825,11343.5,0,7481.49,1464,1464,0,14.64,0,0,0,144.8,349.18,,7.95447,7595,1464,1536,0.192758,1.69203,0.0580601,6.11002
Single,1.2,1,0.5,0.7,-0.1,-0.5,,18280.2,11043.7,0,7236.48,1440,1440,0,14.4,0,0,0,136.16,344.03,,7.95447,7617,1440,1536,0.189051,1.96101,0.188194,6.73126
Single,1.2,1,0.5,0.8,0,0,,17783.2,10566.6,0,7216.63,1406,1406,0,14.06,0,0,0,135.97,322.06,,7.95447,7610,1406,1576,0.184757,1.80578,0.083926,6.02644
Single,1.2,1,0.5,0.8,-0.1,-0.5,,17519.9,10547.3,0,6972.55,1380,1380,0,13.8,0,0,0,135.86,322.51,,7.95447,7621,1380,1538,0.181079,1.87981,0.127536,5.92743
Single,1.2,1,1,0.5,0,0,,19134.9,10775.8,0,8359.11,1501,1501,0,7.505,0,0,0,70.52,161.35,,7.95447,7620,1501,1507,0.196982,1.73097,0.0459694,5.00001
Single,1.2,1,1,0.5,-0.1,-0.5,,19170.2,11212.6,0,7957.6,1500,1500,0,7.5,0,0,0,69.64,173.175,,7.95447,7608,1500,1529,0.197161,1.53877,0.0873333,5.10398
Single,1.2,1,1,0.6,0,0,,18885.3,10863.8,0,8021.52,1477,1477,0,7.385,0,0,0,68.99,165.68,,7.95447,7584,1477,1522,0.194752,1.548,0.0250508,4.83171
Single,1.2,1,1,0.6,-0.1,-0.5,,18873.5,10973.8,0,7899.67,1472,1472,0,7.36,0,0,0,69.44,168.105,,7.95447,7603,1472,1511,0.193608,1.58964,0.0380435,4.90003
Single,1.2,1,1,0.7,0,0,,19262.6,10969.6,0,8293.06,1502,1502,0,7.51,0,0,0,69.47,167.22,,7.95447,7576,1502,1551,0.198258,1.51505,0.0645806,5.05837
Single,1.2,1,1,0.7,-0.1,-0.5,,19000,11156.6,0,7843.45,1478,1478,0,7.39,0,0,0,69.605,172.36,,7.95447,7618,1478,1518,0.194014,1.67879,0.0331529,5.07788
Single,1.2,1,1,0.8,0,0,,18764,11046.8,0,7717.19,1488,1488,0,7.44,0,0,0,67.68,171.29,,7.95447,7612,1488,1491,0.195481,1.76051,0.0692204,4.97893
Single,1.2,1,1,0.8,-0.1,-0.5,,18536.6,10303.8,0,8232.77,1449,1449,0,7.245,0,0,0,65.915,155.455,,7.95447,7622,1449,1525,0.190108,1.66636,0.0386473,4.87995
Single,1.2,1,1.5,0.5,0,0,,18488,10806.8,0,7681.21,1466,1466,0,4.88667,0,0,0,46.3133,109.367,,7.95447,7628,1466,1590,0.192187,1.82695,0.0634379,4.50876
Single,1.2,1,1.5,0.5,-0.1,-0.5,,19519.8,11259.6,0,8260.21,1528,1528,0,5.09333,0,0,0,47.96,114.233,,7.95447,7631,1528,1513,0.200236,1.6682,0.0451571,4.30581
Single,1.2,1,1.5,0.6,0,0,,19315.9,10618.4,0,8697.49,1506,1506,0,5.02,0,0,0,44.9967,106.877,,7.95447,7595,1506,1549,0.198288,1.67228,0.0504648,4.47519
Single,1.2,1,1.5,0.6,-0.1,-0.5,,19358.2,10378.6,0,8979.66,1530,1530,0,5.1,0,0,0,44.3833,103.093,,7.95447,7616,1530,1480,0.200893,1.60806,0.0405229,4.38495
Single,1.2,1,1.5,0.7,0,0,,18292.6,10248.4,0,8044.18,1445,1445,0,4.81667,0,0,0,43.7067,103.017,,7.95447,7622,1445,1504,0.189583,1.58239,0.0138408,4.42262
Single,1.2,1,1.5,0.7,-0.1,-0.5,,19577.3,10755.2,0,8822.15,1525,1525,0,5.08333,0,0,0,45.7667,108.07,,7.95447,7615,1525,1475,0.200263,1.80289,0.0439344,4.46094
Single,1.2,1,1.5,0.8,0,0,,18444.9,10051.2,0,8393.69,1443,1443,0,4.81,0,0,0,42.8767,100.593,,7.95447,7610,1443,1525,0.189619,1.76544,0.0686071,4.60596
Single,1.2,1,1.5,0.8,-0.1,-0.5,,18987.2,10768.8,0,8218.4,1503,1503,0,5.01,0,0,0,44.61,109.82,,7.95447,7619,1503,1511,0.19727,1.67765,0.0326015,4.57848
Pool,1,1,0.25,0.5,0,0,,15059.2,14734,0,325.175,2994,0,2994,59.88,0,0,0,297.56,876.44,,2.44142,7624,2994,4034,0.392707,2.82175,1.24716,7.82772
Pool,1,1,0.25,0.5,-0.1,-0.5,,14735.9,14636.8,-1713.99,1813.1,2962,0,2962,59.24,0,0,0,290.28,877.2,,2.44142,7626,2962,4094,0.388408,2.93247,1.3079,7.93058
Pool,1,1,0.25,0.6,0,0,,17369.8,14411.6,0,2958.22,2913,0,2913,58.26,0,0,0,284.9,864.96,,2.44142,7625,2913,4134,0.382033,2.83816,1.21765,7.93647
Pool,1,1,0.25,0.6,-0.1,-0.5,,17631.9,14597.6,-1685.67,4719.99,2928,0,2928,58.56,0,0,0,293.22,873.74,,2.44142,7606,2928,4125,0.384959,2.91835,1.35861,7.91986
Pool,1,1,0.25,0.7,0,0,,20796.7,14578.4,0,6218.37,2952,0,2952,59.04,0,0,0,292.84,869.8,,2.44142,7625,2952,4125,0.387148,2.79646,1.26999,7.79511
Pool,1,1,0.25,0.7,-0.1,-0.5,,20790.8,14620.2,-1659.93,7830.51,2966,0,2966,59.32,0,0,0,294.22,871.2,,2.44142,7614,2966,4107,0.389546,2.85999,1.30243,7.73219
Pool,1,1,0.25,0.8,0,0,,23244.6,14320,0,8924.62,2884,0,2884,57.68,0,0,0,288.02,855.58,,2.44142,7609,2884,4176,0.379025,2.88224,1.32732,7.96477
Pool,1,1,0.25,0.8,-0.1,-0.5,,23812.7,14516,-1701.5,10998.2,2983,0,2983,59.66,0,0,0,290.38,862.92,,2.44142,7617,2983,4084,0.391624,2.82119,1.30875,7.70922
Pool,1,1,0.5,0.5,0,0,,23752.7,24446.2,0,-693.514,4608,0,4608,46.08,0,0,0,255.18,736.74,,2.44142,7603,4608,2653,0.606077,0.663817,0.385634,7.51904
Pool,1,1,0.5,0.5,-0.1,-0.5,,23742.2,24415.4,-2826.93,2153.74,4613,0,4613,46.13,0,0,0,255.27,734.86,,2.44142,7620,4613,2658,0.605381,0.63622,0.35465,7.35718
Pool,1,1,0.5,0.6,0,0,,28877.6,24566.4,0,4311.24,4605,0,4605,46.05,0,0,0,257.49,740.59,,2.44142,7629,4605,2681,0.603618,0.664832,0.390011,7.47854
Pool,1,1,0.5,0.6,-0.1,-0.5,,28186.5,24298,-2836.66,6725.12,4550,0,4550,45.5,0,0,0,251.55,735.86,,2.44142,7606,4550,2710,0.598212,0.656455,0.4,7.58624
Pool,1,1,0.5,0.7,0,0,,32938.4,23991,0,8947.39,4505,0,4505,45.05,0,0,0,250.51,723.8,,2.44142,7619,4505,2765,0.591285,0.689592,0.39889,7.35122
Pool,1,1,0.5,0.7,-0.1,-0.5,,32964.3,24199,-2804.58,11569.9,4501,0,4501,45.01,0,0,0,253.46,731.45,,2.44142,7587,4501,2745,0.593252,0.686306,0.408354,7.56147
Pool,1,1,0.5,0.8,0,0,,37905.3,24395.4,0,13509.9,4575,0,4575,45.75,0,0,0,253.92,737.11,,2.44142,7628,4575,2698,0.599764,0.817383,0.485027,7.63221
Pool,1,1,0.5,0.8,-0.1,-0.5,,38273,24752.6,-2883.31,16403.7,4623,0,4623,46.23,0,0,0,256.86,749.63,,2.44142,7609,4623,2653,0.60757,0.710343,0.40796,7.63967
Pool,1,1,1,0.5,0,0,,26539.8,26022.1,0,517.768,5067,0,5067,25.335,0,0,0,137.535,386.345,,2.44142,7637,5067,2314,0.66348,0.00510672,0.00276298,5.44008
Pool,1,1,1,0.5,-0.1,-0.5,,26262.8,25665.1,-3253.1,3850.85,5055,0,5055,25.275,0,0,0,133.96,381.295,,2.44142,7608,5055,2310,0.664432,0.00236593,0.00098912,5.36923
Pool,1,1,1,0.6,0,0,,31113.1,25606.5,0,5506.67,4999,0,4999,24.995,0,0,0,133.705,381.485,,2.44142,7615,4999,2368,0.656467,0.00288903,0.00220044,5.5053
Pool,1,1,1,0.6,-0.1,-0.5,,31567.3,26093.3,-3262.67,8736.69,5053,0,5053,25.265,0,0,0,136.97,389.04,,2.44142,7627,5053,2327,0.662515,0.00642454,0.00415595,5.56966
Pool,1,1,1,0.7,0,0,,36725.8,25622.5,0,11103.4,5067,0,5067,25.335,0,0,0,135.135,378.755,,2.44142,7605,5067,2307,0.666272,0.000131492,0,5.26485
Pool,1,1,1,0.7,-0.1,-0.5,,37194,26007.1,-3277.56,14464.5,5059,0,5059,25.295,0,0,0,136.145,387.56,,2.44142,7634,5059,2336,0.662693,0.00248887,0.00177901,5.52735
Pool,1,1,1,0.8,0,0,,42146.1,25978.7,0,16167.5,5061,0,5061,25.305,0,0,0,135.62,387.325,,2.44142,7609,5061,2259,0.665133,0.0056512,0.00217348,5.49614
Pool,1,1,1,0.8,-0.1,-0.5,,42423.8,26163.3,-3238.7,19499.2,5061,0,5061,25.305,0,0,0,137.52,390.04,,2.44142,7621,5061,2307,0.664086,0.0056423,0.00395179,5.49478
Pool,1,1,1.5,0.5,0,0,,26111.6,25144.1,0,967.494,5037,0,5037,16.79,0,0,0,87.5567,247.563,,2.44142,7626,5037,2365,0.660504,0.000393391,0.000397062,4.96743
Pool,1,1,1.5,0.5,-0.1,-0.5,,25992.3,24933.3,-3190.47,4249.41,5036,0,5036,16.7867,0,0,0,86.54,245.083,,2.44142,7624,5036,2325,0.660546,0,0,4.77548
Pool,1,1,1.5,0.6,0,0,,31480,25355.9,0,6124.1,5048,0,5048,16.8267,0,0,0,88.24,250.227,,2.44142,7628,5048,2347,0.661772,0,0,4.94178
Pool,1,1,1.5,0.6,-0.1,-0.5,,32007.7,25857.7,-3339.44,9489.49,5124,0,5124,17.08,0,0,0,89.6333,255.93,,2.44142,7604,5124,2241,0.673856,0.00105208,0.00078064,5.09256
Pool,1,1,1.5,0.7,0,0,,36813.9,25295.7,0,11518.2,5034,0,5034,16.78,0,0,0,87.2867,250.41,,2.44142,7634,5034,2361,0.659418,0,0,5.01662
Pool,1,1,1.5,0.7,-0.1,-0.5,,37392.4,25556.9,-3264.53,15100.1,5095,0,5095,16.9833,0,0,0,89.0667,251.967,,2.44142,7603,5095,2276,0.67013,0,0,4.95253
Pool,1,1,1.5,0.8,0,0,,41642.6,24768.5,0,16874.1,5007,0,5007,16.69,0,0,0,85.82,243.54,,2.44142,7614,5007,2338,0.657604,0,0,4.88962
Pool,1,1,1.5,0.8,-0.1,-0.5,,41881.9,25241.9,-3208.34,19848.3,5057,0,5057,16.8567,0,0,0,87.58,248.837,,2.44142,7606,5057,2272,0.66487,0,0,4.9659
Pool,0.8,1,0.25,0.5,0,0,,15847.2,14905.4,0,941.827,3535,0,3535,70.7,0,0,0,362.66,774.38,,1.69016,7617,3535,3986,0.464093,0.935014,0.546535,5.0384
Pool,0.8,1,0.25,0.5,-0.1,-0.5,,15741.1,14906.6,-437.734,1272.23,3533,0,3533,70.66,0,0,0,362.26,775.1,,1.69016,7624,3533,4008,0.463405,0.990556,0.579111,5.07269
Pool,0.8,1,0.25,0.6,0,0,,19146.5,15172.2,0,3974.29,3574,0,3574,71.48,0,0,0,371.42,788.4,,1.69016,7626,3574,3966,0.46866,0.953449,0.561276,5.09818
Pool,0.8,1,0.25,0.6,-0.1,-0.5,,18766.1,14855.6,-430.809,4341.28,3516,0,3516,70.32,0,0,0,361.96,772,,1.69016,7610,3516,4018,0.462024,0.849409,0.490899,5.10405
Pool,0.8,1,0.25,0.7,0,0,,22015.1,14947.2,0,7067.86,3545,0,3545,70.9,0,0,0,364.92,775.3,,1.69016,7611,3545,3961,0.465773,0.915254,0.527786,5.0324
Pool,0.8,1,0.25,0.7,-0.1,-0.5,,21803.3,14919.8,-426.059,7309.58,3537,0,3537,70.74,0,0,0,365.22,773.06,,1.69016,7605,3537,3979,0.465089,0.867982,0.498445,5.07538
Pool,0.8,1,0.25,0.8,0,0,,25228.4,14900,0,10328.4,3528,0,3528,70.56,0,0,0,364.7,772.5,,1.69016,7599,3528,3988,0.464272,0.94802,0.551304,5.08285
Pool,0.8,1,0.25,0.8,-0.1,-0.5,,25095,14884.6,-430.511,10640.9,3544,0,3544,70.88,0,0,0,362,772.06,,1.69016,7624,3544,3972,0.464848,0.977309,0.560666,5.05285
Pool,0.8,1,0.5,0.5,0,0,,19400.2,17972.9,0,1427.29,4313,0,4313,43.13,0,0,0,218.69,464.31,,1.69016,7601,4313,3223,0.567425,0.0173661,0.0111291,3.95525
Pool,0.8,1,0.5,0.5,-0.1,-0.5,,19759.4,18163.3,-563.166,2159.24,4366,0,4366,43.66,0,0,0,220.1,469.77,,1.69016,7609,4366,3179,0.573794,0.0151137,0.00870362,3.90894
Pool,0.8,1,0.5,0.6,0,0,,23389.5,17958.3,0,5431.2,4297,0,4297,42.97,0,0,0,218.53,464.54,,1.69016,7611,4297,3248,0.564578,0.0185258,0.0132651,4.02625
Pool,0.8,1,0.5,0.6,-0.1,-0.5,,23845.3,18413.1,-552.579,5984.76,4411,0,4411,44.11,0,0,0,224.75,475.36,,1.69016,7628,4411,3153,0.578264,0.00904562,0.00544094,3.99154
Pool,0.8,1,0.5,0.7,0,0,,27415.9,18000.1,0,9415.87,4309,0,4309,43.09,0,0,0,218.56,466,,1.69016,7630,4309,3266,0.564744,0.00930537,0.00487352,3.96146
Pool,0.8,1,0.5,0.7,-0.1,-0.5,,27532.8,18174.3,-553.385,9911.91,4346,0,4346,43.46,0,0,0,221.63,469.79,,1.69016,7615,4346,3204,0.570716,0.00695995,0.00322135,3.94702
Pool,0.8,1,0.5,0.8,0,0,,30853.8,17802.1,0,13051.7,4272,0,4272,42.72,0,0,0,216.44,460.07,,1.69016,7599,4272,3273,0.562179,0.0163179,0.0121723,4.02274
Pool,0.8,1,0.5,0.8,-0.1,-0.5,,31135,18056.1,-544.061,13623,4317,0,4317,43.17,0,0,0,220.13,466.83,,1.69016,7606,4317,3212,0.567578,0.00723113,0.00486449,3.97965
Pool,0.8,1,1,0.5,0,0,,19128.2,17118.7,0,2009.45,4229,0,4229,21.145,0,0,0,102.08,220.165,,1.69016,7605,4229,3308,0.556082,0,0,3.37747
Pool,0.8,1,1,0.5,-0.1,-0.5,,19411.8,17241.3,-561.046,2731.5,4303,0,4303,21.515,0,0,0,102.215,221.245,,1.69016,7618,4303,3237,0.564846,0,0,3.41299
Pool,0.8,1,1,0.6,0,0,,23558.7,17629.1,0,5929.54,4341,0,4341,21.705,0,0,0,105.3,226.905,,1.69016,7619,4341,3200,0.56976,0,0,3.42522
Pool,0.8,1,1,0.6,-0.1,-0.5,,23282.4,17384.6,-561.466,6459.31,4322,0,4322,21.61,0,0,0,103.155,223.41,,1.69016,7620,4322,3233,0.567192,0,0,3.42729
Pool,0.8,1,1,0.7,0,0,,28079.2,17774.7,0,10304.5,4430,0,4430,22.15,0,0,0,105.37,228.25,,1.69016,7616,4430,3126,0.58167,0,0,3.35977
Pool,0.8,1,1,0.7,-0.1,-0.5,,27259.5,17641.9,-566.41,10184,4360,0,4360,21.8,0,0,0,105.07,226.98,,1.69016,7611,4360,3185,0.572855,0,0,3.53052
Pool,0.8,1,1,0.8,0,0,,31437.8,17597.3,0,13840.5,4365,0,4365,21.825,0,0,0,104.79,226.02,,1.69016,7611,4365,3176,0.573512,0,0,3.48303
Pool,0.8,1,1,0.8,-0.1,-0.5,,29949.1,16660.3,-538.442,13827.2,4166,0,4166,20.83,0,0,0,98.815,213.545,,1.69016,7603,4166,3373,0.547942,0,0,3.38792
Pool,0.8,1,1.5,0.5,0,0,,19811.7,17527.8,0,2283.94,4391,0,4391,14.6367,0,0,0,69.3567,149.59,,1.69016,7624,4391,3161,0.575944,0,0,3.28314
Pool,0.8,1,1.5,0.5,-0.1,-0.5,,19197.3,17116.2,-539.333,2620.47,4246,0,4246,14.1533,0,0,0,67.7667,146.737,,1.69016,7618,4246,3311,0.557364,0,0,3.35777
Pool,0.8,1,1.5,0.6,0,0,,23124.5,17061.4,0,6063.15,4269,0,4269,14.23,0,0,0,67.2733,145.933,,1.69016,7607,4269,3254,0.561194,0,0,3.23288
Pool,0.8,1,1.5,0.6,-0.1,-0.5,,23510.8,17413,-550.973,6648.81,4329,0,4329,14.43,0,0,0,68.8767,149.19,,1.69016,7608,4329,3218,0.569006,0,0,3.32057
Pool,0.8,1,1.5,0.7,0,0,,26949.7,17066.4,0,9883.33,4296,0,4296,14.32,0,0,0,67.1067,145.733,,1.69016,7607,4296,3251,0.564743,0,0,3.23535
Pool,0.8,1,1.5,0.7,-0.1,-0.5,,26920,17164.8,-560.135,10315.3,4301,0,4301,14.3367,0,0,0,67.4067,146.99,,1.69016,7615,4301,3254,0.564806,0,0,3.33522
Pool,0.8,1,1.5,0.8,0,0,,30293.9,16782.2,0,13511.7,4204,0,4204,14.0133,0,0,0,66.1067,143.53,,1.69016,7596,4204,3317,0.553449,0,0,3.31788
Pool,0.8,1,1.5,0.8,-0.1,-0.5,,30569.5,16942.6,-548.428,14175.4,4234,0,4234,14.1133,0,0,0,66.8333,144.977,,1.69016,7607,4234,3315,0.556593,0,0,3.2776
Pool,1.2,1,0.25,0.5,0,0,,6805.93,8678.94,0,-1873,1171,0,1171,23.42,0,0,0,157.46,593.34,,7.95447,7602,1171,1938,0.154038,4.45475,1.30572,14.6315
Pool,1.2,1,0.25,0.5,-0.1,-0.5,,6103.1,8195.95,-1295.83,-797.019,1037,0,1037,20.74,0,0,0,145.04,570.86,,7.95447,7632,1037,2001,0.135875,4.63129,1.27387,15.0953
Pool,1.2,1,0.25,0.6,0,0,,7726.17,8674.14,0,-947.964,1121,0,1121,22.42,0,0,0,151.7,603.62,,7.95447,7605,1121,2009,0.147403,4.50769,1.30776,14.9649
Pool,1.2,1,0.25,0.6,-0.1,-0.5,,7913.06,9172.53,-1441.89,182.41,1156,0,1156,23.12,0,0,0,161.46,640.2,,7.95447,7597,1156,1927,0.152165,4.40068,1.18685,15.3759
Pool,1.2,1,0.25,0.7,0,0,,9257.71,8639.34,0,618.377,1150,0,1150,23,0,0,0,155.14,593.8,,7.95447,7624,1150,1948,0.150839,4.37684,1.24609,15.0904
Pool,1.2,1,0.25,0.7,-0.1,-0.5,,9212.54,8888.93,-1451.71,1775.31,1132,0,1132,22.64,0,0,0,160.28,615.42,,7.95447,7617,1133,1977,0.148746,4.50781,1.21006,14.6862
Pool,1.2,1,0.25,0.8,0,0,,10911.7,8735.74,0,2175.94,1178,0,1178,23.56,0,0,0,162.18,593.6,,7.95447,7622,1178,1923,0.154553,4.29572,1.17233,14.5977
Pool,1.2,1,0.25,0.8,-0.1,-0.5,,10969.2,8840.34,-1515.02,3643.93,1192,0,1192,23.84,0,0,0,159.08,605.76,,7.95447,7623,1192,1917,0.156369,4.27168,1.22148,15.1147
Pool,1.2,1,0.5,0.5,0,0,,11098.9,14421.9,0,-3323.04,1848,0,1848,18.48,0,0,0,134.66,494.04,,7.95447,7591,1848,1562,0.243446,2.98446,0.677489,13.7845
Pool,1.2,1,0.5,0.5,-0.1,-0.5,,10400.2,13455.9,-2203.83,-851.888,1736,0,1736,17.36,0,0,0,127.95,458.05,,7.95447,7615,1736,1579,0.227971,3.26921,0.750576,13.3957
Pool,1.2,1,0.5,0.6,0,0,,12288,12887.9,0,-599.958,1700,0,1700,17,0,0,0,125.67,433.73,,7.95447,7616,1700,1546,0.223214,3.24107,0.735882,12.4926
Pool,1.2,1,0.5,0.6,-0.1,-0.5,,12740.3,13147.3,-2254.05,1847.02,1774,0,1774,17.74,0,0,0,124.04,444.63,,7.95447,7613,1774,1580,0.233022,3.11796,0.749718,13.0144
Pool,1.2,1,0.5,0.7,0,0,,14779.6,13064.1,0,1715.52,1755,0,1755,17.55,0,0,0,121.9,443.56,,7.95447,7613,1755,1600,0.230527,3.08604,0.718518,13.4164
Pool,1.2,1,0.5,0.7,-0.1,-0.5,,14828,13456.5,-2330.84,3702.35,1770,0,1770,17.7,0,0,0,125.15,459.18,,7.95447,7615,1770,1592,0.232436,3.06448,0.69887,13.7309
Pool,1.2,1,0.5,0.8,0,0,,17830.8,13937.9,0,3892.88,1859,0,1859,18.59,0,0,0,131.15,472.8,,7.95447,7614,1859,1521,0.244155,2.90255,0.728349,13.1374
Pool,1.2,1,0.5,0.8,-0.1,-0.5,,17657.9,13736.7,-2320.71,6241.93,1835,0,1835,18.35,0,0,0,128.22,466.87,,7.95447,7607,1835,1499,0.241225,2.98659,0.6703,12.994
Pool,1.2,1,1,0.5,0,0,,13337.5,16233.9,0,-2896.4,2234,0,2234,11.17,0,0,0,79.51,270.49,,7.95447,7607,2234,1250,0.293677,1.89825,0.229633,10.2654
Pool,1.2,1,1,0.5,-0.1,-0.5,,13384.1,16032.1,-2887.89,239.828,2221,0,2221,11.105,0,0,0,78.39,266.89,,7.95447,7606,2221,1253,0.292006,2.01091,0.296713,10.8492
Pool,1.2,1,1,0.6,0,0,,16234.5,16091.5,0,142.915,2214,0,2214,11.07,0,0,0,77.3,269.64,,7.95447,7624,2214,1264,0.290399,1.78659,0.221771,11.1494
Pool,1.2,1,1,0.6,-0.1,-0.5,,15729.5,15762.1,-2909.04,2876.38,2120,0,2120,10.6,0,0,0,76.55,264.505,,7.95447,7627,2121,1333,0.278091,2.19077,0.318718,10.8505
Pool,1.2,1,1,0.7,0,0,,17725,15221.5,0,2503.43,2111,0,2111,10.555,0,0,0,75.28,252.485,,7.95447,7605,2111,1354,0.277581,2.0668,0.24396,10.5224
Pool,1.2,1,1,0.7,-0.1,-0.5,,19693.7,17045.7,-3051.17,5699.13,2293,0,2293,11.465,0,0,0,84.69,284.13,,7.95447,7602,2293,1275,0.301631,1.77295,0.234191,10.9233
Pool,1.2,1,1,0.8,0,0,,21852.8,16953.9,0,4898.86,2268,0,2268,11.34,0,0,0,82.315,284.835,,7.95447,7613,2268,1316,0.297911,1.89071,0.243386,11.1148
Pool,1.2,1,1,0.8,-0.1,-0.5,,22400.3,17138.7,-3116.65,8378.26,2299,0,2299,11.495,0,0,0,82.28,288.715,,7.95447,7606,2299,1215,0.302261,1.81751,0.23358,11.0263
Pool,1.2,1,1.5,0.5,0,0,,15075.7,17060,0,-1984.23,2442,0,2442,8.14,0,0,0,56.9733,186.66,,7.95447,7615,2442,1205,0.320683,1.43204,0.0859951,9.58726
Pool,1.2,1,1.5,0.5,-0.1,-0.5,,14825,17340.6,-3225.92,710.358,2438,0,2438,8.12667,0,0,0,56.48,191.897,,7.95447,7608,2438,1226,0.320452,1.52997,0.126743,9.80947
Pool,1.2,1,1.5,0.6,0,0,,17739.5,16699,0,1040.55,2402,0,2402,8.00667,0,0,0,55.3267,182.957,,7.95447,7625,2402,1128,0.315016,1.44551,0.0949209,9.73619
Pool,1.2,1,1.5,0.6,-0.1,-0.5,,16743.7,16188.4,-3143.96,3699.32,2283,0,2283,7.61,0,0,0,52.6333,179.123,,7.95447,7613,2283,1298,0.299882,1.59884,0.151555,10.2119
Pool,1.2,1,1.5,0.7,0,0,,20523.3,17145.6,0,3377.71,2382,0,2382,7.94,0,0,0,56.22,189.84,,7.95447,7621,2382,1164,0.312557,1.51778,0.122166,9.68406
Pool,1.2,1,1.5,0.7,-0.1,-0.5,,20926.6,17700,-3327.27,6553.92,2461,0,2461,8.20333,0,0,0,57.3067,196.677,,7.95447,7619,2461,1196,0.323008,1.47027,0.097115,9.84704
Pool,1.2,1,1.5,0.8,0,0,,24159,17435.5,0,6723.5,2466,0,2466,8.22,0,0,0,56.58,192.913,,7.95447,7619,2466,1223,0.323665,1.51109,0.139903,9.79667
Pool,1.2,1,1.5,0.8,-0.1,-0.5,,23584.5,17327.9,-3270.17,9526.75,2401,0,2401,8.00333,0,0,0,55.8167,192.967,,7.95447,7602,2401,1153,0.315838,1.51513,0.121616,9.80906
Pricing Opt,1,1,0.25,0.5,0,0,,22845.8,13251.5,0,9594.24,1816,1816,0,36.32,7054,0,0,370.36,773.2,,2.44142,7611,1816,5173,0.238602,1.36303,0.900881,6.27208
Pricing Opt,1,1,0.25,0.5,-0.1,-0.5,,22098.3,12807.3,0,9291.03,1690,1690,0,33.8,7240,0,0,365.24,746.5,,2.44142,7616,1690,5290,0.221901,0.959296,0.600592,6.21013
Pricing Opt,1,1,0.25,0.6,0,0,,22786.2,13541.3,0,9244.89,1716,1716,0,34.32,6923,0,0,391.34,791.2,,2.44142,7622,1716,5254,0.225138,1.76935,1.19755,6.96022
Pricing Opt,1,1,0.25,0.6,-0.1,-0.5,,22586.5,13310.3,-96.7125,9372.95,1831,1706,125,36.62,6940,0,97,367.92,780.02,,2.44142,7603,1831,5195,0.240826,1.50151,1.01256,6.3972
Pricing Opt,1,1,0.25,0.7,0,0,,22389,12952.3,0,9436.75,1687,1687,0,33.74,7312,0,0,371.44,755.1,,2.44142,7617,1687,5314,0.221478,0.923461,0.687611,6.38516
Pricing Opt,1,1,0.25,0.7,-0.1,-0.5,,23144.7,14205.4,-1571.21,10510.6,2724,438,2286,54.48,2866,0,2338,307.58,840.56,,2.44142,7630,2724,4408,0.357012,2.94391,1.39464,7.41259
Pricing Opt,1,1,0.25,0.8,0,0,,27461,15660.8,0,11800.1,3451,1,3450,69.02,1040,0,2900,312.3,908.68,,2.44142,7623,3451,3626,0.452709,3.67165,1.50391,7.25229
Pricing Opt,1,1,0.25,0.8,-0.1,-0.5,,27974.1,15803.4,-1799.28,13969.9,3470,0,3470,69.4,973,0,2968,317.92,915.42,,2.44142,7621,3470,3602,0.455321,3.69046,1.55533,7.18682
Pricing Opt,1,1,0.5,0.5,0,0,,36299.4,20472.4,0,15826.9,3031,3031,0,30.31,7619,0,0,267.38,604.7,,2.44142,7619,3031,4151,0.397821,0.0297939,0.0181458,5.07208
Pricing Opt,1,1,0.5,0.5,-0.1,-0.5,,39209,23240.6,0,15968.4,3398,3398,0,33.98,7509,0,0,297.86,694.28,,2.44142,7632,3398,3846,0.445231,0.572327,0.408476,6.26603
Pricing Opt,1,1,0.5,0.6,0,0,,38452.7,22054.2,0,16398.5,3392,3392,0,33.92,7617,0,0,281.84,651.28,,2.44142,7619,3392,3772,0.445203,0.0511878,0.0339033,5.21649
Pricing Opt,1,1,0.5,0.6,-0.1,-0.5,,36160.2,20354.8,-5.48652,15810.8,2979,2970,9,29.79,7599,0,2,269.47,599.33,,2.44142,7611,2979,4177,0.391407,0.121929,0.0859349,5.1364
Pricing Opt,1,1,0.5,0.7,0,0,,37924.5,22179.8,0,15744.7,3195,3195,0,31.95,7537,0,0,288.94,660.31,,2.44142,7622,3195,4016,0.419181,0.51863,0.369327,6.08818
Pricing Opt,1,1,0.5,0.7,-0.1,-0.5,,43771.4,27763.7,-2962.77,18970.5,5562,905,4657,55.62,2686,0,3557,295.2,814.89,,2.44142,7608,5562,1777,0.731073,2.05218,1.22941,7.05619
Pricing Opt,1,1,0.5,0.8,0,0,,49399.9,27359.7,0,22040.2,5726,1,5725,57.26,2584,0,3782,280.29,801.4,,2.44142,7620,5726,1641,0.751444,1.91168,1.14425,6.94118
Pricing Opt,1,1,0.5,0.8,-0.1,-0.5,,49373.5,27507.3,-3272.73,25139,5781,0,5781,57.81,2506,0,3796,283.32,803,,2.44142,7599,5781,1590,0.760758,1.92538,1.10777,6.91796
Pricing Opt,1,1,1,0.5,0,0,,61514.9,38223.9,0,23291,5989,5989,0,29.945,7348,0,0,233.72,572.16,,2.44142,7598,5989,1470,0.788234,0.922085,0.780765,6.14753
Pricing Opt,1,1,1,0.5,-0.1,-0.5,,60650.3,36365.3,0,24285,5845,5845,0,29.225,7494,0,0,220.93,542.085,,2.44142,7619,5845,1638,0.767161,0.624623,0.562703,5.58765
Pricing Opt,1,1,1,0.6,0,0,,61585.3,37734.3,0,23851,5979,5979,0,29.895,7426,0,0,230.475,563.415,,2.44142,7611,5979,1503,0.785573,0.72185,0.61415,5.87578
Pricing Opt,1,1,1,0.6,-0.1,-0.5,,61713.6,37903.1,0,23810.5,6031,6031,0,30.155,7424,0,0,230.44,566.37,,2.44142,7622,6031,1485,0.791262,0.771976,0.65611,5.86282
Pricing Opt,1,1,1,0.7,0,0,,60470.6,36898.7,0,23571.9,5868,5868,0,29.34,7417,0,0,223.675,552.1,,2.44142,7607,5868,1621,0.771395,0.759958,0.652693,5.77478
Pricing Opt,1,1,1,0.7,-0.1,-0.5,,61701.9,38461.5,0,23240.4,6061,6061,0,30.305,7330,0,0,232.865,577.155,,2.44142,7622,6061,1449,0.795198,0.920231,0.749546,6.03241
Pricing Opt,1,1,1,0.8,0,0,,61386.3,34518,0,26868.3,7001,494,6507,35.005,7365,0,241,183.98,503.95,,2.44142,7606,7001,567,0.920458,0.0308967,0.0318526,5.65449
Pricing Opt,1,1,1,0.8,-0.1,-0.5,,60464.8,33844.2,-4137.22,30757.8,6981,0,6981,34.905,7363,0,241,177.08,494.505,,2.44142,7610,6981,594,0.917346,0.0441524,0.0391061,5.82408
Pricing Opt,1,1,1.5,0.5,0,0,,66892.2,39604.8,0,27287.5,6704,6704,0,22.3467,7626,0,0,159.077,389.273,,2.44142,7626,6704,864,0.879098,0.0220299,0.0232697,4.48252
Pricing Opt,1,1,1.5,0.5,-0.1,-0.5,,66387.9,38920.8,0,27467.1,6724,6724,0,22.4133,7618,0,0,155.167,381.45,,2.44142,7618,6724,841,0.882646,0.00262536,0.0028257,4.12696
Pricing Opt,1,1,1.5,0.6,0,0,,66884.3,39443.5,0,27440.8,6680,6680,0,22.2667,7616,0,0,159.18,386.883,,2.44142,7617,6680,879,0.876986,0.00813969,0.00688623,4.38931
Pricing Opt,1,1,1.5,0.6,-0.1,-0.5,,66643.2,39415.4,0,27227.8,6654,6654,0,22.18,7612,0,0,158.64,387.387,,2.44142,7612,6654,906,0.874146,0.00578035,0.00541028,4.43466
Pricing Opt,1,1,1.5,0.7,0,0,,67514.3,39911.2,0,27603.1,6760,6760,0,22.5333,7609,0,0,161.627,390.897,,2.44142,7609,6760,782,0.888422,0.00302274,0.00310651,4.33661
Pricing Opt,1,1,1.5,0.7,-0.1,-0.5,,66810.1,39192.6,0,27617.5,6578,6578,0,21.9267,7625,0,0,158.533,385.047,,2.44142,7625,6578,974,0.862689,0.00485246,0.00440863,4.28677
Pricing Opt,1,1,1.5,0.8,0,0,,63380.8,35338.6,0,28042.2,6329,4485,1844,21.0967,7623,0,0,138.147,345.35,,2.44142,7623,6329,1219,0.830251,0,0,4.34307
Pricing Opt,1,1,1.5,0.8,-0.1,-0.5,,59908.3,32907.6,-4169.57,31170.3,6859,0,6859,22.8633,7591,0,18,115.01,319.137,,2.44142,7610,6859,706,0.901314,0.00473062,0.00408223,5.2184
Pricing Opt,0.8,1,0.25,0.5,0,0,,23972.3,13291.5,0,10680.8,2253,2253,0,45.06,6951,0,0,388.02,715.84,,1.69016,7632,2253,5292,0.295204,1.68305,1.23302,5.2532
Pricing Opt,0.8,1,0.25,0.5,-0.1,-0.5,,25498.3,14197.4,0,11301,2406,2406,0,48.12,6979,0,0,417.44,761.7,,1.69016,7617,2406,5111,0.315872,2.03413,1.58603,5.18845
Pricing Opt,0.8,1,0.25,0.6,0,0,,25610.4,14163.8,0,11446.6,2456,2456,0,49.12,7019,0,0,412.62,758.16,,1.69016,7604,2456,5073,0.322988,1.7884,1.42386,4.95072
Pricing Opt,0.8,1,0.25,0.6,-0.1,-0.5,,25170.8,14033.3,0,11137.5,2378,2378,0,47.56,6835,0,0,410.58,754.96,,1.69016,7617,2378,5138,0.312196,2.07601,1.5635,5.23367
Pricing Opt,0.8,1,0.25,0.7,0,0,,24397.8,13498.3,0,10899.5,2276,2211,65,45.52,6875,0,112,394.22,728.02,,1.69016,7609,2276,5229,0.299119,1.66198,1.25747,5.18892
Pricing Opt,0.8,1,0.25,0.7,-0.1,-0.5,,29304,17242.1,-480.869,12542.7,4543,11,4532,90.86,1529,0,3875,407.12,862.78,,1.69016,7630,4543,3026,0.595413,2.69332,1.35857,4.57941
Pricing Opt,0.8,1,0.25,0.8,0,0,,33992.3,17576.5,0,16415.8,4659,0,4659,93.18,1354,0,3793,413.96,877.78,,1.69016,7623,4659,2898,0.611177,2.91303,1.43335,4.59337
Pricing Opt,0.8,1,0.25,0.8,-0.1,-0.5,,34276.7,17635.1,-483.768,17125.3,4696,0,4696,93.92,1291,0,3880,414.48,879.42,,1.69016,7614,4696,2853,0.616759,2.8726,1.40652,4.57379
Pricing Opt,0.8,1,0.5,0.5,0,0,,40600,22715.8,0,17884.2,4320,4320,0,43.2,7264,0,0,314.87,604.93,,1.69016,7620,4320,3237,0.566929,1.08596,0.921296,4.535
Pricing Opt,0.8,1,0.5,0.5,-0.1,-0.5,,42600.4,24247.4,0,18353,4506,4506,0,45.06,7219,0,0,338.71,648.37,,1.69016,7621,4506,3059,0.591261,1.40034,1.20084,4.79707
Pricing Opt,0.8,1,0.5,0.6,0,0,,43977.4,25569.4,0,18407.9,4735,4735,0,47.35,7062,0,0,358.31,683.42,,1.69016,7613,4735,2829,0.621962,1.58413,1.32101,5.04792
Pricing Opt,0.8,1,0.5,0.6,-0.1,-0.5,,42317.9,24295.4,0,18022.5,4514,4514,0,45.14,7162,0,0,339.15,649.93,,1.69016,7621,4514,3060,0.592311,1.37869,1.13602,4.93064
Pricing Opt,0.8,1,0.5,0.7,0,0,,44408.6,25449.4,0,18959.2,4701,4701,0,47.01,7103,0,0,357.34,680.09,,1.69016,7628,4701,2877,0.616282,1.51206,1.23399,4.83445
Pricing Opt,0.8,1,0.5,0.7,-0.1,-0.5,,43125.6,24626.6,0,18498.9,4598,4598,0,45.98,7234,0,0,342.78,658.66,,1.69016,7633,4598,2984,0.602384,1.39041,1.18726,4.82636
Pricing Opt,0.8,1,0.5,0.8,0,0,,39489.5,20578.3,0,18911.3,5129,0,5129,51.29,7082,0,532,245.52,526.95,,1.69016,7631,5129,2454,0.672127,0.0830822,0.0680445,4.08157
Pricing Opt,0.8,1,0.5,0.8,-0.1,-0.5,,51087.4,26889.9,-777.082,24974.6,6746,4,6742,67.46,5794,0,1650,323.18,684.02,,1.69016,7620,6746,853,0.885302,0.429659,0.30166,4.19852
Pricing Opt,0.8,1,1,0.5,0,0,,58986.6,32874.6,0,26112,6851,6851,0,34.255,7607,0,0,221.915,428.68,,1.69016,7607,6851,749,0.900618,0.00578415,0.00598453,3.07617
Pricing Opt,0.8,1,1,0.5,-0.1,-0.5,,57762.6,31583,0,26179.6,6639,6639,0,33.195,7631,0,0,212.315,411.29,,1.69016,7631,6639,975,0.870004,0.00209671,0.00225938,2.94684
Pricing Opt,0.8,1,1,0.6,0,0,,57721.6,31842.8,0,25878.8,6584,6584,0,32.92,7602,0,0,215.125,416.35,,1.69016,7602,6584,1007,0.866088,0.0105235,0.0113913,3.17687
Pricing Opt,0.8,1,1,0.6,-0.1,-0.5,,57897.7,31775.2,0,26122.5,6603,6603,0,33.015,7619,0,0,214.81,414.5,,1.69016,7619,6603,1001,0.866649,0.00958131,0.00954112,3.03325
Pricing Opt,0.8,1,1,0.7,0,0,,58455.2,32258,0,26197.2,6720,6720,0,33.6,7606,0,0,218.035,420.42,,1.69016,7607,6720,872,0.883397,0.00525831,0.00416667,3.05301
Pricing Opt,0.8,1,1,0.7,-0.1,-0.5,,57626.7,31473.4,0,26153.3,6523,6523,0,32.615,7611,0,0,213.22,410.545,,1.69016,7611,6523,1071,0.857049,0.00564972,0.00613215,3.01098
Pricing Opt,0.8,1,1,0.8,0,0,,57849.5,31713.6,0,26135.9,6690,6690,0,33.45,7621,0,0,213.325,412.27,,1.69016,7621,6690,919,0.877838,0.00196825,0.0019432,2.95463
Pricing Opt,0.8,1,1,0.8,-0.1,-0.5,,56621.7,30588.6,0,26033.1,6361,6361,0,31.805,7619,0,0,206.54,399.155,,1.69016,7619,6361,1232,0.834886,0.00446253,0.00440182,3.03911
Pricing Opt,0.8,1,1.5,0.5,0,0,,59152.7,32120.8,0,27031.8,6873,6873,0,22.91,7607,0,0,143.357,277.443,,1.69016,7607,6873,730,0.90351,0.000525831,0.000581987,2.58111
Pricing Opt,0.8,1,1.5,0.5,-0.1,-0.5,,57575.5,30810.5,0,26765,6575,6575,0,21.9167,7607,0,0,137.21,266.717,,1.69016,7607,6575,1022,0.864335,0.0024977,0.00243346,2.6529
Pricing Opt,0.8,1,1.5,0.6,0,0,,57952.1,30919.9,0,27032.2,6609,6609,0,22.03,7611,0,0,137.673,267.51,,1.69016,7611,6609,989,0.868348,0.000656944,0.000453926,2.57558
Pricing Opt,0.8,1,1.5,0.6,-0.1,-0.5,,58769.7,31510.9,0,27258.9,6799,6799,0,22.6633,7616,0,0,139.637,272.23,,1.69016,7616,6799,801,0.892726,0.000131303,0.00014708,2.48024
Pricing Opt,0.8,1,1.5,0.7,0,0,,59113.2,31943.9,0,27169.3,6888,6888,0,22.96,7615,0,0,141.427,276.173,,1.69016,7615,6888,710,0.904531,0.000393959,0.00043554,2.5237
Pricing Opt,0.8,1,1.5,0.7,-0.1,-0.5,,58678.9,31541.5,0,27137.4,6763,6763,0,22.5433,7602,0,0,139.963,273.013,,1.69016,7602,6763,829,0.889634,0.000657722,0.000739317,2.53209
Pricing Opt,0.8,1,1.5,0.8,0,0,,58777.6,31512.3,0,27265.3,6771,6771,0,22.57,7615,0,0,140.21,272.147,,1.69016,7615,6771,833,0.889166,0,0,2.50314
Pricing Opt,0.8,1,1.5,0.8,-0.1,-0.5,,56768.7,29997.3,0,26771.4,6448,6448,0,21.4933,7617,0,0,133,259.49,,1.69016,7617,6448,1148,0.846528,0,0,2.50638
Pricing Opt,1.2,1,0.25,0.5,0,0,,15303.4,9898.73,0,5404.65,977,977,0,19.54,3404,0,0,274.44,617.74,,7.95447,7602,977,2091,0.128519,4.01763,1.36029,8.8775
Pricing Opt,1.2,1,0.25,0.5,-0.1,-0.5,,13664,8908.52,0,4755.5,802,802,0,16.04,4240,0,0,254.7,555.96,,7.95447,7613,802,2157,0.105346,3.04308,0.511222,7.84179
Pricing Opt,1.2,1,0.25,0.6,0,0,,14855.6,9330.72,0,5524.85,876,876,0,17.52,4836,0,0,263.46,582.02,,7.95447,7604,876,2140,0.115203,2.50592,0.35274,7.40662
Pricing Opt,1.2,1,0.25,0.6,-0.1,-0.5,,13557,9313.52,-8.24086,4251.74,827,819,8,16.54,3704,0,10,257.14,591.52,,7.95447,7613,827,2132,0.10863,3.6502,0.914147,8.41069
Pricing Opt,1.2,1,0.25,0.7,0,0,,15755.1,10045.3,0,5709.79,980,980,0,19.6,4269,0,0,281.06,625.48,,7.95447,7630,980,2028,0.12844,3.2979,0.85,8.47178
Pricing Opt,1.2,1,0.25,0.7,-0.1,-0.5,,11178.2,7058.95,0,4119.29,647,647,0,12.94,3431,0,0,206.42,434.78,,7.95447,7620,647,2256,0.0849081,3.75249,0.933539,8.09931
Pricing Opt,1.2,1,0.25,0.8,0,0,,14063.8,8985.13,0,5078.69,829,828,1,16.58,3972,0,0,259.06,556.56,,7.95447,7606,830,2121,0.109124,3.3233,0.668675,8.20746
Pricing Opt,1.2,1,0.25,0.8,-0.1,-0.5,,14847.2,9063.13,-341.578,6125.67,932,686,246,18.64,4000,0,159,249.12,564,,7.95447,7625,932,2054,0.12223,3.11344,0.580472,9.51199
Pricing Opt,1.2,1,0.5,0.5,0,0,,25043.9,16043.3,0,9000.61,1585,1585,0,15.85,5251,0,0,220.91,502.01,,7.95447,7615,1585,1698,0.208142,2.15535,0.336278,7.30531
Pricing Opt,1.2,1,0.5,0.5,-0.1,-0.5,,21057.5,13485.5,0,7572.01,1331,1331,0,13.31,4718,0,0,186.23,421.5,,7.95447,7599,1331,1807,0.175155,2.64298,0.456799,7.46886
Pricing Opt,1.2,1,0.5,0.6,0,0,,21199.7,13383.9,0,7815.83,1322,1322,0,13.22,4470,0,0,185.92,417.18,,7.95447,7620,1322,1849,0.173491,2.90341,0.662632,7.86769
Pricing Opt,1.2,1,0.5,0.6,-0.1,-0.5,,22138,15106.1,0,7031.91,1383,1383,0,13.83,5009,0,0,203.5,482.66,,7.95447,7622,1383,1758,0.181448,2.44057,0.394071,7.45033
Pricing Opt,1.2,1,0.5,0.7,0,0,,22847.8,14640.1,0,8207.7,1428,1428,0,14.28,4662,0,0,200.16,460.45,,7.95447,7618,1428,1792,0.187451,2.67866,0.478291,7.19664
Pricing Opt,1.2,1,0.5,0.7,-0.1,-0.5,,21581,14107.7,-252.239,7725.54,1406,1256,150,14.06,4564,0,60,187.53,447.56,,7.95447,7621,1407,1748,0.184621,2.78113,0.540156,8.22455
Pricing Opt,1.2,1,0.5,0.8,0,0,,23579.6,15405.7,0,8173.95,1506,1506,0,15.06,4846,0,0,207.61,487.38,,7.95447,7640,1506,1747,0.19712,2.52579,0.417663,7.11133
Pricing Opt,1.2,1,0.5,0.8,-0.1,-0.5,,18799.4,12677.7,-2202.03,8323.76,1424,130,1294,14.24,3075,0,886,123.37,439.32,,7.95447,7627,1424,1960,0.186705,3.24846,0.662921,14.6794
Pricing Opt,1.2,1,1,0.5,0,0,,31520.6,19928.1,0,11592.5,2127,2127,0,10.635,5312,0,0,130.735,314.295,,7.95447,7627,2127,1341,0.278878,1.97614,0.191349,6.31889
Pricing Opt,1.2,1,1,0.5,-0.1,-0.5,,32110.2,20000.5,0,12109.7,2226,2226,0,11.13,5340,0,0,129.26,315.105,,7.95447,7579,2226,1231,0.293706,1.89774,0.143756,5.94392
Pricing Opt,1.2,1,1,0.6,0,0,,31080.9,20534.3,0,10546.7,2179,2179,0,10.895,5249,0,0,130.7,328.185,,7.95447,7617,2179,1236,0.286071,1.98477,0.155117,6.02215
Pricing Opt,1.2,1,1,0.6,-0.1,-0.5,,33289.3,21975.9,0,11313.4,2299,2299,0,11.495,5232,0,0,138.37,353.555,,7.95447,7631,2299,1248,0.301271,2.12436,0.284906,6.76056
Pricing Opt,1.2,1,1,0.7,0,0,,31470.9,20458.3,0,11012.6,2125,2125,0,10.625,5301,0,0,130.78,327.555,,7.95447,7611,2125,1402,0.279201,1.98069,0.216,6.35844
Pricing Opt,1.2,1,1,0.7,-0.1,-0.5,,33703.4,22390.5,0,11312.9,2376,2376,0,11.88,4924,0,0,141.14,359.225,,7.95447,7617,2376,1105,0.311934,2.43718,0.430135,7.20069
Pricing Opt,1.2,1,1,0.8,0,0,,31786.8,20249.5,0,11537.3,2196,2195,1,10.98,5270,0,0,129.685,321.655,,7.95447,7614,2196,1304,0.288416,2.01458,0.183971,6.112
Pricing Opt,1.2,1,1,0.8,-0.1,-0.5,,31305.9,21191.9,-2706.72,12820.7,2288,1003,1285,11.44,4129,0,657,118.235,354.365,,7.95447,7604,2288,1430,0.300894,2.62191,0.552885,11.4304
Pricing Opt,1.2,1,1.5,0.5,0,0,,37041,23739.1,0,13301.9,2645,2645,0,8.81667,5247,0,0,99.3133,252.257,,7.95447,7590,2645,1041,0.348485,1.97563,0.141399,5.93796
Pricing Opt,1.2,1,1.5,0.5,-0.1,-0.5,,37464.6,24605.7,0,12858.9,2706,2706,0,9.02,5158,0,0,101.743,263.253,,7.95447,7608,2706,1005,0.355678,2.1367,0.26238,6.3035
Pricing Opt,1.2,1,1.5,0.6,0,0,,37178.8,24773.9,0,12404.9,2657,2657,0,8.85667,5173,0,0,101.163,267.453,,7.95447,7629,2657,977,0.348276,2.08245,0.209635,6.11838
Pricing Opt,1.2,1,1.5,0.6,-0.1,-0.5,,39797.5,26759.9,0,13037.6,2875,2875,0,9.58333,5148,0,0,112.043,286.04,,7.95447,7623,2875,963,0.377148,2.18169,0.310957,6.57661
Pricing Opt,1.2,1,1.5,0.7,0,0,,36580.7,23169.5,0,13411.2,2584,2584,0,8.61333,5343,0,0,96.1667,246.927,,7.95447,7608,2584,1089,0.339642,1.86817,0.114938,5.43257
Pricing Opt,1.2,1,1.5,0.7,-0.1,-0.5,,38406.3,26561.5,0,11844.8,2754,2754,0,9.18,5223,0,0,108.353,288.44,,7.95447,7620,2754,1001,0.361417,2.06339,0.19862,6.30847
Pricing Opt,1.2,1,1.5,0.8,0,0,,37872.4,24184.9,0,13687.5,2737,2737,0,9.12333,5282,0,0,100.193,257.273,,7.95447,7611,2737,1011,0.359611,1.9661,0.142492,5.91691
Pricing Opt,1.2,1,1.5,0.8,-0.1,-0.5,,37950.2,25399.3,-4118.08,16669,2827,783,2044,9.42333,5073,0,676,88.0533,288.153,,7.95447,7617,2827,1190,0.371143,1.6559,0.239476,12.5587