Single,1,1,0.5,0.4,-0,-0,,66094.8,11419.9,0,54675,24247,24247,0,48.4955,326.283,704.182,,2.29804,232734,123373,24247,82237,0.863115,6.25274,0,5.48742,6.55204,1.41868,1.11154,5.30911
Single,1,4,0.5,0.6,-0,-0,,62146.1,10839.4,0,51306.8,22851,22851,0,45.7028,309.697,673.125,,2.56997,201837,123382,22851,82863,0.856804,6.25494,0,5.47465,6.5206,1.70863,1.07003,5.29832
Pricing,1,4,1.25,0.6,-0,-0,,116025,22644.3,0,93380.3,57334,17278,40055,45.8674,258.792,590.829,,2.87243,205941,123369,57335,53901,0.901658,6.90554,7.33688,5.42123,6.45442,0.407872,0.194097,5.40682
Pricing,1,4,1.25,0.8,-0,-0,,124328,21764.3,0,102564,54492,17618,36873,43.5936,248.735,576.298,,2.92596,206958,123375,54493,56181,0.897052,6.93495,7.20672,5.46576,6.49318,0.407851,0.191309,5.42497
Pricing,0.8,1,0.5,0.4,-0,-0,,85480.2,17648.9,0,67831.3,53418,9523,43894,106.837,504.255,845.308,,1.67419,191739,123377,53419,58970,0.910943,7.03764,7.277,5.50307,6.42995,0.523942,0.376735,4.01525
Pricing,0.8,1,0.5,0.6,-0,-0,,100184,17772.7,0,82411.8,53568,8996,44572,107.138,507.794,850.204,,1.67515,191800,123372,53570,58770,0.910586,6.99083,7.16457,5.54322,6.46353,0.376113,0.280718,3.99477
Pricing,0.8,1,0.5,0.8,-0,-0,,110694,17529.8,0,93164,51593,9780,41813,103.188,500.852,841.281,,1.67692,191915,123383,51595,60452,0.908125,6.96392,7.073,5.55935,6.48642,0.321239,0.244986,4.03771
Pricing,0.8,1,0.75,0.4,-0,-0,,110837,22290.6,0,88546.1,61809,17971,43838,82.413,424.585,727.155,,1.68148,192162,123369,61810,51882,0.921571,6.75296,7.27661,5.44528,6.38722,0.0569263,0.0477417,3.63683
Pricing,0.8,1,0.75,0.6,-0,-0,,124641,22580.9,0,102060,62689,16407,46281,83.5861,430.113,736.412,,1.68224,192214,123374,62690,51145,0.922692,6.72181,7.18156,5.48701,6.4298,0.0386071,0.0330684,3.66162
Pricing,0.8,1,0.75,0.8,-0,-0,,135994,21864.6,0,114130,60140,17061,43079,80.1873,416.469,716.118,,1.68344,192286,123376,60141,53234,0.918945,6.72463,7.04,5.54037,6.48066,0.0292361,0.0248481,3.60177
Pricing,0.8,1,1,0.4,-0,-0,,117496,23147.1,0,94349,63685,20575,43110,63.6857,330.674,575.053,,1.68342,192248,123396,63686,50400,0.924553,6.7064,7.28498,5.42102,6.36313,0.00644295,0.00552014,3.34934
Pricing,0.8,1,1,0.6,-0,-0,,131293,23610.6,0,107682,65029,18853,46175,65.0298,337.295,585.583,,1.68387,192288,123377,65030,49214,0.925981,6.67954,7.19726,5.46053,6.39875,0.00505409,0.00441267,3.36834
Single,1,4,0.5,0.8,-0,-0,,62086.6,10851.5,0,51235.1,22815,22815,0,45.6313,310.042,674.82,,2.57764,202036,123374,22815,82883,0.85673,6.2606,0,5.47493,6.52401,1.70386,1.05623,5.31601
Pricing,0.8,1,1,0.8,-0,-0,,142044,22643.6,0,119401,62099,19143,42956,62.0996,323.481,564.316,,1.68501,192353,123375,62100,51596,0.921548,6.6923,7.04434,5.53161,6.47496,0.00356763,0.0031143,3.31948
Pricing,0.8,1,1.25,0.4,-0,-0,,119375,23234.5,0,96140.3,64147,21444,42703,51.3182,265.537,464.422,,1.68305,192235,123369,64148,49997,0.92524,6.70907,7.26965,5.41404,6.37522,0.00074281,0.000632906,3.15489
Pricing,0.8,1,1.25,0.6,-0,-0,,132985,23706.2,0,109279,65586,19669,45917,52.4692,270.929,473.686,,1.68379,192281,123354,65587,48768,0.927049,6.66784,7.19924,5.44746,6.39331,0.000548338,0.000471431,3.16576
Pricing,0.8,1,1.25,0.8,-0,-0,,143314,22668.8,0,120645,62519,19738,42780,50.0159,259.072,454.803,,1.68473,192342,123374,62520,51257,0.922222,6.69198,7.02582,5.53124,6.45278,0.000521989,0.000463205,3.14659
Pricing,0.8,2,0.5,0.4,-0,-0,,85809.9,17680.5,0,68129.5,53471,9579,43892,106.944,505.157,834.395,,1.64248,181978,123367,53473,58922,0.911057,6.99876,7.30253,5.50208,6.42111,0.537311,0.369359,3.95495
Pricing,0.8,2,0.5,0.6,-0,-0,,100429,17791.6,0,82637.1,53594,9033,44561,107.19,508.332,838.819,,1.64462,182115,123389,53595,58771,0.91067,6.96442,7.18869,5.54247,6.46748,0.393571,0.280338,3.93939
Pricing,0.8,2,0.5,0.8,-0,-0,,111037,17554.6,0,93482.6,51698,9760,41937,103.396,501.563,831.085,,1.64833,182349,123380,51699,60326,0.907972,6.94941,7.09157,5.56224,6.47425,0.333935,0.243634,3.98424
Pricing,0.8,2,0.75,0.4,-0,-0,,110215,22192.1,0,88022.8,61525,17772,43752,82.0338,422.708,718.697,,1.65943,182921,123383,61526,52183,0.921598,6.76335,7.29537,5.44481,6.38008,0.0779478,0.0632066,3.6302
Pricing,0.8,2,0.75,0.6,-0,-0,,124084,22496.5,0,101588,62413,16258,46154,83.2174,428.506,728.015,,1.66158,183036,123369,62414,51337,0.922038,6.72432,7.2068,5.48782,6.43001,0.0518166,0.0427863,3.65776
Pricing,0.8,2,0.75,0.8,-0,-0,,135289,21763.9,0,113525,59876,16828,43048,79.8355,414.551,708.92,,1.66545,183230,123371,59877,53473,0.918786,6.72725,7.06425,5.5396,6.47311,0.0396793,0.0327253,3.61285
Single,1,4,0.75,0.4,-0,-0,,66846.1,11200.1,0,55646,24409,24409,0,32.5453,213.337,497.597,,2.66804,203528,123371,24409,81422,0.857824,6.28973,0,5.48062,6.5219,0.708602,0.372376,4.68408
Pricing,0.8,2,1,0.4,-0,-0,,117001,23102.8,0,93898.6,63512,20361,43151,63.5125,330.041,572.042,,1.66595,183155,123372,63513,50478,0.923963,6.7263,7.30133,5.42414,6.36695,0.0107162,0.00914516,3.35858
Pricing,0.8,2,1,0.6,-0,-0,,130712,23491.1,0,107221,64775,18620,46154,64.7752,335.588,581.65,,1.6673,183242,123369,64775,49420,0.925646,6.68452,7.21614,5.45826,6.39761,0.00801205,0.00686181,3.37358
Pricing,0.8,2,1,0.8,-0,-0,,141327,22559.6,0,118767,61830,18895,42934,61.8305,322.281,561.621,,1.67112,183422,123375,61831,51812,0.921126,6.6998,7.05846,5.53378,6.48395,0.00636174,0.00519798,3.3522
Pricing,0.8,2,1.25,0.4,-0,-0,,119260,23283.1,0,95976.6,64116,21295,42821,51.2932,266.093,465.321,,1.66762,183203,123380,64117,49991,0.924854,6.71159,7.30341,5.41654,6.35563,0.0013691,0.0011716,3.19021
Pricing,0.8,2,1.25,0.6,-0,-0,,132700,23749.1,0,108950,65424,19481,45943,52.3397,271.419,474.118,,1.66913,183305,123375,65425,48857,0.926301,6.67777,7.22031,5.4509,6.39195,0.00140385,0.00122583,3.23154
Pricing,0.8,2,1.25,0.8,-0,-0,,143490,22734.6,0,120756,62536,19681,42854,50.0292,259.825,456.607,,1.67207,183454,123374,62537,51248,0.922279,6.69116,7.05924,5.52776,6.4756,0.000856577,0.000729162,3.17702
Pricing,0.8,4,0.5,0.4,-0,-0,,85534.6,17634.5,0,67900.2,52801,9809,42991,105.603,503.843,814.857,,1.70983,163361,123366,52802,59347,0.909079,6.95694,7.35244,5.49435,6.41862,0.661532,0.382,3.92115
Pricing,0.8,4,0.5,0.6,-0,-0,,99704.1,17715,0,81989.1,52955,9202,43753,105.912,506.146,818.556,,1.70792,163506,123381,52957,59134,0.908498,6.90122,7.23177,5.5305,6.4576,0.524555,0.304885,3.9048
Pricing,0.8,4,0.5,0.8,-0,-0,,109487,17426.6,0,92060.9,50828,9901,40927,101.658,497.903,811.822,,1.72075,164215,123371,50830,60942,0.905988,6.91516,7.13599,5.55361,6.4769,0.488749,0.286777,3.97808
Pricing,0.8,4,0.75,0.4,-0,-0,,107164,21697.9,0,85466,60011,17130,42880,80.0148,413.295,703.159,,1.75156,165574,123365,60012,53300,0.918516,6.77079,7.34734,5.44148,6.3933,0.231095,0.14853,3.75781
Single,1,4,0.75,0.6,-0,-0,,66925.1,11198.3,0,55726.8,24447,24447,0,32.5968,213.301,496.013,,2.62883,203040,123370,24447,81414,0.858083,6.28739,0,5.48066,6.53668,0.693799,0.374722,4.67136
Pricing,0.8,4,0.75,0.6,-0,-0,,120569,21954.5,0,98614.8,60715,15723,44992,80.954,418.182,712.02,,1.76111,165931,123376,60716,52651,0.918885,6.73635,7.25635,5.47652,6.43761,0.187604,0.122977,3.78787
Pricing,0.8,4,0.75,0.8,-0,-0,,130641,21224.3,0,109416,58017,16161,41856,77.3568,404.274,695.583,,1.78361,166665,123374,58018,54863,0.914949,6.75815,7.12206,5.52274,6.46205,0.186317,0.121776,3.79177
Pricing,0.8,4,1,0.4,-0,-0,,113201,22666.1,0,90535.3,61671,19628,42042,61.6713,323.802,573.608,,1.82277,167212,123372,61672,51862,0.920259,6.74687,7.36958,5.41099,6.37477,0.123471,0.0879469,3.65915
Pricing,0.8,4,1,0.6,-0,-0,,126226,22989,0,103237,62640,17924,44716,62.6405,328.415,582.906,,1.84084,167724,123386,62641,50967,0.920761,6.71449,7.2764,5.45459,6.41038,0.105071,0.0736523,3.69414
Pricing,0.8,4,1,0.8,-0,-0,,136023,22090.6,0,113932,59724,18196,41528,59.7249,315.581,567.432,,1.876,168576,123392,59725,53323,0.916175,6.73855,7.1317,5.5119,6.46165,0.111664,0.0767197,3.70879
Pricing,0.8,4,1.25,0.4,-0,-0,,114798,22974,0,91823.7,61989,20364,41625,49.592,262.561,483.079,,1.94398,169286,123381,61990,51474,0.91963,6.76228,7.39039,5.40448,6.37432,0.0899183,0.0620067,3.67771
Pricing,0.8,4,1.25,0.6,-0,-0,,127986,23387.1,0,104599,63177,18716,44461,50.5418,267.282,492.137,,1.95826,169668,123380,63178,50392,0.920493,6.72682,7.29271,5.43746,6.41612,0.072752,0.0503976,3.72144
Pricing,0.8,4,1.25,0.8,-0,-0,,137373,22391.4,0,114982,60057,18833,41224,48.0462,255.902,477.876,,2.01169,170615,123371,60058,52876,0.91541,6.75354,7.14943,5.50277,6.46557,0.0755163,0.0509284,3.73198
Pricing,1.2,1,0.5,0.4,-0,-0,,54569.6,12565.2,0,42004.4,34151,7459,26691,68.3023,359.006,924.811,,3.08916,274591,123372,34153,72426,0.863888,7.23644,7.14469,5.44451,6.57417,2.66263,1.58401,7.91464
Pricing,1.2,1,0.5,0.6,-0,-0,,63017,12620.4,0,50396.6,34283,6927,27355,68.5676,360.584,929.304,,3.08972,274616,123373,34286,72300,0.863935,7.22094,7.11503,5.45715,6.58705,2.45491,1.49606,7.91812
Single,1,4,0.75,0.8,-0,-0,,67036.7,11222.3,0,55814.4,24468,24468,0,32.6244,213.759,498.296,,2.65644,203382,123377,24468,81363,0.857792,6.29437,0,5.48165,6.5307,0.709461,0.373633,4.66841
Pricing,1.2,1,0.5,0.8,-0,-0,,68333.9,12448.2,0,55885.7,33014,7581,25433,66.0298,355.663,920.194,,3.09165,274698,123381,33016,73369,0.862259,7.22761,7.06211,5.45271,6.57639,2.42621,1.53692,7.99968
Pricing,1.2,1,0.75,0.4,-0,-0,,73850,17036.9,0,56813,43652,11757,31894,58.2028,324.513,851.108,,3.10254,274990,123357,43653,64769,0.878939,7.28169,7.28527,5.41627,6.55166,1.5331,1.0994,7.86153
Pricing,1.2,1,0.75,0.6,-0,-0,,83812.3,17113.4,0,66699,43836,10931,32904,58.4484,325.97,855.299,,3.10381,275031,123366,43838,64597,0.878975,7.25772,7.22675,5.43467,6.55016,1.27886,0.911347,7.85096
Pricing,1.2,1,0.75,0.8,-0,-0,,91112.1,16873,0,74239.1,42211,11882,30329,56.2817,321.392,845.599,,3.10621,275133,123364,42213,65853,0.876001,7.23527,7.15133,5.44031,6.56817,1.14802,0.809355,7.89821
Pricing,1.2,1,1,0.4,-0,-0,,91602.6,20916.1,0,70686.5,50774,16807,33966,50.7748,298.802,789.783,,3.11412,275406,123378,50776,58961,0.889439,7.10633,7.36657,5.39736,6.52796,0.651499,0.437757,7.59735
Pricing,1.2,1,1,0.6,-0,-0,,102183,21016,0,81167.1,51345,15340,36005,51.3452,300.229,795.436,,3.1158,275445,123368,51347,58480,0.890242,7.06042,7.29605,5.42185,6.55973,0.576295,0.395434,7.65243
Pricing,1.2,1,1,0.8,-0,-0,,111592,20631,0,90961.3,49573,16602,32970,49.5732,294.729,780.754,,3.11686,275519,123370,49575,59890,0.887288,7.04529,7.20104,5.44264,6.57882,0.512871,0.356533,7.48972
Pricing,1.2,1,1.25,0.4,-0,-0,,101909,22728.9,0,79179.8,54637,20020,34617,43.7099,259.76,687.712,,3.11786,275499,123371,54639,55866,0.895714,7.04601,7.40228,5.37773,6.51131,0.276248,0.21101,6.82093
Pricing,1.2,1,1.25,0.6,-0,-0,,113543,23112.8,0,90430.6,55771,18385,37385,44.617,264.147,699.457,,3.11931,275538,123366,55773,54839,0.896622,7.01814,7.33388,5.40376,6.54758,0.225696,0.173292,6.87977
Pricing,1.2,1,1.25,0.8,-0,-0,,121300,22115.7,0,99184.6,52958,19028,33929,42.3668,252.751,670.295,,3.12062,275590,123385,52960,57156,0.892461,7.01793,7.21051,5.4452,6.56578,0.163987,0.12681,6.74973
Single,1,1,0.75,0.4,-0,-0,,70856,11331.1,0,59524.9,25933,25933,0,34.5774,215.831,473.176,,2.29606,232581,123379,25933,80834,0.865358,6.26983,0,5.49543,6.54961,0.0379191,0.0351566,3.84875
Single,1,4,1,0.4,-0,-0,,67161,11311.3,0,55849.7,24378,24378,0,24.3788,161.59,407.168,,3.09786,207927,123394,24378,80829,0.852616,6.31816,0,5.47011,6.52316,0.541734,0.248333,4.50983
Pricing,1.2,2,0.5,0.4,-0,-0,,55990.2,12733.7,0,43256.5,35156,7393,27762,70.3121,363.822,907.886,,2.97155,259898,123384,35157,71664,0.86577,7.21365,7.16333,5.45475,6.5701,2.54724,1.48912,7.50657
Pricing,1.2,2,0.5,0.6,-0,-0,,64960.1,12814.3,0,52145.8,35362,6874,28488,70.7255,366.123,912.523,,2.97145,259906,123378,35365,71477,0.865973,7.19093,7.13318,5.45849,6.57033,2.32638,1.39451,7.49332
Pricing,1.2,2,0.5,0.8,-0,-0,,70289.1,12636.2,0,57652.9,33915,7529,26386,67.8312,361.036,904.199,,2.97728,260149,123390,33917,72728,0.864294,7.20787,7.08689,5.45856,6.56514,2.31486,1.44136,7.60707
Pricing,1.2,2,0.75,0.4,-0,-0,,74770.2,17130.4,0,57639.8,44114,11796,32317,58.8192,326.295,836.433,,3.00479,260858,123382,44115,64379,0.87934,7.24434,7.29121,5.41285,6.53806,1.41315,0.933492,7.57546
Pricing,1.2,2,0.75,0.6,-0,-0,,84688,17181.3,0,67506.6,44245,10894,33351,58.9937,327.265,840.492,,3.00937,260998,123365,44246,64228,0.879303,7.21717,7.2264,5.43655,6.54955,1.22461,0.798889,7.59528
Pricing,1.2,2,0.75,0.8,-0,-0,,92110.8,16914.8,0,75196,42561,11835,30726,56.7487,322.187,830.828,,3.01493,261251,123386,42563,65651,0.877042,7.20087,7.15157,5.44543,6.55013,1.13423,0.737077,7.64865
Pricing,1.2,2,1,0.4,-0,-0,,91676.6,20832.4,0,70844.2,50782,16735,34046,50.7823,297.606,777.232,,3.03583,261909,123361,50784,58986,0.889825,7.05611,7.36574,5.39666,6.52763,0.709848,0.437432,7.42249
Pricing,1.2,2,1,0.6,-0,-0,,102280,20967.7,0,81312,51362,15200,36162,51.3622,299.539,784.008,,3.04174,262026,123382,51363,58443,0.889974,7.0338,7.30832,5.41944,6.54325,0.646788,0.404011,7.4867
Pricing,1.2,2,1,0.8,-0,-0,,111150,20498.3,0,90651.8,49404,16370,33034,49.4049,292.833,767.935,,3.04428,262195,123366,49406,59979,0.886675,7.0204,7.19835,5.4455,6.5677,0.59897,0.379545,7.3648
Pricing,1.2,2,1.25,0.4,-0,-0,,101024,22539.7,0,78484.4,54293,19572,34720,43.4347,257.597,678.476,,3.0536,262232,123394,54295,56121,0.894822,7.02246,7.42844,5.37483,6.49656,0.412549,0.279525,6.7934
Single,1,4,1,0.6,-0,-0,,67237.5,11277.6,0,55959.9,24419,24419,0,24.4199,161.109,405.225,,3.10321,207819,123377,24419,80760,0.852502,6.31325,0,5.47304,6.51601,0.519463,0.238263,4.43212
Pricing,1.2,2,1.25,0.6,-0,-0,,112321,22858.5,0,89462.1,55278,17971,37307,44.2232,261.24,689.129,,3.05917,262380,123389,55281,55283,0.896061,6.98757,7.34122,5.40298,6.53312,0.365635,0.250503,6.85328
Pricing,1.2,2,1.25,0.8,-0,-0,,119869,21901,0,97967.5,52456,18581,33874,41.9652,250.298,662.485,,3.06538,262516,123382,52457,57511,0.891291,7.00408,7.22527,5.43936,6.55517,0.319615,0.223077,6.77465
Pricing,1.2,4,0.5,0.4,-0,-0,,59064.2,13189,0,45875.2,37095,7281,29813,74.1902,376.829,873.986,,3.25725,231106,123368,37096,69477,0.863861,7.23118,7.22047,5.44269,6.51237,2.25503,1.17582,6.628
Pricing,1.2,4,0.5,0.6,-0,-0,,68488,13251.6,0,55236.4,37105,6801,30304,74.2118,378.618,877.475,,3.23688,231182,123372,37106,69494,0.864065,7.21032,7.17419,5.45507,6.52029,2.05449,1.06717,6.63522
Pricing,1.2,4,0.5,0.8,-0,-0,,73967.2,13015.6,0,60951.6,35432,7402,28029,70.8646,371.874,871.048,,3.28158,232070,123376,35433,70854,0.861495,7.24017,7.10118,5.45136,6.51218,2.0445,1.08306,6.76697
Pricing,1.2,4,0.75,0.4,-0,-0,,74297.1,16961,0,57336.1,43499,11512,31986,57.9987,323.067,805.241,,3.45022,235439,123381,43499,64061,0.871775,7.18343,7.3155,5.41211,6.47656,1.49546,0.724727,7.12958
Pricing,1.2,4,0.75,0.6,-0,-0,,84397.4,17036.4,0,67361,43804,10667,33136,58.4056,324.504,808.607,,3.45267,235489,123358,43805,63708,0.871553,7.11755,7.25395,5.43286,6.50041,1.36634,0.641492,7.11232
Pricing,1.2,4,0.75,0.8,-0,-0,,91134.9,16684.9,0,74450,41823,11435,30388,55.7652,317.808,801.409,,3.48037,236429,123372,41824,65325,0.868513,7.1227,7.17356,5.44109,6.50686,1.34648,0.635889,7.25106
Pricing,1.2,4,1,0.4,-0,-0,,85468.4,19751.1,0,65717.4,47219,15309,31910,47.2195,282.159,752.176,,3.84044,241120,123379,47220,60458,0.872746,7.04589,7.42494,5.37348,6.45363,1.18798,0.499477,7.38646
Pricing,1.2,4,1,0.6,-0,-0,,94935.7,19827,0,75108.8,47600,13970,33629,47.6006,283.243,757.761,,3.87791,241691,123377,47601,60058,0.872607,7.01496,7.3512,5.39878,6.47,1.12549,0.463521,7.47275
Single,1,4,1,0.8,-0,-0,,67529.8,11291.5,0,56238.3,24537,24537,0,24.5373,161.307,403.34,,3.04543,207232,123371,24537,80696,0.852981,6.31077,0,5.47614,6.52312,0.496729,0.236496,4.44485
Pricing,1.2,4,1,0.8,-0,-0,,101707,19213.4,0,82493.2,45248,14599,30649,45.2484,274.477,744.436,,3.99308,243031,123377,45249,61759,0.867328,7.04044,7.24974,5.41973,6.49084,1.13326,0.446412,7.42351
Pricing,1.2,4,1.25,0.4,-0,-0,,87729.8,20695.1,0,67034.6,47459,16485,30973,37.9677,236.516,679.475,,4.48024,247939,123382,47460,59307,0.865349,7.07343,7.47294,5.35015,6.43325,1.13368,0.3956,7.43163
Pricing,1.2,4,1.25,0.6,-0,-0,,96521.6,20797,0,75724.6,47703,15000,32703,38.163,237.68,687.127,,4.61603,249222,123383,47705,58813,0.863315,7.05972,7.39563,5.369,6.43381,1.1134,0.371307,7.50087
Pricing,1.2,4,1.25,0.8,-0,-0,,103102,20072.2,0,83029.3,45396,15447,29949,36.317,229.397,670.985,,4.66661,249966,123371,45397,60586,0.859063,7.06747,7.28964,5.40071,6.44837,1.09489,0.36208,7.47784
Single,1,4,1.25,0.4,-0,-0,,67942.9,11441.2,0,56501.7,24570,24570,0,19.6564,130.756,343.597,,3.43023,210317,123373,24570,80247,0.849605,6.3357,0,5.47279,6.51424,0.317314,0.127182,4.19183
Single,1,4,1.25,0.6,-0,-0,,67499.9,11453.9,0,56045.9,24417,24417,0,19.5341,130.902,346.723,,3.50259,211098,123366,24417,80204,0.848065,6.3301,0,5.47085,6.51363,0.348303,0.132329,4.23801
Single,1,4,1.25,0.8,-0,-0,,67602,11450,0,56152,24465,24465,0,19.572,130.857,347.294,,3.49768,211098,123377,24465,80171,0.848098,6.3239,0,5.47053,6.51459,0.357389,0.144701,4.26083
Single,0.8,1,0.5,0.4,-0,-0,,71456.4,11593.9,0,59862.4,26724,26724,0,53.4484,331.256,582.519,,1.68325,192310,123377,26724,81447,0.876752,6.21002,0,5.51559,6.46751,0.542212,0.465942,3.3124
Single,0.8,1,0.5,0.6,-0,-0,,71489.1,11576.2,0,59913,26718,26718,0,53.4369,330.748,580.991,,1.68288,192295,123358,26718,81395,0.876421,6.21723,0,5.51872,6.47086,0.531182,0.454059,3.2715
Single,0.8,1,0.5,0.8,-0,-0,,71617.5,11599.4,0,60018.1,26767,26767,0,53.5354,331.412,582.338,,1.683,192299,123384,26767,81395,0.876633,6.21642,0,5.51616,6.47021,0.52381,0.449927,3.27404
Single,0.8,1,0.75,0.4,-0,-0,,72728.2,11120.4,0,61607.7,27168,27168,0,36.2252,211.818,379.406,,1.68155,192184,123379,27168,81043,0.877073,6.22041,0,5.5155,6.47357,0.0006617,0.000665467,2.53064
Single,1,1,0.75,0.6,-0,-0,,70870.8,11352.7,0,59518.1,25929,25929,0,34.5721,216.242,474.273,,2.29604,232579,123372,25929,80781,0.864942,6.27336,0,5.49296,6.55952,0.0515479,0.0485586,3.88019
Single,0.8,1,0.75,0.6,-0,-0,,72739.4,11131.8,0,61607.5,27183,27183,0,36.2447,212.036,379.815,,1.68154,192191,123375,27183,81040,0.877188,6.21643,0,5.52001,6.47031,0.000894502,0.000856399,2.54944
Single,0.8,1,0.75,0.8,-0,-0,,72947.3,11156.3,0,61791,27256,27256,0,36.3415,212.501,380.694,,1.68163,192193,123377,27256,81001,0.877455,6.21822,0,5.51855,6.46928,0.000576444,0.000515114,2.53304
Single,0.8,1,1,0.4,-0,-0,,72964.3,10947.8,0,62016.5,27255,27255,0,27.2555,156.397,283.167,,1.68098,192159,123373,27255,80984,0.877335,6.2213,0,5.5177,6.47864,4.8957e-05,4.54953e-05,2.31883
Single,0.8,1,1,0.6,-0,-0,,73090.8,10954.9,0,62135.9,27308,27308,0,27.3087,156.499,283.726,,1.68106,192163,123369,27308,80943,0.877462,6.2189,0,5.51748,6.47655,6.29006e-05,5.41952e-05,2.31791
Single,0.8,1,1,0.8,-0,-0,,73032.6,10959.5,0,62073.1,27287,27287,0,27.2879,156.565,283.652,,1.68103,192162,123375,27287,80986,0.877602,6.21848,0,5.51672,6.47527,0.000104073,0.000111405,2.33124
Single,0.8,1,1.25,0.4,-0,-0,,73112.4,10849.8,0,62262.5,27314,27314,0,21.8512,123.998,226.346,,1.68086,192156,123377,27314,80937,0.877398,6.22003,0,5.52038,6.47116,6.80836e-06,5.8578e-06,2.21477
Single,0.8,1,1.25,0.6,-0,-0,,73193.9,10867.8,0,62326.1,27324,27324,0,21.8595,124.204,226.715,,1.68093,192156,123369,27324,80896,0.877211,6.22749,0,5.51846,6.47988,6.16036e-06,2.92779e-06,2.21741
Single,0.8,1,1.25,0.8,-0,-0,,73203.7,10884.4,0,62319.3,27347,27347,0,21.8778,124.393,226.793,,1.68074,192151,123371,27347,80907,0.877472,6.2205,0,5.51691,6.47154,2.85317e-05,2.19401e-05,2.23805
Single,0.8,2,0.5,0.4,-0,-0,,70993.3,11573.3,0,59420,26531,26531,0,53.0625,330.667,581.219,,1.66787,183371,123380,26531,81605,0.876449,6.21773,0,5.5158,6.46726,0.602286,0.494384,3.36748
Single,0.8,2,0.5,0.6,-0,-0,,71057.6,11599.9,0,59457.7,26551,26551,0,53.1022,331.428,582.477,,1.66787,183364,123383,26551,81574,0.876341,6.21912,0,5.51178,6.47612,0.614033,0.502779,3.37816
Single,1,1,0.75,0.8,-0,-0,,70985.6,11337.7,0,59647.9,25973,25973,0,34.6316,215.956,473.242,,2.29568,232565,123374,25973,80781,0.8653,6.27276,0,5.49241,6.55342,0.0338758,0.0323557,3.82346
Single,0.8,2,0.5,0.8,-0,-0,,71059.5,11581.9,0,59477.5,26560,26560,0,53.1208,330.913,581.536,,1.6671,183343,123368,26560,81485,0.875798,6.2164,0,5.51716,6.46396,0.610592,0.50453,3.36014
Single,0.8,2,0.75,0.4,-0,-0,,72711.4,11180.8,0,61530.6,27162,27162,0,36.2171,212.968,381.351,,1.66584,183131,123392,27162,81046,0.876951,6.21934,0,5.51516,6.47899,0.000909615,0.000811403,2.58729
Single,0.8,2,0.75,0.6,-0,-0,,72828.9,11183.4,0,61645.5,27196,27196,0,36.2623,213.018,381.717,,1.66536,183128,123382,27196,81010,0.877005,6.22319,0,5.51885,6.47388,0.000964806,0.000882459,2.56923
Single,0.8,2,0.75,0.8,-0,-0,,72855.7,11184.3,0,61671.4,27219,27219,0,36.2921,213.035,381.814,,1.66561,183127,123377,27219,80962,0.876833,6.21833,0,5.52136,6.47669,0.000833536,0.000752413,2.56652
Single,0.8,2,1,0.4,-0,-0,,72883.1,10980.9,0,61902.1,27208,27208,0,27.2082,156.871,283.794,,1.66387,183056,123379,27208,80997,0.877013,6.22668,0,5.51905,6.46701,6.03017e-05,5.1455e-05,2.33969
Single,0.8,2,1,0.6,-0,-0,,73031.7,10985,0,62046.7,27278,27278,0,27.2785,156.929,284.454,,1.6642,183071,123356,27278,80963,0.877474,6.22085,0,5.52241,6.47404,8.17145e-05,7.33178e-05,2.3334
Single,0.8,2,1,0.8,-0,-0,,72911.8,10990.1,0,61921.7,27208,27208,0,27.2085,157.002,283.93,,1.66352,183049,123383,27208,81026,0.877221,6.23074,0,5.51787,6.47479,6.67835e-05,5.58649e-05,2.34083
Single,0.8,2,1.25,0.4,-0,-0,,73041.7,10883.1,0,62158.6,27283,27283,0,21.8269,124.379,226.742,,1.66279,182995,123366,27283,80917,0.877073,6.22085,0,5.51338,6.4784,1.3618e-05,1.31947e-05,2.2338
Single,0.8,2,1.25,0.6,-0,-0,,73120.8,10894.2,0,62226.6,27305,27305,0,21.8447,124.505,226.779,,1.66284,183009,123376,27305,80905,0.877084,6.22389,0,5.51722,6.47378,6.16003e-06,7.32444e-06,2.22543
Single,0.8,2,1.25,0.8,-0,-0,,73116.6,10895.7,0,62221,27297,27297,0,21.8377,124.522,227.026,,1.66342,183034,123372,27297,80954,0.877438,6.22642,0,5.51751,6.47485,1.06993e-05,2.93071e-06,2.23451
Single,1,1,1,0.4,-0,-0,,71278.6,11041.8,0,60236.8,26082,26082,0,26.0825,157.74,348.959,,2.29399,232493,123364,26082,80722,0.865765,6.27176,0,5.49382,6.56703,0.000164391,0.000185565,3.29079
Single,0.8,4,0.5,0.4,-0,-0,,68468.3,11397.4,0,57070.9,25534,25534,0,51.0694,325.641,589.744,,1.86239,168358,123376,25534,82112,0.872508,6.22782,0,5.50742,6.48312,1.01948,0.710784,3.78301
Single,0.8,4,0.5,0.6,-0,-0,,68538.4,11397,0,57141.5,25550,25550,0,51.1,325.628,589.758,,1.86068,168317,123375,25550,82059,0.872212,6.23208,0,5.50681,6.48058,1.01225,0.701551,3.76901
Single,0.8,4,0.5,0.8,-0,-0,,68561.5,11392.9,0,57168.6,25550,25550,0,51.1006,325.511,589.392,,1.8563,168275,123388,25550,82106,0.872498,6.23527,0,5.5057,6.47224,0.985921,0.68542,3.75542
Single,0.8,4,0.75,0.4,-0,-0,,71479.5,11329,0,60150.5,26570,26570,0,35.4277,215.79,411.042,,1.90493,168962,123367,26570,81141,0.873101,6.24082,0,5.51496,6.49577,0.355872,0.268547,3.22434
Single,0.8,4,0.75,0.6,-0,-0,,71452.8,11355.6,0,60097.2,26560,26560,0,35.4135,216.297,411.498,,1.90834,168988,123360,26560,81134,0.873008,6.24157,0,5.50791,6.48785,0.368769,0.274818,3.25224
Single,0.8,4,0.75,0.8,-0,-0,,71402.6,11339.8,0,60062.7,26543,26543,0,35.3907,215.997,411.008,,1.90447,168985,123386,26543,81206,0.87327,6.24147,0,5.51262,6.4866,0.378349,0.28243,3.23933
Single,0.8,4,1,0.4,-0,-0,,71639.7,11341,0,60298.7,26526,26526,0,26.526,162.014,328.374,,2.14918,171946,123374,26526,80831,0.870174,6.25801,0,5.50576,6.48168,0.168992,0.121054,3.22882
Single,0.8,4,1,0.6,-0,-0,,71546.4,11337.4,0,60209,26474,26474,0,26.4748,161.963,327.13,,2.14664,171919,123374,26474,80906,0.870368,6.26452,0,5.50721,6.48823,0.141841,0.101567,3.20017
Single,0.8,4,1,0.8,-0,-0,,71602.1,11337.5,0,60264.5,26494,26494,0,26.4944,161.965,326.655,,2.14016,171801,123378,26494,80908,0.87051,6.26561,0,5.50789,6.48369,0.128679,0.0933239,3.20978
Single,0.8,4,1.25,0.4,-0,-0,,71798.3,11246,0,60552.3,26535,26535,0,21.2286,128.526,264.343,,2.24058,172555,123381,26535,80769,0.869698,6.27085,0,5.50643,6.48581,0.021988,0.0102578,2.9082
Single,1,1,1,0.6,-0,-0,,71232.7,11064.3,0,60168.4,26070,26070,0,26.0705,158.062,349.475,,2.2946,232511,123374,26070,80770,0.865986,6.26973,0,5.49463,6.55563,0.00041143,0.000389712,3.34602
Single,0.8,4,1.25,0.6,-0,-0,,71900.3,11224.6,0,60675.7,26572,26572,0,21.258,128.281,264.552,,2.25045,172600,123378,26572,80689,0.869373,6.27045,0,5.5092,6.4812,0.0202485,0.00844781,2.87187
Single,0.8,4,1.25,0.8,-0,-0,,72111.4,11255.4,0,60855.9,26657,26657,0,21.3259,128.634,264.163,,2.2377,172381,123374,26657,80652,0.869786,6.26881,0,5.50703,6.48546,0.0156045,0.0060396,2.84279
Single,1.2,1,0.5,0.4,-0,-0,,56278.7,10403.6,0,45875.1,20247,20247,0,40.4946,297.246,797.516,,3.10843,275397,123381,20247,83789,0.843212,6.2679,0,5.44493,6.59569,3.57118,3.04058,8.77136
Single,1.2,1,0.5,0.6,-0,-0,,56205.6,10401.1,0,45804.5,20205,20205,0,40.4106,297.175,796.247,,3.10867,275407,123384,20205,83874,0.843537,6.27575,0,5.4444,6.59542,3.59178,3.06471,8.78718
Single,1.2,1,0.5,0.8,-0,-0,,56246.2,10415.1,0,45831,20190,20190,0,40.3815,297.576,796.817,,3.10845,275410,123373,20190,83891,0.843635,6.29147,0,5.4472,6.59918,3.58432,3.05195,8.76548
Single,1.2,1,0.75,0.4,-0,-0,,67085.4,11190.3,0,55895,23981,23981,0,31.9755,213.15,577.113,,3.10355,275221,123383,23981,80748,0.848818,6.31772,0,5.46196,6.61431,0.52413,0.424826,5.98198
Single,1.2,1,0.75,0.6,-0,-0,,67309.7,11227,0,56082.6,24066,24066,0,32.0885,213.848,577.802,,3.10211,275200,123386,24066,80675,0.848893,6.31669,0,5.46426,6.61482,0.499035,0.40392,5.97056
Single,1.2,1,0.75,0.8,-0,-0,,67218.8,11213.6,0,56005.2,24024,24024,0,32.0326,213.593,577.458,,3.10278,275214,123370,24024,80728,0.849092,6.32042,0,5.4622,6.61782,0.510546,0.414215,5.97259
Single,1.2,1,1,0.4,-0,-0,,68910.3,11018,0,57892.3,24602,24602,0,24.6022,157.4,428.185,,3.10144,275102,123368,24602,80212,0.849608,6.32726,0,5.4651,6.61876,0.00364795,0.00324199,4.8635
Single,1.2,1,1,0.6,-0,-0,,68858.5,10991.9,0,57866.7,24600,24600,0,24.6005,157.027,426.927,,3.10096,275093,123368,24600,80242,0.849837,6.32009,0,5.4664,6.61567,0.00224985,0.00198695,4.80502
Single,1,1,1,0.8,-0,-0,,71394.8,11084.1,0,60310.6,26124,26124,0,26.1246,158.345,349.948,,2.29396,232496,123382,26124,80669,0.865553,6.27211,0,5.49552,6.56886,0.000277511,0.000274071,3.33041
Single,1.2,1,1,0.8,-0,-0,,68886.5,11007.9,0,57878.5,24599,24599,0,24.5998,157.256,428.07,,3.10157,275101,123371,24599,80201,0.849478,6.3236,0,5.4649,6.61038,0.00268327,0.00237726,4.83321
Single,1.2,1,1.25,0.4,-0,-0,,69349.3,10877.9,0,58471.4,24761,24761,0,19.8096,124.319,339.721,,3.09922,275040,123361,24761,80105,0.850082,6.32579,0,5.46554,6.61932,0.000112839,9.69229e-05,4.39359
Single,1.2,1,1.25,0.6,-0,-0,,69366,10874.9,0,58491.1,24760,24760,0,19.8087,124.285,340.013,,3.09973,275048,123390,24760,80146,0.850206,6.32798,0,5.46336,6.618,8.72027e-05,8.07726e-05,4.38044
Single,1.2,1,1.25,0.8,-0,-0,,69238.7,10847,0,58391.7,24714,24714,0,19.772,123.966,339.417,,3.09963,275039,123373,24714,80119,0.849733,6.32836,0,5.46449,6.60951,0.000102129,9.38703e-05,4.36971
Single,1.2,2,0.5,0.4,-0,-0,,56013.5,10398.7,0,45614.7,20177,20177,0,40.3549,297.107,786.831,,3.02841,261930,123382,20177,83871,0.843305,6.27444,0,5.4447,6.58907,3.54387,2.97095,8.58863
Single,1.2,2,0.5,0.6,-0,-0,,56024.3,10401.6,0,45622.7,20183,20183,0,40.3668,297.189,786.946,,3.02822,261931,123371,20183,83887,0.843562,6.27381,0,5.44457,6.59339,3.55245,2.97782,8.5875
Single,1.2,2,0.5,0.8,-0,-0,,56040.1,10400.1,0,45639.9,20187,20187,0,40.3756,297.148,787.348,,3.02976,261951,123371,20187,83874,0.843485,6.27458,0,5.44543,6.58656,3.55237,2.97425,8.57572
Single,1.2,2,0.75,0.4,-0,-0,,66540.6,11201.8,0,55338.8,23827,23827,0,31.7694,213.368,574.366,,3.01627,261586,123393,23827,80955,0.849171,6.31636,0,5.46203,6.60762,0.661729,0.486941,6.02555
Single,1.2,2,0.75,0.6,-0,-0,,66305.9,11177.4,0,55128.6,23738,23738,0,31.6513,212.903,573.45,,3.0178,261590,123370,23738,80996,0.848947,6.31827,0,5.46152,6.6029,0.666153,0.481417,6.04975
Single,1.2,2,0.75,0.8,-0,-0,,66464.6,11193,0,55271.6,23794,23794,0,31.7254,213.2,573.366,,3.01603,261564,123390,23794,80953,0.848912,6.3188,0,5.46308,6.59979,0.646034,0.474519,6.0062
Single,1,1,1.25,0.4,-0,-0,,71466.7,10938.5,0,60528.2,26165,26165,0,20.9323,125.012,278.504,,2.29341,232474,123373,26165,80639,0.865703,6.26612,0,5.49843,6.55351,5.28475e-05,5.19772e-05,3.12357
Single,1.2,2,1,0.4,-0,-0,,68533.5,11166.9,0,57366.6,24519,24519,0,24.5195,159.527,435.149,,3.03004,261589,123364,24519,80311,0.849765,6.31508,0,5.46286,6.61155,0.100319,0.0861436,5.11622
Single,1.2,2,1,0.6,-0,-0,,68648.4,11192,0,57456.4,24535,24535,0,24.5351,159.885,435.095,,3.02905,261571,123376,24535,80267,0.849454,6.32763,0,5.46524,6.59829,0.0865636,0.073206,5.10556
Single,1.2,2,1,0.8,-0,-0,,68553.7,11182,0,57371.7,24514,24514,0,24.5148,159.743,435.102,,3.02967,261602,123358,24514,80330,0.84993,6.32121,0,5.4652,6.60936,0.0995833,0.0842724,5.13253
Single,1.2,2,1.25,0.4,-0,-0,,69084.2,10997.8,0,58086.4,24697,24697,0,19.7581,125.689,344.632,,3.02844,261472,123376,24697,80185,0.850101,6.32242,0,5.46708,6.59644,0.00250971,0.00217186,4.53957
Single,1.2,2,1.25,0.6,-0,-0,,69143.6,11013.9,0,58129.7,24699,24699,0,19.7597,125.873,344.719,,3.02789,261444,123382,24699,80128,0.849622,6.33075,0,5.46727,6.60807,0.00117035,0.000963575,4.50836
Single,1.2,2,1.25,0.8,-0,-0,,69110.7,11000.6,0,58110.1,24700,24700,0,19.7606,125.721,344.233,,3.02657,261419,123373,24700,80133,0.849731,6.32573,0,5.46264,6.61225,0.00102453,0.000867991,4.48709
Single,1.2,4,0.5,0.4,-0,-0,,52416.9,10031.1,0,42385.8,18954,18954,0,37.9093,286.604,763.601,,3.76962,240044,123378,18954,83522,0.830595,6.28759,0,5.4291,6.51681,3.29582,2.40047,8.04536
Single,1.2,4,0.5,0.6,-0,-0,,52394.3,10018.9,0,42375.4,18931,18931,0,37.862,286.255,764.118,,3.79448,240282,123372,18931,83539,0.830579,6.29582,0,5.42804,6.51294,3.34562,2.44555,8.05557
Single,1.2,4,0.5,0.8,-0,-0,,52401.8,10013.4,0,42388.4,18939,18939,0,37.8783,286.097,763.089,,3.78839,240126,123367,18939,83486,0.830253,6.29265,0,5.42444,6.52252,3.31048,2.41435,8.03499
Single,1.2,4,0.75,0.4,-0,-0,,59301,10670.2,0,48630.8,21247,21247,0,28.3306,203.243,589.127,,3.99954,242414,123365,21247,81338,0.831565,6.33404,0,5.43574,6.5266,1.36374,0.592759,6.4495
Single,1,1,0.5,0.6,-0,-0,,66268.5,11467.6,0,54800.9,24298,24298,0,48.5973,327.646,706.511,,2.29834,232749,123368,24298,82230,0.863503,6.2585,0,5.48817,6.5497,1.43319,1.13301,5.33641
Single,1,1,1.25,0.6,-0,-0,,71590.8,10958.4,0,60632.3,26182,26182,0,20.9461,125.239,278.994,,2.29365,232479,123382,26182,80625,0.865665,6.27722,0,5.49637,6.56363,3.50131e-05,3.361e-05,3.11815
Single,1.2,4,0.75,0.6,-0,-0,,59719.8,10710,0,49009.8,21400,21400,0,28.5345,204,588.5,,3.93531,241917,123376,21400,81315,0.832543,6.33232,0,5.43836,6.52509,1.33478,0.593305,6.42625
Single,1.2,4,0.75,0.8,-0,-0,,59614.3,10726.3,0,48888,21353,21353,0,28.4708,204.311,589.792,,3.93289,241933,123385,21353,81388,0.832687,6.33833,0,5.43608,6.53009,1.36169,0.608836,6.45934
Single,1.2,4,1,0.4,-0,-0,,60907.8,11053.7,0,49854.1,21669,21669,0,21.67,157.91,489.118,,4.43942,246462,123385,21669,80248,0.826021,6.36428,0,5.42862,6.51268,0.918579,0.305346,5.94799
Single,1.2,4,1,0.6,-0,-0,,60733.7,11070.9,0,49662.8,21605,21605,0,21.6056,158.156,491.977,,4.49885,247056,123396,21605,80243,0.825383,6.36599,0,5.42802,6.51374,0.954316,0.310109,5.99902
Single,1.2,4,1,0.8,-0,-0,,60976.7,11033.7,0,49943,21693,21693,0,21.693,157.624,487.106,,4.43145,246333,123359,21693,80261,0.826485,6.36549,0,5.4295,6.52128,0.904214,0.303414,5.94276
Single,1.2,4,1.25,0.4,-0,-0,,61879.6,11299.1,0,50580.5,21908,21908,0,17.5265,129.133,419.477,,4.82449,249548,123376,21908,79376,0.820939,6.38669,0,5.42525,6.50979,0.70804,0.189442,5.49681
Single,1.2,4,1.25,0.6,-0,-0,,61408.2,11315.9,0,50092.3,21735,21735,0,17.3883,129.325,424.746,,4.92924,250567,123380,21735,79371,0.819478,6.38537,0,5.42227,6.50322,0.755528,0.196914,5.58291
Single,1.2,4,1.25,0.8,-0,-0,,61833.7,11308,0,50525.7,21895,21895,0,17.5167,129.235,420.592,,4.82624,249649,123378,21895,79409,0.821096,6.38311,0,5.42264,6.51112,0.71673,0.195184,5.55244
Assort,1,1,0.5,0.4,-0,-0,,65414.3,14530.1,0,50884.2,46731,5971,40760,93.4626,415.147,871.123,,2.27873,231706,123372,46732,63494,0.893454,6.65828,7.20703,5.57207,6.59076,1.1808,0.748937,5.46202
Assort,1,1,0.5,0.6,-0,-0,,86217.1,14839.9,0,71377.3,45908,5581,40327,91.8172,423.997,891.013,,2.28248,231932,123385,45910,64065,0.89132,6.87156,6.90569,5.6287,6.6618,0.788583,0.51739,5.55053
Single,1,1,1.25,0.8,-0,-0,,71527.1,10961.8,0,60565.3,26179,26179,0,20.9432,125.278,278.593,,2.29316,232464,123372,26179,80627,0.865719,6.27011,0,5.49327,6.56127,6.25745e-05,8.40364e-05,3.13773
Assort,1,1,0.5,0.8,-0,-0,,99746.7,14392.2,0,85354.5,41928,7723,34205,83.8567,411.207,871.839,,2.28776,232203,123363,41929,67240,0.884943,6.85509,6.6535,5.64595,6.68806,0.567923,0.397482,5.69751
Assort,1,1,0.75,0.4,-0,-0,,87494,19038.1,0,68455.9,56053,12715,43338,74.7386,362.632,776.813,,2.28633,232034,123356,56056,55814,0.906893,6.35104,7.38604,5.53164,6.56492,0.308816,0.220548,5.23998
Assort,1,1,0.75,0.6,-0,-0,,109444,19780,0,89664.3,56305,9987,46318,75.0744,376.764,808.577,,2.29368,232376,123385,56307,55411,0.905447,6.52677,7.02006,5.6367,6.68685,0.185875,0.138058,5.52284
Assort,1,1,0.75,0.8,-0,-0,,124798,19035.6,0,105762,51466,13337,38128,68.6219,362.584,783.898,,2.29997,232668,123377,51467,59374,0.898403,6.51038,6.77877,5.66529,6.73873,0.0989587,0.0744984,5.50077
Assort,1,1,1,0.4,-0,-0,,96230.2,20458.1,0,75772,59929,15227,44702,59.9295,292.26,634.509,,2.28868,232065,123383,59931,52623,0.91224,6.31875,7.43437,5.51631,6.55873,0.0441752,0.0353658,4.77433
Assort,1,1,1,0.6,-0,-0,,123250,22505.5,0,100744,61666,13971,47695,61.6662,321.508,695.642,,2.2987,232575,123371,61667,51002,0.913256,6.39615,7.10309,5.61084,6.67875,0.032042,0.0241215,4.9234
Assort,1,1,1,0.8,-0,-0,,135513,20540.3,0,114973,55361,16343,39018,55.3619,293.434,640.023,,2.30052,232680,123370,55363,56143,0.903839,6.44487,6.8361,5.66298,6.73497,0.0180056,0.0134233,4.78753
Assort,1,1,1.25,0.4,-0,-0,,99515,20923.1,0,78591.9,61368,16181,45186,49.0949,239.122,522.203,,2.28834,232052,123383,61370,51442,0.914325,6.29783,7.46135,5.51374,6.55716,0.00611656,0.0051041,4.53903
Assort,1,1,1.25,0.6,-0,-0,,127278,23127.9,0,104150,63301,15064,48237,50.6409,264.32,576.153,,2.29966,232597,123368,63301,49676,0.915782,6.36798,7.11712,5.5997,6.67458,0.00698362,0.0052763,4.66068
Assort,1,1,1.25,0.8,-0,-0,,138738,20876.2,0,117862,56495,17228,39266,45.1966,238.585,522.759,,2.29953,232656,123374,56497,55269,0.905915,6.43478,6.86007,5.65595,6.73737,0.00297727,0.00226914,4.48253
Single,1,2,0.5,0.4,-0,-0,,65751.8,11359.5,0,54392.3,24154,24154,0,48.3097,324.558,694.805,,2.24323,221379,123372,24154,82333,0.863141,6.24841,0,5.48662,6.54317,1.46655,1.12044,5.27117
Assort,1,2,0.5,0.4,-0,-0,,66198,14670.3,0,51527.7,47012,6313,40699,94.0252,419.153,855.133,,2.19419,219041,123393,47014,63341,0.894334,6.60911,7.23061,5.56884,6.57198,1.156,0.70486,5.29248
Assort,1,2,0.5,0.6,-0,-0,,87202.6,15048.6,0,72154,46426,5739,40686,92.8527,429.96,878.572,,2.20139,219507,123370,46428,63678,0.892491,6.81623,6.92835,5.62875,6.64758,0.79445,0.494092,5.3637
Assort,1,2,0.5,0.8,-0,-0,,100511,14522.8,0,85988.6,42265,7953,34312,84.5309,414.938,859.968,,2.21477,220147,123372,42266,67093,0.88642,6.79493,6.67327,5.64776,6.67743,0.607679,0.399465,5.53678
Assort,1,2,0.75,0.4,-0,-0,,87704.7,18982.9,0,68721.8,55971,12979,42992,74.6293,361.58,759.512,,2.20957,219708,123367,55973,55949,0.907228,6.33448,7.40639,5.52936,6.54725,0.354244,0.239355,5.09008
Assort,1,2,0.75,0.6,-0,-0,,109705,19877.6,0,89827.6,56390,10167,46223,75.1868,378.622,798.351,,2.22843,220541,123380,56391,55387,0.905968,6.48499,7.04447,5.63105,6.67209,0.247146,0.17197,5.43068
Assort,1,2,0.75,0.8,-0,-0,,124548,19018.8,0,105529,51365,13438,37926,68.4874,362.264,773.269,,2.24552,221215,123367,51366,59438,0.898173,6.4902,6.79499,5.65904,6.71731,0.147083,0.105801,5.40947
Assort,1,2,1,0.4,-0,-0,,95717,20317.7,0,75399.3,59587,15222,44364,59.5872,290.253,620.984,,2.21835,219843,123372,59588,52911,0.911875,6.30089,7.45663,5.51297,6.5406,0.0772774,0.0595594,4.72234
Assort,1,2,1,0.6,-0,-0,,122347,22363.3,0,99983.5,61294,13862,47431,61.2944,319.477,684.332,,2.2454,221067,123378,61296,51336,0.912904,6.36794,7.11344,5.60499,6.66155,0.0514464,0.0373054,4.89324
Assort,1,2,1,0.8,-0,-0,,134810,20450.2,0,114359,55082,16258,38823,55.082,292.146,631.727,,2.25139,221313,123379,55083,56390,0.903506,6.43753,6.85157,5.65116,6.72969,0.0287957,0.0208623,4.75745
Assort,1,2,1.25,0.4,-0,-0,,99127.2,20843.9,0,78283.3,61100,16193,44906,48.8802,238.217,513.989,,2.22067,219876,123374,61101,51684,0.914181,6.28489,7.47881,5.50749,6.55585,0.0121996,0.00985962,4.51118
Single,1,2,0.5,0.6,-0,-0,,65859.3,11403.1,0,54456.2,24175,24175,0,48.3515,325.803,696.833,,2.24372,221411,123381,24175,82349,0.863383,6.2562,0,5.48808,6.5404,1.46549,1.11572,5.29577
Assort,1,2,1.25,0.6,-0,-0,,126581,23060.4,0,103520,62964,14998,47965,50.3715,263.548,569.668,,2.24958,221140,123361,62965,49938,0.915235,6.35482,7.13113,5.59073,6.65932,0.013258,0.00970242,4.65841
Assort,1,2,1.25,0.8,-0,-0,,138198,20833.9,0,117364,56301,17103,39197,45.0415,238.103,518.766,,2.2518,221306,123375,56302,55374,0.905175,6.42887,6.86964,5.65102,6.71845,0.00667523,0.00482537,4.48243
Assort,1,4,0.5,0.4,-0,-0,,67304,14931.9,0,52372.2,46713,7329,39384,93.4269,426.626,820.759,,2.23955,193954,123374,46714,63406,0.892577,6.51244,7.30263,5.54744,6.54318,1.16672,0.597403,5.01692
Assort,1,4,0.5,0.6,-0,-0,,88928.7,15490.9,0,73437.8,47263,6185,41077,94.5266,442.598,850.065,,2.22736,194554,123374,47264,62853,0.892556,6.68597,6.98335,5.62334,6.63736,0.877921,0.440068,5.02077
Assort,1,4,0.5,0.8,-0,-0,,101084,14724.7,0,86359.4,42524,8258,34266,85.0485,420.706,831.69,,2.28177,196491,123384,42525,66707,0.885303,6.66768,6.73586,5.63811,6.65114,0.762444,0.391911,5.26885
Assort,1,4,0.75,0.4,-0,-0,,86258,18541.5,0,67716.5,54701,13140,41561,72.9354,353.172,714.415,,2.23524,194935,123370,54703,56876,0.904431,6.29048,7.47366,5.516,6.52655,0.532954,0.287166,4.88632
Assort,1,4,0.75,0.6,-0,-0,,108568,19871.1,0,88696.8,55603,10503,45100,74.1382,378.497,774.23,,2.31879,197722,123380,55604,55812,0.903041,6.42208,7.09443,5.60467,6.64823,0.448839,0.232605,5.29477
Assort,1,4,0.75,0.8,-0,-0,,120121,18450.9,0,101670,49494,13183,36310,65.9925,351.446,743.378,,2.45491,200406,123370,49495,60565,0.892115,6.44831,6.84291,5.63069,6.67634,0.424358,0.209134,5.35017
Assort,1,4,1,0.4,-0,-0,,91850.1,19667.5,0,72182.6,57130,14611,42518,57.1301,280.965,595.426,,2.34413,196816,123368,57131,54771,0.907062,6.27156,7.53768,5.49738,6.514,0.322619,0.181214,4.9075
Assort,1,4,1,0.6,-0,-0,,116122,21496,0,94625.8,58104,13015,45088,58.1045,307.087,666.576,,2.55949,201611,123387,58106,53462,0.904214,6.37226,7.1601,5.57658,6.63026,0.321395,0.156954,5.22497
Single,1,2,0.5,0.8,-0,-0,,65787.1,11369.3,0,54417.7,24162,24162,0,48.3246,324.839,695.328,,2.24405,221411,123380,24162,82381,0.863541,6.25083,0,5.48862,6.5405,1.45604,1.10226,5.27695
Assort,1,4,1,0.8,-0,-0,,125919,19498.2,0,106421,51305,15028,36277,51.3058,278.546,628.782,,2.77165,204576,123381,51306,58717,0.89174,6.43215,6.90309,5.61479,6.65938,0.315333,0.137751,5.28104
Assort,1,4,1.25,0.4,-0,-0,,94181.2,20336.5,0,73844.7,58062,15097,42965,46.4499,232.418,517.633,,2.53714,199541,123375,58063,53749,0.906284,6.27812,7.58342,5.49013,6.51173,0.245888,0.136638,5.07607
Assort,1,4,1.25,0.6,-0,-0,,117840,22058.6,0,95781.3,58298,13703,44594,46.6384,252.099,583.181,,2.95478,206271,123378,58299,52804,0.900512,6.37155,7.21253,5.55279,6.59046,0.290275,0.123544,5.40982
Assort,1,4,1.25,0.8,-0,-0,,126539,19883.7,0,106656,51187,15457,35729,40.9497,227.243,547.051,,3.23591,209477,123370,51188,58194,0.88662,6.46192,6.93458,5.59792,6.62964,0.305779,0.110437,5.3693
Assort,0.8,1,0.5,0.4,-0,-0,,78263.8,16950.8,0,61313,53108,9942,43166,106.218,484.311,818.3,,1.6745,191704,123388,53110,59180,0.910062,6.41985,7.30776,5.57313,6.48038,0.521932,0.356426,4.02957
Assort,0.8,1,0.5,0.6,-0,-0,,102493,17649.1,0,84843.9,55024,7085,47938,110.05,504.262,849.816,,1.67522,191797,123376,55026,57435,0.911539,6.56623,6.99943,5.67177,6.6036,0.265157,0.195823,3.97798
Assort,0.8,1,0.5,0.8,-0,-0,,118699,17074,0,101625,50407,9718,40688,100.814,487.83,829.394,,1.67967,192068,123372,50407,61269,0.905209,6.54911,6.7682,5.70244,6.6407,0.152298,0.121262,4.07243
Assort,0.8,1,0.75,0.4,-0,-0,,95766.5,19643.8,0,76122.6,60079,15952,44127,80.1058,374.169,647.23,,1.67611,191763,123381,60080,53331,0.919198,6.25024,7.43719,5.52471,6.44346,0.0422858,0.0348923,3.53374
Assort,0.8,1,0.75,0.6,-0,-0,,124811,22537.4,0,102273,64447,13038,51409,85.9302,429.285,739.075,,1.68259,192209,123363,64448,49518,0.923834,6.33043,7.06666,5.62589,6.57946,0.0260239,0.0207967,3.70564
Assort,0.8,1,0.75,0.8,-0,-0,,139559,20737,0,118822,58282,15722,42559,77.7097,394.991,687.295,,1.68422,192317,123382,58283,54659,0.915387,6.37787,6.84059,5.68422,6.64484,0.0146789,0.011567,3.57537
Single,1,2,0.75,0.4,-0,-0,,70711.3,11356.4,0,59354.9,25913,25913,0,34.5517,216.313,473.375,,2.24365,221169,123381,25913,80899,0.865718,6.26213,0,5.49543,6.54343,0.146926,0.132149,3.94759
Assort,0.8,1,1,0.4,-0,-0,,99610.3,20080.7,0,79529.6,61621,17255,44366,61.622,286.867,501.082,,1.67606,191754,123367,61623,52064,0.921538,6.22335,7.46907,5.51437,6.44923,0.00194282,0.00171429,3.3355
Assort,0.8,1,1,0.6,-0,-0,,130516,23447.7,0,107068,66601,15003,51598,66.6018,334.968,585.238,,1.6841,192271,123371,66602,47703,0.926521,6.29772,7.0838,5.60614,6.56243,0.00345233,0.00277826,3.40923
Assort,0.8,1,1,0.8,-0,-0,,144011,21305.3,0,122706,59860,17263,42596,59.8605,304.362,535.686,,1.68489,192342,123373,59861,53358,0.917699,6.36524,6.86258,5.66812,6.64095,0.00180233,0.00139255,3.31408
Assort,0.8,1,1.25,0.4,-0,-0,,100240,20051.6,0,80188.3,62029,17311,44718,49.6237,229.161,401.925,,1.67532,191722,123369,62031,51704,0.921911,6.23159,7.4722,5.52082,6.4436,9.40263e-05,8.83429e-05,3.2277
Assort,0.8,1,1.25,0.6,-0,-0,,132122,23635.4,0,108487,67134,15597,51537,53.7073,270.12,474.512,,1.6844,192292,123379,67135,47328,0.927736,6.30469,7.09245,5.59845,6.55782,0.000545958,0.000433155,3.25708
Assort,0.8,1,1.25,0.8,-0,-0,,144720,21202.6,0,123517,60075,17610,42465,48.0607,242.316,428.801,,1.6841,192301,123383,60077,53163,0.917793,6.37514,6.86464,5.6649,6.63538,0.000253519,0.000199078,3.13074
Assort,0.8,2,0.5,0.4,-0,-0,,78451.9,16968.6,0,61483.2,53071,10077,42994,106.143,484.82,807.348,,1.64351,181910,123375,53072,59162,0.909697,6.40094,7.33735,5.56835,6.48005,0.539127,0.352529,3.97899
Assort,0.8,2,0.5,0.6,-0,-0,,102760,17712,0,85048,55113,7118,47994,110.226,506.058,839.351,,1.64454,182102,123394,55114,57339,0.911331,6.54614,7.02447,5.66785,6.6072,0.283993,0.198292,3.92173
Assort,0.8,2,0.5,0.8,-0,-0,,118699,17089.1,0,101610,50404,9725,40678,100.808,488.261,820.631,,1.65499,182694,123370,50405,61229,0.904878,6.53215,6.78,5.69629,6.6507,0.169453,0.128536,4.03694
Assort,0.8,2,0.75,0.4,-0,-0,,95326.6,19561.9,0,75764.7,59845,15797,44048,79.7946,372.609,638.258,,1.64738,182045,123381,59847,53518,0.918829,6.24347,7.46782,5.52924,6.4572,0.0553345,0.0444953,3.52011
Single,1,2,0.75,0.6,-0,-0,,70864.3,11401.8,0,59462.5,25950,25950,0,34.6007,217.178,474.483,,2.24256,221155,123374,25950,80831,0.865517,6.26986,0,5.49683,6.54921,0.178337,0.163227,3.95474
Assort,0.8,2,0.75,0.6,-0,-0,,124201,22419.4,0,101782,64137,12882,51254,85.5161,427.037,730.213,,1.66207,183021,123376,64137,49752,0.923115,6.33147,7.07953,5.62615,6.58531,0.0337903,0.0260751,3.69937
Assort,0.8,2,0.75,0.8,-0,-0,,138964,20668.7,0,118295,57963,15553,42410,77.2852,393.69,681.642,,1.66805,183323,123358,57965,54867,0.91467,6.39887,6.85509,5.68199,6.62812,0.019402,0.0148027,3.58602
Assort,0.8,2,1,0.4,-0,-0,,99247.6,20060.9,0,79186.8,61405,17122,44283,61.4057,286.584,497.027,,1.64875,182075,123365,61406,52224,0.921096,6.22174,7.49728,5.51564,6.45195,0.00438533,0.0037872,3.35004
Assort,0.8,2,1,0.6,-0,-0,,130173,23405.3,0,106767,66411,14848,51563,66.412,334.362,582.758,,1.66846,183244,123406,66413,47902,0.926334,6.29914,7.09966,5.60204,6.57083,0.00545546,0.00428829,3.4286
Assort,0.8,2,1,0.8,-0,-0,,143456,21235.8,0,122220,59610,17047,42563,59.6108,303.37,533.844,,1.67143,183416,123380,59611,53522,0.916957,6.37091,6.8701,5.66875,6.63168,0.00313632,0.00234651,3.34475
Assort,0.8,2,1.25,0.4,-0,-0,,100369,20092.2,0,80277.1,62057,17317,44739,49.6461,229.626,400.049,,1.6468,181982,123384,62059,51670,0.921745,6.22527,7.5026,5.51701,6.44162,0.000174738,0.000142445,3.21742
Assort,0.8,2,1.25,0.6,-0,-0,,131864,23609.4,0,108255,67007,15512,51495,53.6063,269.822,474.022,,1.67033,183301,123364,67009,47400,0.927413,6.29545,7.10038,5.5982,6.5651,0.000935442,0.000740794,3.29726
Assort,0.8,2,1.25,0.8,-0,-0,,144901,21253.4,0,123648,60105,17575,42529,48.0841,242.896,430.37,,1.66988,183347,123378,60106,53128,0.917781,6.36483,6.88138,5.66489,6.62864,0.000288866,0.000206302,3.1463
Assort,0.8,4,0.5,0.4,-0,-0,,77918,16790.4,0,61127.6,51993,10503,41489,103.986,479.727,785.41,,1.72043,163321,123386,51994,59976,0.90748,6.34088,7.41813,5.55506,6.46806,0.655989,0.361555,3.95449
Assort,0.8,4,0.5,0.6,-0,-0,,101729,17627.5,0,84101.4,54428,7233,47194,108.857,503.644,819.365,,1.70999,163590,123387,54429,57811,0.909661,6.49381,7.05677,5.65708,6.59539,0.405514,0.227085,3.9007
Single,1,2,0.75,0.8,-0,-0,,70815.8,11397,0,59418.8,25942,25942,0,34.5899,217.087,474.517,,2.24233,221137,123388,25942,80853,0.865528,6.2666,0,5.49201,6.5561,0.179191,0.163198,3.98082
Assort,0.8,4,0.5,0.8,-0,-0,,116453,16862.2,0,99590.8,49299,9690,39608,98.5981,481.777,801.681,,1.74594,165195,123367,49299,61998,0.902172,6.53319,6.81898,5.68138,6.6267,0.317985,0.184932,4.07449
Assort,0.8,4,0.75,0.4,-0,-0,,93152.4,19197.3,0,73955.1,58448,15291,43157,77.9319,365.663,623.447,,1.71459,163376,123350,58450,54566,0.916218,6.24233,7.53503,5.52002,6.45297,0.184665,0.123578,3.62586
Assort,0.8,4,0.75,0.6,-0,-0,,121029,21908.1,0,99120.5,62311,12549,49761,83.0814,417.298,715.375,,1.77119,166123,123368,62312,51105,0.919336,6.33985,7.11595,5.61709,6.58587,0.139489,0.0874828,3.84225
Assort,0.8,4,0.75,0.8,-0,-0,,133861,20037.6,0,113824,55713,14986,40726,74.2847,381.67,671.815,,1.83076,167665,123372,55714,56512,0.90966,6.39316,6.87871,5.66297,6.63781,0.123301,0.0772565,3.84579
Assort,0.8,4,1,0.4,-0,-0,,97099.2,19844.1,0,77255.2,60161,16394,43766,60.1612,283.487,499.033,,1.76771,164421,123379,60162,53152,0.918425,6.2334,7.57052,5.50825,6.45019,0.0785197,0.0577044,3.57717
Assort,0.8,4,1,0.6,-0,-0,,126174,22845,0,103329,64068,14322,49746,64.0689,326.358,584.457,,1.86525,168027,123358,64070,49544,0.921013,6.30716,7.15132,5.59209,6.56837,0.0631553,0.0404981,3.76444
Assort,0.8,4,1,0.8,-0,-0,,138005,20666.7,0,117338,57029,16373,40655,57.0295,295.239,543.779,,1.95703,169751,123382,57030,55300,0.910425,6.38832,6.91538,5.64978,6.63969,0.0611711,0.0367475,3.76053
Assort,0.8,4,1.25,0.4,-0,-0,,98570.2,20113.2,0,78457,60804,16754,44050,48.6439,229.865,414.873,,1.83268,165410,123375,60805,52536,0.918679,6.23368,7.58339,5.50748,6.45714,0.0280153,0.0207947,3.57664
Assort,0.8,4,1.25,0.6,-0,-0,,127612,23139.1,0,104473,64410,14817,49592,51.5281,264.447,490.592,,1.99623,169976,123363,64411,49145,0.920508,6.31086,7.17347,5.57878,6.5586,0.0381057,0.0236784,3.7886
Assort,0.8,4,1.25,0.8,-0,-0,,139011,20886,0,118125,57229,16775,40453,45.7835,238.698,458.167,,2.14299,172152,123382,57229,54929,0.909036,6.39689,6.92901,5.6452,6.63787,0.0415469,0.0231341,3.80001
Single,1,2,1,0.4,-0,-0,,71372,11099.5,0,60272.4,26132,26132,0,26.1329,158.565,349.293,,2.2388,220945,123378,26132,80692,0.865838,6.27051,0,5.49334,6.54546,0.000728816,0.000688786,3.33626
Assort,1.2,1,0.5,0.4,-0,-0,,52723,12255.3,0,40467.7,36650,5256,31393,73.3015,350.152,913.957,,3.08358,274346,123370,36653,70328,0.867159,6.40857,7.20772,5.49987,6.61165,2.40124,1.37299,7.70278
Assort,1.2,1,0.5,0.6,-0,-0,,68212,12253.9,0,55958.1,35209,5582,29626,70.418,350.113,922.856,,3.08932,274585,123375,35211,71365,0.863836,6.54844,6.90403,5.54749,6.67289,2.11292,1.32506,7.93217
Assort,1.2,1,0.5,0.8,-0,-0,,78210.7,11828.4,0,66382.3,32259,7234,25025,64.5194,337.956,903.837,,3.0956,274818,123377,32261,73764,0.859363,6.61122,6.62929,5.55684,6.69448,1.84587,1.30841,8.17455
Assort,1.2,1,0.75,0.4,-0,-0,,70559.1,16446.7,0,54112.4,46607,8362,38244,62.143,313.271,837.751,,3.09594,274663,123386,46609,62301,0.882683,6.41654,7.36566,5.4926,6.61486,1.14864,0.756612,7.70194
Assort,1.2,1,0.75,0.6,-0,-0,,89744.8,16600.2,0,73144.6,44909,8894,36014,59.8788,316.195,847.604,,3.10337,275009,123380,44911,63524,0.878876,6.5152,7.02869,5.56307,6.68765,0.856801,0.565783,7.85626
Assort,1.2,1,0.75,0.8,-0,-0,,102121,16036.5,0,86084.5,41305,11438,29866,55.0736,305.457,825.324,,3.10876,275248,123364,41307,66337,0.872573,6.51605,6.76073,5.58645,6.73765,0.629945,0.432948,7.9322
Assort,1.2,1,1,0.4,-0,-0,,86694.7,19808,0,66886.7,53504,12980,40523,53.5043,282.972,761.557,,3.10141,274891,123369,53507,56721,0.893488,6.30022,7.50171,5.46901,6.60438,0.474456,0.316592,7.20854
Assort,1.2,1,1,0.6,-0,-0,,107650,20361.4,0,87288.9,52450,12492,39958,52.4507,290.878,782.537,,3.11466,275344,123374,52452,57307,0.889647,6.40433,7.15794,5.55501,6.70854,0.331311,0.231365,7.51017
Assort,1.2,1,1,0.8,-0,-0,,119894,19002.8,0,100892,47769,15262,32506,47.7692,271.469,731.653,,3.11627,275442,123369,47771,61074,0.882271,6.46696,6.87577,5.59291,6.74739,0.164862,0.118139,7.02481
Assort,1.2,1,1.25,0.4,-0,-0,,92258.1,20918.8,0,71339.3,56089,14331,41757,44.8719,239.072,646.911,,3.10715,274962,123364,56091,54564,0.896989,6.30183,7.54178,5.46249,6.5893,0.148947,0.113819,6.86174
Single,1,2,1,0.6,-0,-0,,71392.4,11101.3,0,60291.1,26143,26143,0,26.144,158.59,349.086,,2.23868,220936,123372,26143,80664,0.865738,6.26918,0,5.49465,6.55011,0.000325517,0.000276928,3.32155
Assort,1.2,1,1.25,0.6,-0,-0,,115994,21845.3,0,94148.9,55763,14385,41378,44.6105,249.661,670.729,,3.11837,275406,123374,55765,54682,0.895233,6.3925,7.21833,5.54484,6.70359,0.0733922,0.0531493,6.84617
Assort,1.2,1,1.25,0.8,-0,-0,,125284,19772.4,0,105512,49713,16494,33219,39.7711,225.971,610.575,,3.11865,275459,123361,49715,59487,0.885226,6.4587,6.90086,5.59544,6.7627,0.036241,0.0267803,6.59456
Assort,1.2,2,0.5,0.4,-0,-0,,53892.4,12429,0,41463.3,37528,5390,32137,75.0573,355.116,895.713,,2.95726,259339,123368,37530,69690,0.869115,6.39571,7.23143,5.50558,6.6066,2.29324,1.29829,7.33794
Assort,1.2,2,0.5,0.6,-0,-0,,69879,12493,0,57386,36277,5532,30745,72.5554,356.944,908.412,,2.9706,259899,123381,36279,70615,0.866382,6.56981,6.907,5.55079,6.6588,1.99722,1.2212,7.53621
Assort,1.2,2,0.5,0.8,-0,-0,,79814.8,12032.4,0,67782.4,33003,7248,25754,66.007,343.783,890.727,,2.98751,260482,123371,33004,73200,0.860857,6.62365,6.6457,5.56227,6.67392,1.71429,1.14991,7.80937
Assort,1.2,2,0.75,0.4,-0,-0,,71273,16545.2,0,54727.8,46904,8660,38244,62.5398,315.148,820.919,,2.98499,260101,123385,46906,62034,0.882929,6.40794,7.38382,5.48716,6.60397,1.09948,0.673454,7.43858
Assort,1.2,2,0.75,0.6,-0,-0,,90497.3,16731.3,0,73766,45438,8876,36562,60.5847,318.692,834.301,,3.00655,260905,123369,45440,63025,0.879196,6.50504,7.03832,5.5609,6.67813,0.87481,0.530084,7.59585
Assort,1.2,2,0.75,0.8,-0,-0,,102475,16081.9,0,86393.5,41535,11408,30127,55.3808,306.322,813.061,,3.02251,261540,123387,41537,66173,0.87295,6.49983,6.7741,5.58864,6.71637,0.687679,0.429299,7.71986
Assort,1.2,2,1,0.4,-0,-0,,86531.3,19673.3,0,66858,53459,13015,40444,53.4599,281.048,742.877,,3.00121,260643,123375,53461,56755,0.893352,6.28692,7.51687,5.47356,6.59686,0.529124,0.324685,7.01056
Assort,1.2,2,1,0.6,-0,-0,,107482,20328.7,0,87153.3,52485,12410,40074,52.4854,290.411,771.091,,3.03949,261828,123380,52487,57302,0.889848,6.3944,7.16683,5.55682,6.6889,0.427109,0.2662,7.35149
Single,1,1,0.5,0.8,-0,-0,,66192.8,11448.5,0,54744.3,24264,24264,0,48.5299,327.102,705.294,,2.29821,232739,123386,24264,82246,0.86324,6.26077,0,5.48652,6.55549,1.42136,1.1134,5.3123
Single,1,2,1,0.8,-0,-0,,71112.4,11071.6,0,60040.8,26054,26054,0,26.0544,158.166,348.12,,2.23836,220925,123374,26054,80757,0.865751,6.26427,0,5.49347,6.55106,0.00069058,0.00058493,3.34759
Assort,1.2,2,1,0.8,-0,-0,,118703,18858.4,0,99844.9,47426,15006,32420,47.4262,269.406,720.867,,3.05119,262129,123379,47427,61298,0.881233,6.44097,6.87742,5.59087,6.73814,0.287437,0.187285,6.99074
Assort,1.2,2,1.25,0.4,-0,-0,,91739.1,20774.1,0,70965,55945,14179,41766,44.7565,237.419,635.722,,3.02197,260953,123388,55947,54703,0.896765,6.29512,7.55818,5.46687,6.58698,0.264073,0.186442,6.79694
Assort,1.2,2,1.25,0.6,-0,-0,,114880,21726.6,0,93153,55452,14038,41413,44.362,248.305,664.338,,3.06392,262189,123383,55454,54892,0.89434,6.37833,7.21607,5.54423,6.69184,0.157046,0.105499,6.84264
Assort,1.2,2,1.25,0.8,-0,-0,,124268,19711.8,0,104556,49371,16139,33231,39.4971,225.279,608.203,,3.07374,262425,123392,49372,59712,0.884053,6.45738,6.91429,5.58986,6.73865,0.0764009,0.0521267,6.62694
Assort,1.2,4,0.5,0.4,-0,-0,,56274.5,12801.3,0,43473.2,39195,5714,33481,78.3916,365.752,854.789,,3.18536,229623,123371,39198,67873,0.867886,6.46448,7.28242,5.49978,6.54793,2.01599,1.00503,6.49285
Assort,1.2,4,0.5,0.6,-0,-0,,73109.6,13046.6,0,60063,38214,5490,32724,76.4294,372.76,875.776,,3.19152,230792,123364,38215,68527,0.865274,6.65561,6.95913,5.54717,6.60337,1.72411,0.858846,6.66078
Assort,1.2,4,0.5,0.8,-0,-0,,81904.9,12375.8,0,69529.1,34044,7259,26784,68.0881,353.596,859.976,,3.31141,233245,123392,34045,71711,0.857075,6.63961,6.68461,5.55927,6.61288,1.56855,0.787953,7.01798
Assort,1.2,4,0.75,0.4,-0,-0,,71857.8,16533.3,0,55324.5,46398,9610,36787,61.8643,314.921,785.056,,3.27202,232340,123379,46399,61889,0.877691,6.35811,7.44958,5.47532,6.53421,1.193,0.554924,6.9493
Assort,1.2,4,0.75,0.6,-0,-0,,89227,16660,0,72567,45000,8679,36321,60.0011,317.333,805.724,,3.44874,235371,123372,45002,62577,0.871994,6.46293,7.08466,5.541,6.60551,1.0998,0.484863,7.19216
Assort,1.2,4,0.75,0.8,-0,-0,,98692.7,15741.2,0,82951.5,40097,10780,29317,53.4639,299.833,788.362,,3.63166,238487,123378,40099,66245,0.861938,6.49939,6.82294,5.56381,6.62354,1.02496,0.434717,7.45251
Single,1,2,1.25,0.4,-0,-0,,71465.8,10950.4,0,60515.4,26173,26173,0,20.9386,125.148,277.087,,2.23562,220849,123361,26173,80681,0.866187,6.26929,0,5.49528,6.54939,6.42013e-05,6.11311e-05,3.0977
Assort,1.2,4,1,0.4,-0,-0,,80904.8,18539.4,0,62365.4,50077,12178,37898,50.077,264.849,703.119,,3.57803,236370,123370,50078,58523,0.880287,6.30048,7.55637,5.46069,6.52088,0.896932,0.375013,6.96304
Assort,1.2,4,1,0.6,-0,-0,,100047,19331,0,80715.8,49033,11319,37714,49.0334,276.158,746.124,,3.85975,240941,123389,49034,58655,0.872768,6.40145,7.19705,5.51324,6.57883,0.834722,0.308362,7.32671
Assort,1.2,4,1,0.8,-0,-0,,107596,17634.9,0,89960.9,43052,13136,29915,43.0525,251.927,707.241,,4.18085,244331,123373,43053,62948,0.859204,6.4744,6.90654,5.54044,6.60326,0.813922,0.269191,7.20561
Assort,1.2,4,1.25,0.4,-0,-0,,82489.7,19319.9,0,63169.8,50426,12536,37889,40.3408,220.8,627.943,,4.07989,241634,123371,50427,57470,0.874578,6.31947,7.61777,5.43382,6.48153,0.807044,0.300545,7.29259
Assort,1.2,4,1.25,0.6,-0,-0,,101683,20089.9,0,81593.4,49148,11960,37187,39.3184,229.599,664.378,,4.49887,247247,123375,49149,57672,0.865828,6.41824,7.26197,5.48932,6.55029,0.793582,0.240887,7.33433
Assort,1.2,4,1.25,0.8,-0,-0,,107244,18112.2,0,89131.5,42591,13391,29199,34.0729,206.997,625.836,,4.91393,251207,123402,42592,62131,0.848631,6.50094,6.93716,5.52576,6.57024,0.810101,0.208532,7.16743
Pricing,1,1,0.5,0.4,-0,-0,,69688.2,14988,0,54700.1,44917,7383,37534,89.8354,428.23,889.352,,2.28109,231867,123385,44919,65044,0.891216,7.42953,7.18015,5.50137,6.52951,1.31044,0.884032,5.58423
Pricing,1,1,0.5,0.6,-0,-0,,82073.3,15100.1,0,66973.1,44851,6978,37873,89.7032,431.434,893.859,,2.28237,231934,123395,44852,65116,0.891196,7.4237,7.11071,5.51719,6.53512,1.04987,0.717705,5.56505
Pricing,1,1,0.5,0.8,-0,-0,,89867.9,14919.9,0,74948.1,43028,7756,35271,86.0565,426.283,885.583,,2.28479,232058,123384,43029,66648,0.888917,7.46064,7.039,5.51551,6.54054,0.96909,0.672618,5.63483
Pricing,1,1,0.75,0.4,-0,-0,,93467.5,20049.6,0,73417.9,54680,13680,40999,72.907,381.899,807.738,,2.29142,232336,123372,54682,57006,0.905292,7.14056,7.22755,5.4669,6.51484,0.412381,0.303686,5.51461
Single,1,2,1.25,0.6,-0,-0,,71452.8,10953.5,0,60499.4,26172,26172,0,20.9376,125.183,277.141,,2.23577,220856,123371,26172,80664,0.865972,6.26774,0,5.49659,6.54156,3.79342e-05,3.82088e-05,3.10378
Pricing,1,1,0.75,0.6,-0,-0,,106643,20151.2,0,86491.7,55083,12524,42558,73.4446,383.834,812.09,,2.29255,232380,123365,55084,56609,0.905395,7.09408,7.1623,5.49933,6.53473,0.314977,0.241999,5.50572
Pricing,1,1,0.75,0.8,-0,-0,,116985,19848.4,0,97136.2,52858,13648,39209,70.4773,378.065,802.323,,2.29594,232539,123384,52859,58440,0.902055,7.06684,7.0584,5.52389,6.54521,0.269334,0.210524,5.54829
Pricing,1,1,1,0.4,-0,-0,,108880,22684.8,0,86194.8,59496,19202,40294,59.4967,324.07,693.088,,2.29801,232579,123379,59498,53041,0.912138,6.93796,7.27164,5.42749,6.4904,0.0733089,0.0586352,4.86787
Pricing,1,1,1,0.6,-0,-0,,122119,23079.1,0,99039.8,60679,17605,43073,60.6791,329.703,704.936,,2.29901,232630,123378,60680,52001,0.913303,6.90345,7.20581,5.46605,6.51994,0.0564553,0.0458524,4.89582
Pricing,1,1,1,0.8,-0,-0,,132045,22200.5,0,109844,57875,18231,39644,57.8758,317.15,680.435,,2.30045,232700,123376,57877,54287,0.909125,6.91748,7.06366,5.51303,6.55542,0.0417349,0.0338959,4.82336
Pricing,1,1,1.25,0.4,-0,-0,,113855,23396.7,0,90458,61076,20988,40088,48.8614,267.391,576.302,,2.2999,232635,123361,61078,51761,0.914704,6.90478,7.28886,5.41933,6.47592,0.0141019,0.0116736,4.57338
Pricing,1,1,1.25,0.6,-0,-0,,126892,23842.1,0,103050,62391,19178,43212,49.913,272.482,586.749,,2.30039,232665,123379,62392,50608,0.915879,6.86914,7.22184,5.44504,6.50685,0.0117721,0.00976076,4.62079
Pricing,1,1,1.25,0.8,-0,-0,,136702,22792.2,0,113910,59405,19556,39849,47.5246,260.483,563.054,,2.30145,232726,123369,59406,53045,0.911507,6.88197,7.07405,5.50545,6.55451,0.00805288,0.006711,4.53891
Pricing,1,2,0.5,0.4,-0,-0,,70929.2,15195.4,0,55733.9,45426,7612,37814,90.8526,434.156,876.154,,2.19888,219356,123383,45427,64706,0.892616,7.37224,7.20417,5.49251,6.50806,1.26455,0.817935,5.38249
Pricing,1,2,0.5,0.6,-0,-0,,83246.6,15279.7,0,67966.9,45307,7206,38101,90.6155,436.564,880.671,,2.20193,219509,123362,45308,64751,0.892166,7.34681,7.13201,5.51198,6.52497,1.03468,0.671388,5.37391
Single,1,2,1.25,0.8,-0,-0,,71660.2,11008,0,60652.2,26241,26241,0,20.9933,125.806,278.509,,2.23631,220877,123378,26241,80611,0.866055,6.26952,0,5.49616,6.54546,5.05759e-05,3.96317e-05,3.13186
Pricing,1,2,0.5,0.8,-0,-0,,91156.9,15094.4,0,76062.5,43467,7973,35493,86.9346,431.27,872.602,,2.20594,219752,123357,43468,66259,0.889519,7.38631,7.05332,5.51552,6.52745,0.95876,0.630304,5.43842
Pricing,1,2,0.75,0.4,-0,-0,,93908.9,20115.2,0,73793.7,54712,13841,40871,72.9504,383.149,796.816,,2.22327,220454,123372,54714,57015,0.905626,7.08399,7.25577,5.46265,6.49424,0.464945,0.319528,5.41422
Pricing,1,2,0.75,0.6,-0,-0,,106842,20201.4,0,86640.7,55052,12682,42370,73.4039,384.79,800.862,,2.22668,220573,123380,55053,56687,0.905663,7.04351,7.18451,5.49529,6.52425,0.379808,0.270049,5.41733
Pricing,1,2,0.75,0.8,-0,-0,,116989,19854.9,0,97133.8,52817,13741,39075,70.4232,378.19,791.358,,2.23439,220905,123375,52818,58471,0.902046,7.02198,7.07781,5.52047,6.53242,0.340727,0.246904,5.45965
Pricing,1,2,1,0.4,-0,-0,,108187,22551.7,0,85635.1,59156,19069,40086,59.156,322.168,681.886,,2.24068,221007,123363,59156,53345,0.911953,6.91038,7.29781,5.42201,6.46478,0.126754,0.0978551,4.83841
Pricing,1,2,1,0.6,-0,-0,,121187,22901.4,0,98285.8,60264,17520,42743,60.2643,327.164,692.439,,2.24463,221142,123371,60265,52369,0.912972,6.8774,7.21949,5.45737,6.50103,0.100614,0.0776194,4.85743
Pricing,1,2,1,0.8,-0,-0,,130770,22003.3,0,108767,57415,18048,39366,57.415,314.333,668.672,,2.24894,221308,123370,57415,54684,0.908645,6.89171,7.08007,5.50505,6.53704,0.0778267,0.0605004,4.79888
Pricing,1,2,1.25,0.4,-0,-0,,113137,23284,0,89853.1,60782,20811,39970,48.6256,266.103,570.047,,2.25081,221226,123395,60783,52015,0.914129,6.88452,7.31398,5.41096,6.46132,0.0279937,0.0223961,4.57512
Pricing,1,2,1.25,0.6,-0,-0,,126198,23705.2,0,102493,62098,19060,43038,49.6787,270.917,580.544,,2.25273,221319,123377,62099,50886,0.915772,6.85252,7.24083,5.44112,6.49829,0.0233229,0.0186848,4.60016
Pricing,1,2,1.25,0.8,-0,-0,,135628,22671.7,0,112957,59007,19404,39603,47.2064,259.105,557.548,,2.25656,221481,123382,59009,53351,0.910676,6.86945,7.09888,5.50244,6.5309,0.0178126,0.0141855,4.55265
Single,1,4,0.5,0.4,-0,-0,,62250.5,10862.8,0,51387.7,22873,22873,0,45.746,310.367,673.933,,2.56394,201758,123361,22873,82792,0.856552,6.26245,0,5.472,6.51655,1.6985,1.06356,5.30118
Pricing,1,4,0.5,0.4,-0,-0,,72807.5,15519.6,0,57287.9,45755,8266,37489,91.5103,443.418,845.255,,2.26557,194762,123370,45756,64204,0.891303,7.21345,7.26227,5.48334,6.48736,1.27826,0.685806,5.03701
Pricing,1,4,0.5,0.6,-0,-0,,85287.7,15641.6,0,69646.1,45928,7795,38132,91.8568,446.905,849.368,,2.23157,194600,123367,45929,64085,0.891765,7.1939,7.1761,5.50501,6.5013,1.07797,0.570047,5.01726
Pricing,1,4,0.5,0.8,-0,-0,,93025.4,15344.9,0,77680.5,43917,8448,35469,87.8346,438.426,842.02,,2.25925,195454,123374,43918,65756,0.888961,7.19799,7.09327,5.51201,6.5132,1.03559,0.544842,5.11737
Pricing,1,4,0.75,0.4,-0,-0,,93867.6,20052,0,73815.5,53825,14426,39399,71.7675,381.944,770.154,,2.30229,197404,123385,53826,57557,0.902736,6.97977,7.32196,5.4447,6.47134,0.676992,0.365243,5.23608
Pricing,1,4,0.75,0.6,-0,-0,,105887,20125.5,0,85761.9,54144,13166,40977,72.1927,383.343,774.704,,2.31539,197805,123380,54145,57265,0.902989,6.93024,7.23883,5.47744,6.50893,0.601575,0.32481,5.27724
Pricing,1,4,0.75,0.8,-0,-0,,114971,19624.5,0,95346.6,51726,13930,37796,68.9691,373.801,764.756,,2.34911,198745,123378,51727,59146,0.898648,6.94105,7.13466,5.50224,6.52022,0.601854,0.322653,5.32287
Pricing,1,4,1,0.4,-0,-0,,103058,21733.6,0,81324.5,56529,18002,38526,56.5293,310.481,661.253,,2.46469,200440,123379,56530,55169,0.905326,6.89783,7.37179,5.40805,6.45658,0.468836,0.255408,5.08279
Pricing,1,4,1,0.6,-0,-0,,114882,21975.7,0,92906.8,57277,16486,40791,57.2776,313.939,670.73,,2.49711,201045,123390,57279,54428,0.90532,6.87135,7.29107,5.43883,6.47389,0.433801,0.230175,5.12851
Pricing,1,4,1,0.8,-0,-0,,123049,21125.4,0,101924,54315,16857,37457,54.3152,301.792,654.972,,2.56311,202247,123372,54316,56729,0.900084,6.89409,7.16465,5.48371,6.5147,0.441646,0.227621,5.17065
Pricing,1,4,1.25,0.4,-0,-0,,104724,22415.2,0,82309.2,56635,18944,37690,45.3084,256.174,582.088,,2.80859,205156,123361,56636,54613,0.901817,6.93767,7.41684,5.39364,6.42959,0.423394,0.207134,5.33785
