Full,1,1,0.5,0.4,-0,-0,,4620.15,1245.51,0,3374.64,3751,278,3473,75.02,355.86,984.84,,2.38616,11736,3754,0,0.31987,4.25,1.81806,7.20123
Full,1,1,0.5,0.4,-0,-0.25,,4480.11,1205.05,-258.07,3533.14,3770,254,3516,75.4,344.3,978.26,,2.38616,11712,3771,0,0.321977,4.24257,1.7913,7.25565
Full,1,1,0.5,0.4,-0.025,-0,,4641.06,1233.54,-172.288,3579.81,3764,297,3467,75.28,352.44,982.58,,2.38616,11736,3765,0,0.320808,4.24029,1.78167,7.16015
Full,1,1,0.5,0.4,-0.025,-0.25,,4535.14,1233.12,-424.361,3726.39,3769,253,3516,75.38,352.32,983.68,,2.38616,11704,3770,0,0.322112,4.23676,1.79708,7.16366
Full,1,1,0.5,0.6,-0,-0,,6374.27,1224.93,0,5149.34,3697,323,3374,73.94,349.98,978.58,,2.38616,11708,3698,0,0.315852,4.15613,1.76771,7.24303
Full,1,1,0.5,0.6,-0,-0.25,,6395,1230.67,-258.44,5422.77,3694,358,3336,73.88,351.62,984.72,,2.38616,11737,3694,0,0.314731,4.14765,1.80428,7.21015
Full,1,1,0.5,0.6,-0.025,-0,,6400.92,1232.42,-178.379,5346.88,3645,369,3276,72.9,352.12,985.7,,2.38616,11709,3645,0,0.311299,4.20121,1.81948,7.33017
Full,1,1,0.5,0.6,-0.025,-0.25,,6312.45,1210.02,-433.683,5536.11,3666,359,3307,73.32,345.72,973,,2.38616,11741,3667,0,0.312324,4.14999,1.82874,7.26609
Full,1,1,0.5,0.8,-0,-0,,7958.96,1232.63,0,6726.33,3591,481,3110,71.82,352.18,983.48,,2.38616,11727,3592,0,0.306302,4.10096,1.85161,7.433
Full,1,1,0.5,0.8,-0,-0.25,,7887.62,1236.55,-254.59,6905.66,3568,480,3088,71.36,353.3,976.26,,2.38616,11717,3569,0,0.3046,4.10498,1.84477,7.43177
Full,1,1,0.5,0.8,-0.025,-0,,7802.9,1214.57,-165.579,6753.91,3555,479,3076,71.1,347.02,974.58,,2.38616,11733,3556,0,0.303077,4.10603,1.81749,7.44819
Full,1,1,0.5,0.8,-0.025,-0.25,,7892.46,1225.7,-403.768,7070.53,3590,459,3131,71.8,350.2,982.46,,2.38616,11727,3592,0,0.306302,4.08272,1.80624,7.46125
Full,1,1,1,0.4,-0,-0,,8435.62,2278.14,0,6157.47,6426,674,5752,64.26,325.45,899.42,,2.38616,11707,6426,0,0.548902,2.71453,1.36664,7.08296
Full,1,1,1,0.4,-0,-0.25,,8401.34,2278.63,-477.38,6600.09,6469,602,5867,64.69,325.52,898.75,,2.38616,11724,6469,0,0.551774,2.69336,1.35384,7.05853
Full,1,1,1,0.4,-0.025,-0,,8421.79,2276.32,-346.644,6492.11,6504,615,5889,65.04,325.19,901.31,,2.38616,11710,6505,0,0.555508,2.69641,1.34804,7.09216
Full,1,1,1,0.4,-0.025,-0.25,,8357.5,2272.54,-774.195,6859.15,6425,648,5777,64.25,324.65,898.16,,2.38616,11736,6426,0,0.547546,2.74548,1.38251,7.11887
Full,1,1,1,0.6,-0,-0,,11496.6,2260.15,0,9236.46,6254,840,5414,62.54,322.88,898.52,,2.38616,11716,6254,0,0.5338,2.65893,1.41238,7.27802
Full,1,1,1,0.6,-0,-0.25,,11621.7,2282.97,-423.25,9762.03,6305,839,5466,63.05,326.14,900.11,,2.38616,11737,6306,0,0.537275,2.65911,1.39359,7.16507
Full,1,1,1,0.6,-0.025,-0,,11579.5,2276.25,-320.438,9623.67,6276,859,5417,62.76,325.18,891.02,,2.38616,11731,6276,0,0.534993,2.64035,1.38687,7.13661
Full,1,1,1,0.6,-0.025,-0.25,,11513.6,2255.53,-766.998,10025.1,6287,857,5430,62.87,322.22,892.85,,2.38616,11718,6287,0,0.536525,2.62425,1.3757,7.16278
Full,1,1,1,0.8,-0,-0,,13908.9,2249.51,0,11659.4,6004,1095,4909,60.04,321.36,886.68,,2.38616,11722,6004,0,0.512199,2.55511,1.43438,7.39927
Full,1,1,1,0.8,-0,-0.25,,14019.6,2271.98,-375.81,12123.4,6036,1150,4886,60.36,324.57,891.37,,2.38616,11725,6036,0,0.514797,2.63846,1.46438,7.38282
Full,1,1,1,0.8,-0.025,-0,,13962.2,2275.41,-291.24,11978,5981,1119,4862,59.81,325.06,891.17,,2.38616,11701,5982,0,0.511238,2.61183,1.5015,7.36564
Full,1,1,1,0.8,-0.025,-0.25,,13961.3,2254.62,-730.856,12437.5,6001,1115,4886,60.01,322.09,886.82,,2.38616,11706,6001,0,0.512643,2.53639,1.42793,7.38077
Full,1,1,1.5,0.4,-0,-0,,11780.8,3188.28,0,8592.51,8471,1130,7341,56.4733,303.647,828.793,,2.38616,11727,8472,0,0.722435,1.50712,0.998111,6.87998
Full,1,1,1.5,0.4,-0,-0.25,,11693.1,3179.88,-617.92,9131.16,8347,1149,7198,55.6467,302.847,823.387,,2.38616,11703,8348,0,0.713321,1.45646,0.956037,6.9611
Full,1,1,1.5,0.4,-0.025,-0,,11711.6,3180.23,-447.932,8979.27,8394,1145,7249,55.96,302.88,825.947,,2.38616,11722,8394,0,0.716089,1.46937,0.965571,6.91312
Full,1,1,1.5,0.4,-0.025,-0.25,,11673.2,3180.93,-1078.73,9571.04,8393,1126,7267,55.9533,302.947,820.96,,2.38616,11703,8393,0,0.717167,1.49671,0.9888,6.90443
Full,1,1,1.5,0.6,-0,-0,,15771.3,3195.84,0,12575.5,8139,1544,6595,54.26,304.367,822.887,,2.38616,11716,8140,0,0.694776,1.33843,0.967568,7.01963
Full,1,1,1.5,0.6,-0,-0.25,,15758.2,3207.74,-599.67,13150.2,8092,1539,6553,53.9467,305.5,819.7,,2.38616,11719,8092,0,0.690503,1.3892,0.989125,7.03706
Full,1,1,1.5,0.6,-0.025,-0,,15675.2,3167.84,-418.011,12925.4,8098,1441,6657,53.9867,301.7,821.427,,2.38616,11747,8099,0,0.689453,1.37422,0.954562,7.04414
Full,1,1,1.5,0.6,-0.025,-0.25,,15605.5,3187.72,-942.209,13360,8041,1549,6492,53.6067,303.593,818.753,,2.38616,11716,8041,0,0.686326,1.37214,0.927621,7.04539
Full,1,1,1.5,0.8,-0,-0,,18785.2,3183.52,0,15601.7,7768,1853,5915,51.7867,303.193,814.373,,2.38616,11722,7768,0,0.662686,1.2532,0.901519,7.20188
Full,1,1,1.5,0.8,-0,-0.25,,18512.8,3123.25,-542.3,15931.9,7681,1831,5850,51.2067,297.453,807.52,,2.38616,11711,7682,0,0.655964,1.22697,0.898724,7.17769
Full,1,1,1.5,0.8,-0.025,-0,,18606.7,3149.36,-372.706,15830,7730,1923,5807,51.5333,299.94,810.473,,2.38616,11712,7730,0,0.660007,1.20159,0.880336,7.21405
Full,1,1,1.5,0.8,-0.025,-0.25,,18569.2,3120.03,-937.309,16386.4,7729,1852,5877,51.5267,297.147,807.467,,2.38616,11730,7729,0,0.658909,1.19216,0.861819,7.1678
Full,1,1,2,0.4,-0,-0,,14170.7,3907.6,0,10263.1,9509,1881,7628,47.545,279.115,746.025,,2.38616,11724,9509,0,0.811071,0.499829,0.356294,6.5855
Full,1,1,2,0.4,-0,-0.25,,14276.2,3954.15,-685.65,11007.7,9510,1941,7569,47.55,282.44,750.94,,2.38616,11711,9510,0,0.812057,0.474682,0.337539,6.63576
Full,1,1,2,0.4,-0.025,-0,,14308.6,3954.85,-496.027,10849.8,9490,1904,7586,47.45,282.49,751.08,,2.38616,11721,9491,0,0.809743,0.54364,0.377726,6.62338
Full,1,1,2,0.4,-0.025,-0.25,,14073.1,3893.04,-1221.14,11401.2,9449,1865,7584,47.245,278.075,744.1,,2.38616,11699,9449,0,0.807676,0.493461,0.358451,6.59225
Full,1,1,2,0.6,-0,-0,,18523.8,3896.75,0,14627.1,9214,2409,6805,46.07,278.34,736.16,,2.38616,11724,9214,0,0.785909,0.373507,0.281311,6.57805
Full,1,1,2,0.6,-0,-0.25,,18501.1,3883.87,-689.13,15306.4,9200,2349,6851,46,277.42,736.36,,2.38616,11713,9200,0,0.785452,0.412362,0.316522,6.58966
Full,1,1,2,0.6,-0.025,-0,,18450.1,3870.36,-428.991,15008.7,9130,2425,6705,45.65,276.455,728.12,,2.38616,11726,9131,0,0.778697,0.45753,0.321652,6.47988
Full,1,1,2,0.6,-0.025,-0.25,,18580.1,3909.7,-1112.48,15782.8,9194,2387,6807,45.97,279.265,738.915,,2.38616,11737,9194,0,0.783335,0.414842,0.299543,6.56919
Full,1,1,2,0.8,-0,-0,,21766.5,3800.64,0,17965.9,8856,2880,5976,44.28,271.475,718.33,,2.38616,11713,8856,0,0.756083,0.329036,0.252484,6.44117
Full,1,1,2,0.8,-0,-0.25,,21730.4,3816.11,-590.5,18504.7,8851,2895,5956,44.255,272.58,714.275,,2.38616,11703,8851,0,0.756302,0.374263,0.297029,6.44375
Full,1,1,2,0.8,-0.025,-0,,21561.2,3795.18,-368.324,18134.4,8753,3029,5724,43.765,271.085,711.65,,2.38616,11741,8753,0,0.745507,0.401329,0.312579,6.49052
Full,1,1,2,0.8,-0.025,-0.25,,21528,3838.79,-951.684,18640.9,8778,2934,5844,43.89,274.2,717.135,,2.38616,11705,8779,0,0.750021,0.432636,0.328853,6.59345
Single,1,1,0.5,0.4,-0,-0,,6350.45,1329.09,0,5021.36,2368,2368,0,47.36,379.74,961.76,,2.38616,11706,2369,0,0.202375,5.40261,4.14268,9.545
Single,1,1,0.5,0.4,-0,-0.25,,6392.01,1320.48,0,5071.53,2399,2399,0,47.98,377.28,955.72,,2.38616,11728,2399,0,0.204553,5.37935,4.13464,9.30753
Single,1,1,0.5,0.4,-0.025,-0,,6336.7,1318.45,0,5018.25,2403,2403,0,48.06,376.7,963.36,,2.38616,11732,2403,0,0.204824,5.37214,4.09488,9.48068
Single,1,1,0.5,0.4,-0.025,-0.25,,6433.81,1336.58,0,5097.23,2432,2432,0,48.64,381.88,967.94,,2.38616,11727,2433,0,0.20747,5.37461,4.13481,9.40409
Single,1,1,0.5,0.6,-0,-0,,6405.57,1330.7,0,5074.87,2422,2422,0,48.44,380.2,968.88,,2.38616,11713,2422,0,0.206779,5.37121,4.11561,9.54544
Single,1,1,0.5,0.6,-0,-0.25,,6380.09,1330.21,0,5049.89,2405,2405,0,48.1,380.06,964.5,,2.38616,11705,2405,0,0.205468,5.39402,4.16882,9.53085
Single,1,1,0.5,0.6,-0.025,-0,,6265.75,1308.58,0,4957.18,2377,2377,0,47.54,373.88,959.3,,2.38616,11740,2377,0,0.20247,5.38867,4.17291,9.60164
Single,1,1,0.5,0.6,-0.025,-0.25,,6338.82,1332.24,0,5006.58,2380,2380,0,47.6,380.64,957.72,,2.38616,11718,2380,0,0.203106,5.37933,4.13025,9.5489
Single,1,1,0.5,0.8,-0,-0,,6343.53,1322.3,0,5021.23,2408,2408,0,48.16,377.8,957.34,,2.38616,11739,2408,0,0.205128,5.3749,4.14701,9.47356
Single,1,1,0.5,0.8,-0,-0.25,,6201.19,1286.95,0,4914.24,2358,2358,0,47.16,367.7,953.44,,2.38616,11714,2359,0,0.201383,5.40422,4.21535,9.6709
Single,1,1,0.5,0.8,-0.025,-0,,6261.25,1290.31,0,4970.94,2383,2383,0,47.66,368.66,958.7,,2.38616,11722,2383,0,0.203293,5.37485,4.1196,9.66406
Single,1,1,0.5,0.8,-0.025,-0.25,,6349.68,1329.58,0,5020.1,2386,2386,0,47.72,379.88,961.42,,2.38616,11726,2387,0,0.203565,5.37242,4.12317,9.4934
Single,1,1,1,0.4,-0,-0,,11757.6,2361.93,0,9395.66,4408,4408,0,44.08,337.42,861.49,,2.38616,11733,4408,0,0.375692,4.57624,3.64995,8.77689
Single,1,1,1,0.4,-0,-0.25,,11695.2,2356.82,0,9338.41,4384,4384,0,43.84,336.69,860.23,,2.38616,11713,4384,0,0.374285,4.48527,3.5438,8.86854
Single,1,1,1,0.4,-0.025,-0,,11645,2341.28,0,9303.71,4388,4388,0,43.88,334.47,858.85,,2.38616,11715,4389,0,0.374648,4.56466,3.66621,8.82221
Single,1,1,1,0.4,-0.025,-0.25,,11821.8,2385.94,0,9435.86,4423,4423,0,44.23,340.85,867.54,,2.38616,11722,4423,0,0.377325,4.56842,3.61813,8.85366
Single,1,1,1,0.6,-0,-0,,11662.4,2365.36,0,9296.99,4378,4378,0,43.78,337.91,863.93,,2.38616,11719,4378,0,0.373581,4.52061,3.56601,8.94994
Single,1,1,1,0.6,-0,-0.25,,11704.1,2339.11,0,9365.02,4363,4363,0,43.63,334.16,855.6,,2.38616,11715,4363,0,0.372429,4.54213,3.61884,8.69153
Single,1,1,1,0.6,-0.025,-0,,11557.6,2314.4,0,9243.2,4353,4353,0,43.53,330.63,853.73,,2.38616,11729,4353,0,0.371131,4.46884,3.49575,8.78888
Single,1,1,1,0.6,-0.025,-0.25,,11685,2354.3,0,9330.7,4385,4385,0,43.85,336.33,859.08,,2.38616,11719,4386,0,0.374264,4.48767,3.52029,8.8453
Single,1,1,1,0.8,-0,-0,,11651.9,2357.59,0,9294.28,4348,4348,0,43.48,336.8,858.8,,2.38616,11732,4348,0,0.37061,4.52054,3.5667,8.84929
Single,1,1,1,0.8,-0,-0.25,,11678.6,2350.1,0,9328.48,4375,4375,0,43.75,335.73,858.28,,2.38616,11728,4375,0,0.373039,4.44688,3.49829,8.75471
Single,1,1,1,0.8,-0.025,-0,,11700.4,2332.32,0,9368.06,4407,4407,0,44.07,333.19,853.2,,2.38616,11715,4407,0,0.376184,4.47256,3.47856,8.7091
Single,1,1,1,0.8,-0.025,-0.25,,11649.9,2341.35,0,9308.59,4366,4366,0,43.66,334.48,858.53,,2.38616,11721,4366,0,0.372494,4.56958,3.64407,8.8599
Single,1,1,1.5,0.4,-0,-0,,16147.5,3159.79,0,12987.8,6011,6011,0,40.0733,300.933,775.32,,2.38616,11708,6011,0,0.51341,3.48787,2.98686,8.27703
Single,1,1,1.5,0.4,-0,-0.25,,16301.6,3181.21,0,13120.4,6076,6076,0,40.5067,302.973,781.52,,2.38616,11717,6077,0,0.518648,3.29871,2.78871,8.23872
Single,1,1,1.5,0.4,-0.025,-0,,16223.4,3171.48,0,13051.9,6036,6036,0,40.24,302.047,773.527,,2.38616,11736,6037,0,0.5144,3.36009,2.85771,8.24399
Single,1,1,1.5,0.4,-0.025,-0.25,,16130.4,3192.27,0,12938.2,6001,6001,0,40.0067,304.027,775.987,,2.38616,11718,6001,0,0.512118,3.55231,3.04233,8.35912
Single,1,1,1.5,0.6,-0,-0,,16163.1,3159.37,0,13003.7,6024,6024,0,40.16,300.893,771.613,,2.38616,11716,6024,0,0.514169,3.37154,2.8828,8.17188
Single,1,1,1.5,0.6,-0,-0.25,,16185.7,3158.88,0,13026.9,6028,6028,0,40.1867,300.847,773.1,,2.38616,11708,6028,0,0.514862,3.37419,2.89018,8.23044
Single,1,1,1.5,0.6,-0.025,-0,,16258.7,3173.09,0,13085.6,6070,6070,0,40.4667,302.2,779.073,,2.38616,11739,6070,0,0.51708,3.43198,2.90939,8.32617
Single,1,1,1.5,0.6,-0.025,-0.25,,16183.1,3147.33,0,13035.8,6047,6047,0,40.3133,299.747,771.693,,2.38616,11723,6047,0,0.515824,3.34377,2.87531,8.21488
Single,1,1,1.5,0.8,-0,-0,,16169.1,3134.17,0,13034.9,6045,6045,0,40.3,298.493,775.567,,2.38616,11722,6045,0,0.515697,3.26625,2.74723,8.18281
Single,1,1,1.5,0.8,-0,-0.25,,16188.2,3179.32,0,13008.9,6011,6011,0,40.0733,302.793,773.613,,2.38616,11724,6011,0,0.512709,3.37061,2.87556,8.24213
Single,1,1,1.5,0.8,-0.025,-0,,16122.9,3135.57,0,12987.3,6036,6036,0,40.24,298.627,770.92,,2.38616,11733,6036,0,0.514446,3.24069,2.74801,8.23684
Single,1,1,1.5,0.8,-0.025,-0.25,,16142.4,3130.39,0,13012,6037,6037,0,40.2467,298.133,774.153,,2.38616,11720,6037,0,0.515102,3.3244,2.85092,8.21632
Single,1,1,2,0.4,-0,-0,,18828.8,3287.12,0,15541.7,6989,6989,0,34.945,234.795,600.705,,2.38616,11716,6989,0,0.596535,0.796603,0.661754,5.89214
Single,1,1,2,0.4,-0,-0.25,,18731.8,3311.76,0,15420,6901,6901,0,34.505,236.555,602.475,,2.38616,11689,6901,0,0.590384,0.852853,0.716563,6.04647
Single,1,1,2,0.4,-0.025,-0,,19069.4,3339.34,0,15730,7048,7048,0,35.24,238.525,603.67,,2.38616,11730,7048,0,0.600852,0.668627,0.570942,5.81505
Single,1,1,2,0.4,-0.025,-0.25,,18526.1,3228.74,0,15297.4,6867,6867,0,34.335,230.625,587.015,,2.38616,11731,6867,0,0.585372,0.731395,0.591816,5.79696
Single,1,1,2,0.6,-0,-0,,18735.7,3273.75,0,15462,6953,6953,0,34.765,233.84,595.14,,2.38616,11719,6953,0,0.59331,0.680348,0.556594,5.88795
Single,1,1,2,0.6,-0,-0.25,,18644.5,3233.15,0,15411.3,6891,6891,0,34.455,230.94,582.975,,2.38616,11717,6891,0,0.58812,0.551592,0.443332,5.60532
Single,1,1,2,0.6,-0.025,-0,,18617.9,3240.64,0,15377.3,6943,6943,0,34.715,231.475,590.02,,2.38616,11730,6943,0,0.591901,0.761211,0.648135,5.85614
Single,1,1,2,0.6,-0.025,-0.25,,18864.7,3296.36,0,15568.3,6967,6967,0,34.835,235.455,599.25,,2.38616,11712,6967,0,0.59486,0.821636,0.683221,5.80314
Single,1,1,2,0.8,-0,-0,,18720.5,3289.01,0,15431.5,6871,6871,0,34.355,234.93,593.63,,2.38616,11725,6871,0,0.586013,0.677783,0.557706,5.76861
Single,1,1,2,0.8,-0,-0.25,,18886.5,3336.4,0,15550.1,6993,6993,0,34.965,238.315,605.195,,2.38616,11731,6994,0,0.596198,0.859944,0.696025,6.03916
Single,1,1,2,0.8,-0.025,-0,,18843,3344.17,0,15498.8,6948,6948,0,34.74,238.87,604.51,,2.38616,11714,6948,0,0.593136,0.680639,0.56635,6.00774
Single,1,1,2,0.8,-0.025,-0.25,,18800.4,3248.83,0,15551.5,6985,6985,0,34.925,232.06,591.665,,2.38616,11708,6985,0,0.596601,0.740434,0.61675,5.71987
Pool,1,1,0.5,0.4,-0,-0,,4225.31,1201.41,0,3023.9,3857,0,3857,77.14,343.26,977.92,,2.38616,11729,3858,0,0.328928,4.07298,1.57517,7.07659
Pool,1,1,0.5,0.4,-0,-0.25,,4247.64,1193.01,-280.82,3335.46,3880,0,3880,77.6,340.86,978.04,,2.38616,11732,3880,0,0.330719,4.08362,1.57448,7.03053
Pool,1,1,0.5,0.4,-0.025,-0,,4270.44,1207.5,-194.807,3257.75,3909,0,3909,78.18,345,973.62,,2.38616,11735,3909,0,0.333106,4.11376,1.66002,6.98457
Pool,1,1,0.5,0.4,-0.025,-0.25,,4189.72,1172.15,-491.352,3508.92,3879,0,3879,77.58,334.9,967.72,,2.38616,11718,3880,0,0.331115,4.07783,1.61289,6.95117
Pool,1,1,0.5,0.6,-0,-0,,6202.32,1174.88,0,5027.45,3792,0,3792,75.84,335.68,969.78,,2.38616,11708,3793,0,0.323967,4.00897,1.62114,7.12316
Pool,1,1,0.5,0.6,-0,-0.25,,6126.28,1176.14,-287.36,5237.5,3807,0,3807,76.14,336.04,967.36,,2.38616,11744,3808,0,0.324251,3.96798,1.56539,7.1032
Pool,1,1,0.5,0.6,-0.025,-0,,6226.12,1189.09,-200.103,5237.13,3820,0,3820,76.4,339.74,970.18,,2.38616,11733,3821,0,0.325663,3.94111,1.50877,7.07585
Pool,1,1,0.5,0.6,-0.025,-0.25,,6162.06,1188.32,-482.146,5455.89,3787,0,3787,75.74,339.52,971.1,,2.38616,11714,3787,0,0.323288,3.96491,1.49934,7.11958
Pool,1,1,0.5,0.8,-0,-0,,7856.88,1151.92,0,6704.97,3692,0,3692,73.84,329.12,959.56,,2.38616,11695,3692,0,0.31569,3.77101,1.4526,7.26994
Pool,1,1,0.5,0.8,-0,-0.25,,7966.62,1159.41,-275.92,7083.13,3730,0,3730,74.6,331.26,960.82,,2.38616,11716,3731,0,0.318453,3.80121,1.49209,7.15805
Pool,1,1,0.5,0.8,-0.025,-0,,7853.77,1172.29,-192.475,6873.96,3689,0,3689,73.78,334.94,962.84,,2.38616,11700,3690,0,0.315385,3.76735,1.47615,7.23819
Pool,1,1,0.5,0.8,-0.025,-0.25,,7986.45,1164.03,-477.897,7300.32,3737,0,3737,74.74,332.58,959.86,,2.38616,11695,3737,0,0.319538,3.79752,1.51833,7.18017
Pool,1,1,1,0.4,-0,-0,,7516.5,2220.88,0,5295.62,6569,0,6569,65.69,317.27,887,,2.38616,11709,6570,0,0.561107,2.46443,1.1449,6.90612
Pool,1,1,1,0.4,-0,-0.25,,7596.53,2204.57,-476.92,5868.87,6600,0,6600,66,314.94,883.64,,2.38616,11714,6601,0,0.563514,2.4726,1.17331,6.82394
Pool,1,1,1,0.4,-0.025,-0,,7546.4,2196.87,-387.307,5736.83,6648,0,6648,66.48,313.84,884.25,,2.38616,11734,6648,0,0.566559,2.38239,1.10785,6.79183
Pool,1,1,1,0.4,-0.025,-0.25,,7517.2,2176.71,-888.972,6229.46,6620,0,6620,66.2,310.96,883.7,,2.38616,11727,6621,0,0.564595,2.49365,1.17943,6.85569
Pool,1,1,1,0.6,-0,-0,,10907.3,2176.29,0,8731.02,6401,0,6401,64.01,310.9,876.34,,2.38616,11721,6402,0,0.546199,2.29588,1.1248,6.94912
Pool,1,1,1,0.6,-0,-0.25,,10873.9,2152.7,-512.64,9233.8,6439,0,6439,64.39,307.53,873.34,,2.38616,11724,6440,0,0.549301,2.26262,1.09441,6.92321
Pool,1,1,1,0.6,-0.025,-0,,10869.1,2157.32,-374.813,9086.64,6433,0,6433,64.33,308.19,872.78,,2.38616,11721,6434,0,0.548929,2.2295,1.0732,6.96329
Pool,1,1,1,0.6,-0.025,-0.25,,10915.4,2184.06,-893.187,9624.48,6436,0,6436,64.36,312.01,876.4,,2.38616,11731,6436,0,0.548632,2.19674,1.06137,6.89006
Pool,1,1,1,0.8,-0,-0,,13829.7,2115.4,0,11714.3,6232,0,6232,62.32,302.2,856.92,,2.38616,11738,6232,0,0.530925,2.02573,1.03081,6.94997
Pool,1,1,1,0.8,-0,-0.25,,13698.5,2116.87,-495.93,12077.5,6155,0,6155,61.55,302.41,854.48,,2.38616,11726,6155,0,0.524902,2.00358,1.04273,7.03758
Pool,1,1,1,0.8,-0.025,-0,,13949.9,2132.2,-364.506,12182.2,6273,0,6273,62.73,304.6,863.57,,2.38616,11722,6274,0,0.535233,1.94566,1.00096,6.9575
Pool,1,1,1,0.8,-0.025,-0.25,,14035.8,2121.69,-890.148,12804.3,6290,0,6290,62.9,303.1,860.77,,2.38616,11689,6291,0,0.538198,1.93438,0.991416,6.93106
Pool,1,1,1.5,0.4,-0,-0,,9925.37,3084.61,0,6840.76,8455,0,8455,56.3667,293.773,810.207,,2.38616,11718,8455,0,0.721539,1.04745,0.658072,6.66045
Pool,1,1,1.5,0.4,-0,-0.25,,9992.03,3088.18,-712.86,7616.71,8473,0,8473,56.4867,294.113,807.547,,2.38616,11714,8473,0,0.723323,1.08212,0.684527,6.60344
Pool,1,1,1.5,0.4,-0.025,-0,,10032.9,3069.28,-538.742,7502.31,8555,0,8555,57.0333,292.313,809.733,,2.38616,11715,8555,0,0.73026,1.09373,0.668615,6.64301
Pool,1,1,1.5,0.4,-0.025,-0.25,,9919.84,3050.24,-1273.76,8143.36,8473,0,8473,56.4867,290.5,807.147,,2.38616,11701,8473,0,0.724126,1.0353,0.638027,6.67896
Pool,1,1,1.5,0.6,-0,-0,,14023.8,2980.1,0,11043.7,8120,0,8120,54.1333,283.82,789.587,,2.38616,11721,8121,0,0.692859,0.824674,0.494397,6.70422
Pool,1,1,1.5,0.6,-0,-0.25,,14168.8,2998.16,-743.84,11914.5,8190,0,8190,54.6,285.54,794.34,,2.38616,11734,8190,0,0.697972,0.794188,0.480342,6.71058
Pool,1,1,1.5,0.6,-0.025,-0,,13950.5,2958.61,-514.048,11506,8083,0,8083,53.8867,281.773,786.887,,2.38616,11737,8083,0,0.688677,0.826702,0.489917,6.7796
Pool,1,1,1.5,0.6,-0.025,-0.25,,14153.9,3004.67,-1205.38,12354.6,8134,0,8134,54.2267,286.16,792.307,,2.38616,11705,8134,0,0.694917,0.84135,0.521761,6.76746
Pool,1,1,1.5,0.8,-0,-0,,17629.3,2916.26,0,14713.1,7760,0,7760,51.7333,277.74,769.827,,2.38616,11741,7760,0,0.660932,0.537007,0.347809,6.71376
Pool,1,1,1.5,0.8,-0,-0.25,,17503.5,2904.64,-697.13,15296,7743,0,7743,51.62,276.633,768.92,,2.38616,11721,7743,0,0.660609,0.537241,0.319902,6.79619
Pool,1,1,1.5,0.8,-0.025,-0,,17544.5,2910.73,-497.84,15131.6,7704,0,7704,51.36,277.213,766.513,,2.38616,11718,7704,0,0.65745,0.539853,0.327882,6.76494
Pool,1,1,1.5,0.8,-0.025,-0.25,,17504.7,2885.18,-1164.88,15784.4,7721,0,7721,51.4733,274.78,764.587,,2.38616,11728,7722,0,0.658424,0.537176,0.328153,6.76981
Pool,1,1,2,0.4,-0,-0,,10982.1,3649.58,0,7332.47,9348,0,9348,46.74,260.685,698.02,,2.38616,11730,9349,0,0.797016,0.281841,0.204835,6.03884
Pool,1,1,2,0.4,-0,-0.25,,10993.5,3632.15,-857.5,8218.88,9389,0,9389,46.945,259.44,704.33,,2.38616,11717,9389,0,0.801314,0.266194,0.191714,6.18622
Pool,1,1,2,0.4,-0.025,-0,,11019,3633.97,-607.92,7992.93,9368,0,9368,46.84,259.57,702.085,,2.38616,11711,9368,0,0.799932,0.292204,0.202925,6.14752
Pool,1,1,2,0.4,-0.025,-0.25,,11077.3,3637.05,-1521.6,8961.88,9472,0,9472,47.36,259.79,706.69,,2.38616,11702,9472,0,0.809434,0.275936,0.197424,6.08375
Pool,1,1,2,0.6,-0,-0,,15421.5,3423.69,0,11997.8,8938,0,8938,44.69,244.55,661.725,,2.38616,11708,8938,0,0.76341,0.138879,0.101477,5.89189
Pool,1,1,2,0.6,-0,-0.25,,15418.4,3413.26,-865,12870.1,8877,0,8877,44.385,243.805,660.845,,2.38616,11720,8877,0,0.757423,0.137713,0.0994705,5.89943
Pool,1,1,2,0.6,-0.025,-0,,15308.4,3355.37,-576.658,12529.7,8867,0,8867,44.335,239.67,648.04,,2.38616,11730,8867,0,0.755925,0.145865,0.112552,5.79032
Pool,1,1,2,0.6,-0.025,-0.25,,15493.8,3400.31,-1414.88,13508.4,8948,0,8948,44.74,242.88,664.805,,2.38616,11717,8949,0,0.763762,0.164121,0.126048,5.99281
Pool,1,1,2,0.8,-0,-0,,18866.2,3210.26,0,15655.9,8255,0,8255,41.275,229.305,618.745,,2.38616,11729,8256,0,0.703896,0.068548,0.0485707,5.93075
Pool,1,1,2,0.8,-0,-0.25,,18967.9,3194.93,-778.27,16551.2,8265,0,8265,41.325,228.21,613.94,,2.38616,11736,8265,0,0.704243,0.0748125,0.061101,5.71794
Pool,1,1,2,0.8,-0.025,-0,,18800.2,3161.9,-550.486,16188.8,8269,0,8269,41.345,225.85,611.945,,2.38616,11725,8269,0,0.705245,0.0739446,0.056476,5.83763
Pool,1,1,2,0.8,-0.025,-0.25,,18916.8,3179.74,-1385.46,17122.6,8321,0,8321,41.605,227.125,616.72,,2.38616,11723,8322,0,0.709887,0.0667918,0.0503485,5.86092
Assort,1,1,0.5,0.4,-0,-0,,6378.23,1326.5,0,5051.74,2412,2393,19,48.24,379,960.22,,2.38616,11723,2413,0,0.205835,5.3807,4.14256,9.44069
Assort,1,1,0.5,0.4,-0,-0.25,,6370.9,1318.38,0,5052.52,2418,2418,0,48.36,376.68,957.16,,2.38616,11751,2419,0,0.205855,5.3444,4.07028,9.37845
Assort,1,1,0.5,0.4,-0.025,-0,,6356.89,1345.47,-0.733595,5012.16,2381,2358,23,47.62,384.42,965.96,,2.38616,11694,2382,0,0.203694,5.40491,4.21914,9.56007
Assort,1,1,0.5,0.4,-0.025,-0.25,,6344.74,1321.11,0,5023.63,2399,2399,0,47.98,377.46,966.36,,2.38616,11730,2399,0,0.204518,5.39855,4.16757,9.57352
Assort,1,1,0.5,0.6,-0,-0,,6472.46,1283.31,0,5189.16,2907,1660,1247,58.14,366.66,962.48,,2.38616,11733,2908,0,0.247848,4.91434,3.06534,8.24917
Assort,1,1,0.5,0.6,-0,-0.25,,6510.03,1295.98,-80.7,5294.75,2915,1668,1247,58.3,370.28,962.32,,2.38616,11721,2915,0,0.248699,4.91306,3.07136,8.27485
Assort,1,1,0.5,0.6,-0.025,-0,,6504.21,1289.19,-72.2161,5287.24,2984,1578,1406,59.68,368.34,964.52,,2.38616,11722,2985,0,0.254649,4.84431,2.94372,8.15256
Assort,1,1,0.5,0.6,-0.025,-0.25,,6458.49,1285.27,-138.703,5311.93,2921,1638,1283,58.42,367.22,962.22,,2.38616,11722,2921,0,0.24919,4.88278,3.02362,8.24278
Assort,1,1,0.5,0.8,-0,-0,,7743.49,1209.67,0,6533.82,3505,565,2940,70.1,345.62,974.46,,2.38616,11710,3506,0,0.299402,4.14389,1.91529,7.57
Assort,1,1,0.5,0.8,-0,-0.25,,7809.35,1223.95,-230.87,6816.27,3516,568,2948,70.32,349.7,974.34,,2.38616,11725,3518,0,0.300043,4.10175,1.917,7.43666
Assort,1,1,0.5,0.8,-0.025,-0,,7875.38,1228.64,-163.017,6809.76,3525,584,2941,70.5,351.04,975.4,,2.38616,11722,3526,0,0.300802,4.1876,1.96909,7.47754
Assort,1,1,0.5,0.8,-0.025,-0.25,,7934.17,1233.61,-407.042,7107.61,3578,557,3021,71.56,352.46,973.3,,2.38616,11730,3578,0,0.30503,4.13171,1.90274,7.41012
Assort,1,1,1,0.4,-0,-0,,11554,2324.2,0,9229.82,4315,4315,0,43.15,332.03,850.33,,2.38616,11731,4315,0,0.367829,4.54701,3.55736,8.80941
Assort,1,1,1,0.4,-0,-0.25,,11623.2,2335.47,0.27,9287.45,4372,4361,11,43.72,333.64,858.73,,2.38616,11721,4373,0,0.373091,4.56608,3.65104,8.83252
Assort,1,1,1,0.4,-0.025,-0,,11683,2346.67,-0.892096,9337.2,4375,4362,13,43.75,335.24,860.2,,2.38616,11733,4375,0,0.37288,4.52314,3.59017,8.75974
Assort,1,1,1,0.4,-0.025,-0.25,,11627,2344.01,-2.26682,9285.29,4359,4341,18,43.59,334.86,861.09,,2.38616,11726,4360,0,0.371823,4.5475,3.5844,8.88897
Assort,1,1,1,0.6,-0,-0,,11815.8,2293.4,0,9522.4,5130,3051,2079,51.3,327.63,862.48,,2.38616,11701,5130,0,0.438424,3.68071,2.50097,7.90664
Assort,1,1,1,0.6,-0,-0.25,,11769.1,2290.95,-191.8,9669.95,5184,2912,2272,51.84,327.28,870.52,,2.38616,11719,5185,0,0.442444,3.64971,2.43163,7.97656
Assort,1,1,1,0.6,-0.025,-0,,11663.4,2284.02,-136.178,9515.51,5230,2757,2473,52.3,326.29,862.73,,2.38616,11735,5231,0,0.445761,3.52245,2.29975,7.90075
Assort,1,1,1,0.6,-0.025,-0.25,,11758.1,2289.2,-314.264,9783.21,5156,3006,2150,51.56,327.03,864.87,,2.38616,11746,5156,0,0.438958,3.67734,2.4583,7.93357
Assort,1,1,1,0.8,-0,-0,,14032.1,2289.76,0,11742.3,5953,1300,4653,59.53,327.11,886.99,,2.38616,11728,5953,0,0.507589,2.66644,1.53418,7.34249
Assort,1,1,1,0.8,-0,-0.25,,14028.6,2257.15,-424.79,12196.3,6004,1255,4749,60.04,322.45,881.01,,2.38616,11739,6004,0,0.511458,2.6366,1.50616,7.31114
Assort,1,1,1,0.8,-0.025,-0,,14014.1,2233.83,-292.182,12072.5,5954,1244,4710,59.54,319.12,881.97,,2.38616,11716,5956,0,0.508365,2.55727,1.49211,7.33674
Assort,1,1,1,0.8,-0.025,-0.25,,13898.4,2251.96,-697.313,12343.8,5938,1362,4576,59.38,321.71,883.93,,2.38616,11712,5939,0,0.507087,2.5946,1.48173,7.37401
Assort,1,1,1.5,0.4,-0,-0,,16201.5,3176.03,0,13025.5,6083,6068,15,40.5533,302.48,777.307,,2.38616,11737,6083,0,0.518276,3.35333,2.86668,8.2966
Assort,1,1,1.5,0.4,-0,-0.25,,16274.3,3192.13,-3.16,13085.4,6046,6022,24,40.3067,304.013,775.607,,2.38616,11702,6047,0,0.516749,3.34464,2.82735,8.15091
Assort,1,1,1.5,0.4,-0.025,-0,,16244.5,3183.03,-0.487832,13062,6056,6044,12,40.3733,303.147,776.407,,2.38616,11711,6057,0,0.517206,3.4027,2.912,8.23854
Assort,1,1,1.5,0.4,-0.025,-0.25,,16267.6,3178.06,-2.6488,13092.2,6065,6045,20,40.4333,302.673,777.847,,2.38616,11713,6065,0,0.517801,3.44088,2.93751,8.2207
Assort,1,1,1.5,0.6,-0,-0,,16186.1,3153.91,0,13032.2,6821,4289,2532,45.4733,300.373,790.587,,2.38616,11700,6821,0,0.582991,2.23974,1.7301,7.6965
Assort,1,1,1.5,0.6,-0,-0.25,,16245.1,3177.64,-241.35,13308.8,6868,4105,2763,45.7867,302.633,791.713,,2.38616,11709,6869,0,0.586643,2.2592,1.75746,7.79242
Assort,1,1,1.5,0.6,-0.025,-0,,16239.9,3155.45,-164.029,13248.5,6924,4148,2776,46.16,300.52,790.287,,2.38616,11739,6924,0,0.589829,2.29364,1.79853,7.7205
Assort,1,1,1.5,0.6,-0.025,-0.25,,16295.5,3162.66,-367.679,13500.5,6870,4278,2592,45.8,301.207,791.793,,2.38616,11751,6870,0,0.584631,2.30968,1.7901,7.76988
Assort,1,1,1.5,0.8,-0,-0,,18486,3109.53,0,15376.4,7592,2244,5348,50.6133,296.147,802.54,,2.38616,11705,7592,0,0.648612,1.27074,0.934405,7.24234
Assort,1,1,1.5,0.8,-0,-0.25,,18702.4,3156.92,-513.26,16058.7,7670,2240,5430,51.1333,300.66,806.48,,2.38616,11729,7670,0,0.653935,1.24333,0.908083,7.20303
Assort,1,1,1.5,0.8,-0.025,-0,,18647.9,3158.74,-348.97,15838.2,7674,2279,5395,51.16,300.833,807.513,,2.38616,11699,7674,0,0.655954,1.2419,0.928069,7.22708
Assort,1,1,1.5,0.8,-0.025,-0.25,,18566.6,3131.65,-882.317,16317.3,7650,2215,5435,51,298.253,803.093,,2.38616,11722,7650,0,0.652619,1.25542,0.924444,7.21069
Assort,1,1,2,0.4,-0,-0,,18876.9,3337.66,0,15539.3,6973,6953,20,34.865,238.405,603.915,,2.38616,11723,6974,0,0.594899,0.670477,0.531402,5.93755
Assort,1,1,2,0.4,-0,-0.25,,18813.1,3285.86,-0.190002,15527.5,6977,6962,15,34.885,234.705,598.65,,2.38616,11737,6977,0,0.594445,0.811962,0.659596,5.84779
Assort,1,1,2,0.4,-0.025,-0,,18851.8,3327.72,-0.549535,15524.6,6967,6951,16,34.835,237.695,602.17,,2.38616,11726,6967,0,0.59415,0.786713,0.631262,5.89307
Assort,1,1,2,0.4,-0.025,-0.25,,18868.1,3319.46,-0.463171,15549.1,6993,6977,16,34.965,237.105,601.255,,2.38616,11735,6993,0,0.59591,0.71683,0.591878,5.89464
Assort,1,1,2,0.6,-0,-0,,19020.4,3492.5,0,15527.9,7488,5916,1572,37.44,249.465,636.41,,2.38616,11713,7489,0,0.639375,0.63357,0.529443,6.27251
Assort,1,1,2,0.6,-0,-0.25,,19246.5,3452.6,-220,16013.9,7588,5972,1616,37.94,246.615,627.695,,2.38616,11707,7589,0,0.648245,0.550696,0.433127,5.81093
Assort,1,1,2,0.6,-0.025,-0,,19295.8,3519.73,-105.011,15881,7630,5906,1724,38.15,251.41,639.51,,2.38616,11735,7630,0,0.650192,0.613038,0.521494,6.0544
Assort,1,1,2,0.6,-0.025,-0.25,,19171.8,3478.43,-322.799,16016.1,7627,5917,1710,38.135,248.46,635.1,,2.38616,11725,7627,0,0.65049,0.582175,0.482234,6.1282
Assort,1,1,2,0.8,-0,-0,,21494.1,3693.96,0,17800.2,8636,3534,5102,43.18,263.855,695.165,,2.38616,11721,8636,0,0.736797,0.412763,0.313918,6.33375
Assort,1,1,2,0.8,-0,-0.25,,21655.5,3703.62,-589.65,18541.5,8652,3467,5185,43.26,264.545,694.075,,2.38616,11704,8652,0,0.739234,0.359621,0.287101,6.29923
Assort,1,1,2,0.8,-0.025,-0,,21625.6,3693.68,-345.334,18277.2,8651,3576,5075,43.255,263.835,693.865,,2.38616,11702,8651,0,0.739275,0.338575,0.25708,6.26902
Assort,1,1,2,0.8,-0.025,-0.25,,21619.6,3707.12,-911.103,18823.6,8630,3517,5113,43.15,264.795,695.27,,2.38616,11711,8630,0,0.736914,0.332337,0.268134,6.32737
Pricing,1,1,0.5,0.4,-0,-0,,6358.68,1247.82,0,5110.86,3205,1024,2181,64.1,356.52,965.28,,2.38616,11699,3205,0,0.273955,4.57586,2.39594,7.77701
Pricing,1,1,0.5,0.4,-0,-0.25,,6395.44,1267.91,-173.01,5300.55,3318,948,2370,66.36,362.26,974.28,,2.38616,11726,3319,0,0.283046,4.53829,2.31546,7.66079
Pricing,1,1,0.5,0.4,-0.025,-0,,6420.88,1251.81,-140.124,5309.2,3341,912,2429,66.82,357.66,969.68,,2.38616,11725,3341,0,0.284947,4.53339,2.27178,7.69575
Pricing,1,1,0.5,0.4,-0.025,-0.25,,6341.9,1249.78,-327.415,5419.54,3284,1047,2237,65.68,357.08,970.18,,2.38616,11728,3285,0,0.280099,4.57913,2.38295,7.74112
Pricing,1,1,0.5,0.6,-0,-0,,7177.53,1233.82,0,5943.71,3471,600,2871,69.42,352.52,974.54,,2.38616,11706,3471,0,0.296515,4.27106,1.99165,7.52195
Pricing,1,1,0.5,0.6,-0,-0.25,,7157.05,1219.19,-229.23,6167.09,3480,609,2871,69.6,348.34,971.64,,2.38616,11712,3481,0,0.297217,4.28125,1.98133,7.50846
Pricing,1,1,0.5,0.6,-0.025,-0,,7355.01,1242.5,-160.643,6273.15,3541,625,2916,70.82,355,972.16,,2.38616,11720,3542,0,0.302218,4.26348,2.00791,7.31029
Pricing,1,1,0.5,0.6,-0.025,-0.25,,7174.25,1240.96,-400.159,6333.45,3518,611,2907,70.36,354.56,973.9,,2.38616,11732,3519,0,0.299949,4.27583,1.99744,7.44345
Pricing,1,1,0.5,0.8,-0,-0,,8322.18,1253.49,0,7068.7,3572,526,3046,71.44,358.14,981.46,,2.38616,11717,3572,0,0.304856,4.17376,1.97424,7.36659
Pricing,1,1,0.5,0.8,-0,-0.25,,8119.59,1237.39,-235.66,7117.86,3500,616,2884,70,353.54,974.36,,2.38616,11733,3501,0,0.298389,4.2031,1.98286,7.43531
Pricing,1,1,0.5,0.8,-0.025,-0,,8181.59,1229.13,-161.303,7113.77,3528,588,2940,70.56,351.18,977.74,,2.38616,11736,3530,0,0.300784,4.16829,1.94249,7.45973
Pricing,1,1,0.5,0.8,-0.025,-0.25,,8082.5,1238.02,-372.376,7216.85,3495,567,2928,69.9,353.72,974.64,,2.38616,11702,3495,0,0.298667,4.22817,1.94535,7.46207
Pricing,1,1,1,0.4,-0,-0,,11613.7,2252.31,0,9361.41,5557,2020,3537,55.57,321.76,869.26,,2.38616,11733,5557,0,0.473621,3.23379,1.96707,7.6657
Pricing,1,1,1,0.4,-0,-0.25,,11618.8,2273.94,-339.42,9684.3,5616,2050,3566,56.16,324.85,876.19,,2.38616,11724,5616,0,0.479017,3.24974,1.92753,7.60892
Pricing,1,1,1,0.4,-0.025,-0,,11714.9,2282.9,-226.505,9658.5,5618,2077,3541,56.18,326.13,879.52,,2.38616,11718,5618,0,0.479433,3.22589,1.92542,7.64819
Pricing,1,1,1,0.4,-0.025,-0.25,,11571.9,2283.6,-551.369,9839.64,5599,2090,3509,55.99,326.23,872.58,,2.38616,11708,5599,0,0.47822,3.29117,1.95231,7.63818
Pricing,1,1,1,0.6,-0,-0,,13336.9,2309.57,0,11027.3,6014,1404,4610,60.14,329.94,891.63,,2.38616,11708,6014,0,0.513666,2.72984,1.51713,7.34117
Pricing,1,1,1,0.6,-0,-0.25,,13205.3,2284.58,-395.43,11316.2,5998,1327,4671,59.98,326.37,884.2,,2.38616,11730,5998,0,0.511338,2.76462,1.56736,7.33242
Pricing,1,1,1,0.6,-0.025,-0,,13157,2279.05,-280.706,11158.7,5990,1334,4656,59.9,325.58,883.5,,2.38616,11748,5991,0,0.509959,2.84797,1.61008,7.35156
Pricing,1,1,1,0.6,-0.025,-0.25,,13051.8,2283.04,-710.198,11478.9,5935,1461,4474,59.35,326.15,883.48,,2.38616,11727,5935,0,0.506097,2.79824,1.59545,7.30156
Pricing,1,1,1,0.8,-0,-0,,14565,2292.84,0,12272.1,5901,1290,4611,59.01,327.55,888.49,,2.38616,11713,5902,0,0.503885,2.67045,1.51915,7.41297
Pricing,1,1,1,0.8,-0,-0.25,,14461.1,2269.74,-434.11,12625.5,5927,1220,4707,59.27,324.25,883.49,,2.38616,11719,5928,0,0.505845,2.69613,1.53222,7.41242
Pricing,1,1,1,0.8,-0.025,-0,,14561.7,2279.19,-287.332,12569.9,5971,1193,4778,59.71,325.6,886.42,,2.38616,11719,5972,0,0.5096,2.67199,1.52177,7.30965
Pricing,1,1,1,0.8,-0.025,-0.25,,14538.4,2306,-626.806,12859.2,5950,1313,4637,59.5,329.43,891.19,,2.38616,11742,5951,0,0.506813,2.71572,1.53722,7.42834
Pricing,1,1,1.5,0.4,-0,-0,,16232.7,3192.2,0,13040.5,7197,3264,3933,47.98,304.02,800.207,,2.38616,11704,7197,0,0.614918,2.03537,1.48131,7.55391
Pricing,1,1,1.5,0.4,-0,-0.25,,16006.5,3164.9,-374.97,13216.6,7124,3276,3848,47.4933,301.42,798.973,,2.38616,11728,7124,0,0.607435,2.16874,1.57706,7.54871
Pricing,1,1,1.5,0.4,-0.025,-0,,16038.1,3165.04,-280.09,13153.1,7200,3184,4016,48,301.433,793.667,,2.38616,11720,7200,0,0.614334,2.01152,1.44861,7.61961
Pricing,1,1,1.5,0.4,-0.025,-0.25,,16076.7,3173.58,-705.171,13608.3,7270,3162,4108,48.4667,302.247,796.66,,2.38616,11702,7270,0,0.621261,2.00111,1.46657,7.48931
Pricing,1,1,1.5,0.6,-0,-0,,18137.5,3196.05,0,14941.5,7701,2308,5393,51.34,304.387,810.087,,2.38616,11694,7701,0,0.658543,1.51685,1.06726,7.25114
Pricing,1,1,1.5,0.6,-0,-0.25,,17901.3,3190.52,-503.96,15214.7,7635,2378,5257,50.9,303.86,804.433,,2.38616,11721,7636,0,0.65148,1.50985,1.06469,7.19475
Pricing,1,1,1.5,0.6,-0.025,-0,,17920.7,3141.94,-362.641,15141.4,7689,2235,5454,51.26,299.233,805.313,,2.38616,11726,7689,0,0.655722,1.49557,1.07036,7.2231
Pricing,1,1,1.5,0.6,-0.025,-0.25,,17877.3,3169.24,-843.32,15551.4,7677,2308,5369,51.18,301.833,806.813,,2.38616,11715,7677,0,0.655314,1.57977,1.12909,7.22848
Pricing,1,1,1.5,0.8,-0,-0,,19721.5,3199.41,0,16522.1,7677,2094,5583,51.18,304.707,811.26,,2.38616,11723,7677,0,0.654867,1.37328,0.999349,7.15748
Pricing,1,1,1.5,0.8,-0,-0.25,,19785.4,3167.42,-509.07,17127.1,7757,2058,5699,51.7133,301.66,810.767,,2.38616,11719,7757,0,0.661917,1.28202,0.894031,7.18346
Pricing,1,1,1.5,0.8,-0.025,-0,,19901.9,3248.27,-353.993,17007.6,7730,2105,5625,51.5333,309.36,818.147,,2.38616,11723,7730,0,0.659388,1.35221,0.955757,7.19533
Pricing,1,1,1.5,0.8,-0.025,-0.25,,19648.1,3221.67,-911.667,17338.1,7695,2136,5559,51.3,306.827,813.08,,2.38616,11713,7695,0,0.656962,1.41561,1.02859,7.22292
Pricing,1,1,2,0.4,-0,-0,,20211,3643.07,0,16568,8050,5068,2982,40.25,260.22,668.49,,2.38616,11736,8050,0,0.685924,0.630112,0.469193,6.22454
Pricing,1,1,2,0.4,-0,-0.25,,20100.3,3688.5,-414.59,16826.4,8032,4999,3033,40.16,263.465,674.685,,2.38616,11735,8032,0,0.684448,0.61764,0.452565,6.36622
Pricing,1,1,2,0.4,-0.025,-0,,20109.2,3742.47,-235.823,16602.6,8081,4893,3188,40.405,267.32,686.305,,2.38616,11728,8082,0,0.68912,0.72911,0.543059,6.52475
Pricing,1,1,2,0.4,-0.025,-0.25,,19907.6,3634.18,-601.967,16875.3,7983,5055,2928,39.915,259.585,669.835,,2.38616,11717,7983,0,0.681318,0.580183,0.416009,6.35819
Pricing,1,1,2,0.6,-0,-0,,21979.3,3818.42,0,18160.9,8633,3646,4987,43.165,272.745,704.8,,2.38616,11739,8633,0,0.735412,0.485135,0.369744,6.43857
Pricing,1,1,2,0.6,-0,-0.25,,21936.7,3787.2,-552.74,18702.2,8660,3629,5031,43.3,270.515,700.525,,2.38616,11708,8660,0,0.739665,0.395029,0.30254,6.32111
Pricing,1,1,2,0.6,-0.025,-0,,22071.5,3815.76,-350.679,18606.4,8750,3515,5235,43.75,272.555,710.25,,2.38616,11717,8750,0,0.746778,0.502774,0.375086,6.43436
Pricing,1,1,2,0.6,-0.025,-0.25,,21826.3,3791.54,-903.474,18938.2,8651,3733,4918,43.255,270.825,702.99,,2.38616,11714,8652,0,0.738603,0.466536,0.349861,6.44036
Pricing,1,1,2,0.8,-0,-0,,23384.8,3789.65,0,19595.1,8641,3310,5331,43.205,270.69,704.07,,2.38616,11727,8642,0,0.736932,0.375203,0.288591,6.40963
Pricing,1,1,2,0.8,-0,-0.25,,23526.9,3857.41,-575.89,20245.4,8743,3352,5391,43.715,275.53,719.91,,2.38616,11703,8744,0,0.747159,0.403572,0.301235,6.60361
Pricing,1,1,2,0.8,-0.025,-0,,23419.5,3809.11,-358.21,19968.6,8697,3290,5407,43.485,272.08,709.655,,2.38616,11721,8697,0,0.742002,0.446549,0.338048,6.48743
Pricing,1,1,2,0.8,-0.025,-0.25,,23227,3760.74,-969.193,20435.4,8657,3256,5401,43.285,268.625,699.385,,2.38616,11713,8657,0,0.739093,0.44472,0.348966,6.38182
Assort Opt,1,1,0.5,0.4,-0,-0,,6761.85,1418.62,0,5343.24,2328,2328,0,46.56,405.32,927.18,,2.38616,11746,2328,0,0.198195,4.575,3.21177,7.92766
Assort Opt,1,1,0.5,0.4,-0,-0.25,,6838.44,1549.59,-43.14,5331.99,2331,2161,170,46.62,442.74,933.44,,2.38616,11722,2331,0,0.198857,3.14323,2.3136,7.51728
Assort Opt,1,1,0.5,0.4,-0.025,-0,,7206.56,1593.27,0,5613.3,2297,2297,0,45.94,455.22,936.06,,2.38616,11721,2299,0,0.196144,2.56932,2.03958,7.43489
Assort Opt,1,1,0.5,0.4,-0.025,-0.25,,6659.78,1319.08,0,5340.7,2203,2203,0,44.06,376.88,795.68,,2.38616,11721,2203,0,0.187953,0.151608,0.178847,5.65939
Assort Opt,1,1,0.5,0.6,-0,-0,,6959.7,1533.98,0,5425.73,2332,2222,110,46.64,438.28,966.1,,2.38616,11722,2333,0,0.199027,4.66678,3.45178,8.14926
Assort Opt,1,1,0.5,0.6,-0,-0.25,,7176.82,1599.64,-14.19,5591.37,2526,1830,696,50.52,457.04,958.08,,2.38616,11739,2527,0,0.215265,2.97155,2.20934,7.08969
Assort Opt,1,1,0.5,0.6,-0.025,-0,,6942.44,1396.43,-93.1886,5639.2,3000,1195,1805,60,398.98,959.52,,2.38616,11737,3001,0,0.255687,3.84076,2.26125,7.11398
Assort Opt,1,1,0.5,0.6,-0.025,-0.25,,6765.89,1382.01,-297.17,5681.05,2904,1177,1727,58.08,394.86,955.48,,2.38616,11727,2905,0,0.247719,3.96956,2.2747,7.65483
Assort Opt,1,1,0.5,0.8,-0,-0,,8040.85,1185.24,0,6855.61,3716,170,3546,74.32,338.64,971.4,,2.38616,11718,3716,0,0.317119,3.83274,1.52745,7.21012
Assort Opt,1,1,0.5,0.8,-0,-0.25,,8183.97,1260.98,-256.94,7179.93,3397,316,3081,67.94,360.28,961.4,,2.38616,11727,3397,0,0.289673,3.35636,1.47336,7.13698
Assort Opt,1,1,0.5,0.8,-0.025,-0,,7979.32,1179.08,-199.674,6999.92,3674,197,3477,73.48,336.88,966.36,,2.38616,11713,3674,0,0.313669,3.80756,1.49619,7.2364
Assort Opt,1,1,0.5,0.8,-0.025,-0.25,,8096.13,1194.41,-469.403,7371.13,3651,148,3503,73.02,341.26,956.02,,2.38616,11720,3651,0,0.311519,3.64317,1.55656,7.05904
Assort Opt,1,1,1,0.4,-0,-0,,12098.2,2442.15,0,9656.1,3992,3992,0,39.92,348.88,764.49,,2.38616,11706,3992,0,0.341022,0.197762,0.172595,6.15077
Assort Opt,1,1,1,0.4,-0,-0.25,,12189.3,2463.22,0,9726.03,4017,4017,0,40.17,351.89,768.8,,2.38616,11717,4019,0,0.343006,0.226423,0.186614,6.14898
Assort Opt,1,1,1,0.4,-0.025,-0,,11746.3,2386.92,0,9359.4,4289,4289,0,42.89,340.99,855.22,,2.38616,11715,4290,0,0.366197,4.35254,3.41002,8.4664
Assort Opt,1,1,1,0.4,-0.025,-0.25,,11933,2467.56,0,9465.44,4293,4293,0,42.93,352.51,856.34,,2.38616,11720,4293,0,0.366297,4.09633,3.29071,8.41469
Assort Opt,1,1,1,0.6,-0,-0,,11964.5,2450.48,0,9513.98,4300,4293,7,43,350.07,859.84,,2.38616,11719,4300,0,0.366926,4.20189,3.28372,8.33308
Assort Opt,1,1,1,0.6,-0,-0.25,,12236.1,2500.53,-3.09001,9738.71,4054,3971,83,40.54,357.22,776.75,,2.38616,11731,4054,0,0.34558,0.301594,0.26961,6.29475
Assort Opt,1,1,1,0.6,-0.025,-0,,12213,2497.73,-5.29436,9720.57,4038,3949,89,40.38,356.82,775.09,,2.38616,11719,4038,0,0.344569,0.386125,0.323675,6.23543
Assort Opt,1,1,1,0.6,-0.025,-0.25,,11818.9,2322.73,-196.074,9692.23,4866,3508,1358,48.66,331.82,865.15,,2.38616,11719,4866,0,0.415223,3.99838,2.84196,8.12799
Assort Opt,1,1,1,0.8,-0,-0,,14040.2,2245.59,0,11794.6,6045,946,5099,60.45,320.8,884.27,,2.38616,11703,6045,0,0.516534,2.49244,1.35401,7.24585
Assort Opt,1,1,1,0.8,-0,-0.25,,14357.6,2260.36,-441.41,12538.6,6165,870,5295,61.65,322.91,891.27,,2.38616,11693,6165,0,0.527239,2.35055,1.28435,7.09626
Assort Opt,1,1,1,0.8,-0.025,-0,,14396.6,2255.6,-344.636,12485.6,6169,837,5332,61.69,322.23,882.11,,2.38616,11723,6169,0,0.526231,2.22068,1.19144,7.05259
Assort Opt,1,1,1,0.8,-0.025,-0.25,,14326.5,2241.11,-848.765,12934.2,6166,712,5454,61.66,320.16,878.74,,2.38616,11732,6166,0,0.525571,2.10791,1.09033,7.03512
Assort Opt,1,1,1.5,0.4,-0,-0,,16368.5,3237.49,0,13131,6027,6027,0,40.18,308.333,781.133,,2.38616,11735,6027,0,0.513592,3.40707,2.87855,8.27403
Assort Opt,1,1,1.5,0.4,-0,-0.25,,16267.3,3177.43,0,13089.9,6081,6081,0,40.54,302.613,777.913,,2.38616,11703,6081,0,0.51961,3.39921,2.90314,8.29848
Assort Opt,1,1,1.5,0.4,-0.025,-0,,16294.8,3199.41,0,13095.4,6050,6050,0,40.3333,304.707,777.62,,2.38616,11700,6050,0,0.517094,3.37761,2.87074,8.21147
Assort Opt,1,1,1.5,0.4,-0.025,-0.25,,16310.6,3184.99,0,13125.6,6060,6060,0,40.4,303.333,775.927,,2.38616,11731,6060,0,0.51658,3.38726,2.8863,8.13415
Assort Opt,1,1,1.5,0.6,-0,-0,,16102.5,3157.97,0,12944.5,6801,4270,2531,45.34,300.76,788.867,,2.38616,11729,6801,0,0.579845,2.4037,1.88164,7.78251
Assort Opt,1,1,1.5,0.6,-0,-0.25,,16078.1,3122.2,-258.06,13213.9,6958,3949,3009,46.3867,297.353,789.527,,2.38616,11715,6958,0,0.593939,2.16816,1.67749,7.71127
Assort Opt,1,1,1.5,0.6,-0.025,-0,,16003.2,3111.21,-271.63,13163.7,7328,3235,4093,48.8533,296.307,795.733,,2.38616,11710,7329,0,0.625875,1.70581,1.2647,7.50585
Assort Opt,1,1,1.5,0.6,-0.025,-0.25,,16152.4,3130.95,-617.131,13638.6,7162,3623,3539,47.7467,298.187,794.24,,2.38616,11734,7162,0,0.610363,1.83279,1.37573,7.59324
Assort Opt,1,1,1.5,0.8,-0,-0,,18775.4,3172.74,0,15602.7,7794,1816,5978,51.96,302.167,811.107,,2.38616,11710,7794,0,0.665585,1.17395,0.822684,7.11622
Assort Opt,1,1,1.5,0.8,-0,-0.25,,18687.3,3134.31,-550.57,16103.6,7693,2205,5488,51.2867,298.507,804.247,,2.38616,11732,7694,0,0.655813,1.24489,0.893553,7.17716
Assort Opt,1,1,1.5,0.8,-0.025,-0,,18690.8,3170.71,-367.234,15887.4,7761,1922,5839,51.74,301.973,812.667,,2.38616,11706,7761,0,0.662993,1.19426,0.865095,7.17948
Assort Opt,1,1,1.5,0.8,-0.025,-0.25,,18581.9,3150.9,-903.603,16334.6,7715,2009,5706,51.4333,300.087,808.453,,2.38616,11730,7715,0,0.657715,1.19864,0.840959,7.16113
Assort Opt,1,1,2,0.4,-0,-0,,18867.3,3318.06,0,15549.2,6956,6956,0,34.78,237.005,599.22,,2.38616,11717,6957,0,0.593753,0.775198,0.656174,5.87473
Assort Opt,1,1,2,0.4,-0,-0.25,,18749.7,3303.5,0,15446.2,6858,6858,0,34.29,235.965,596.025,,2.38616,11702,6859,0,0.586139,0.8255,0.673713,5.84536
Assort Opt,1,1,2,0.4,-0.025,-0,,18617.5,3242.39,0,15375.1,6885,6885,0,34.425,231.6,587.065,,2.38616,11696,6885,0,0.588663,0.689723,0.559622,5.69706
Assort Opt,1,1,2,0.4,-0.025,-0.25,,19155.7,3411.58,0,15744.1,7043,7043,0,35.215,243.685,615.09,,2.38616,11737,7043,0,0.600068,0.823123,0.685929,6.06488
Assort Opt,1,1,2,0.6,-0,-0,,19061.5,3602.54,0,15459,8329,4429,3900,41.645,257.325,671.515,,2.38616,11733,8329,0,0.709878,0.458024,0.355865,6.22141
Assort Opt,1,1,2,0.6,-0,-0.25,,19219.8,3507.34,-206.15,15918.6,7649,5917,1732,38.245,250.525,642.245,,2.38616,11695,7649,0,0.65404,0.49705,0.406066,6.07524
Assort Opt,1,1,2,0.6,-0.025,-0,,19225.3,3760.53,-282.629,15747.4,8394,4552,3842,41.97,268.61,697.985,,2.38616,11700,8394,0,0.717436,0.516581,0.400762,6.54857
Assort Opt,1,1,2,0.6,-0.025,-0.25,,19129.3,3596.24,-559.184,16092.2,7962,5168,2794,39.81,256.875,661.72,,2.38616,11733,7962,0,0.678599,0.599506,0.468601,6.36489
Assort Opt,1,1,2,0.8,-0,-0,,21461.3,3744.71,0,17716.6,8557,3567,4990,42.785,267.48,702.305,,2.38616,11738,8557,0,0.729,0.474868,0.364029,6.50517
Assort Opt,1,1,2,0.8,-0,-0.25,,21522.8,3767.74,-620.08,18375.2,8762,3026,5736,43.81,269.125,712.31,,2.38616,11710,8762,0,0.748249,0.372588,0.291258,6.42473
Assort Opt,1,1,2,0.8,-0.025,-0,,21830.1,3813.66,-364.659,18381.1,8786,3270,5516,43.93,272.405,715.83,,2.38616,11724,8787,0,0.749488,0.392784,0.293502,6.45205
Assort Opt,1,1,2,0.8,-0.025,-0.25,,21884,3847.26,-1013.04,19049.8,8844,2893,5951,44.22,274.805,721.535,,2.38616,11726,8844,0,0.754221,0.400819,0.298734,6.48524
Pricing Opt,1,1,0.5,0.4,-0,-0,,8159.33,1561.53,0,6597.8,2298,2298,0,45.964,446.152,923.64,,2.38616,11722,2298,0,0.196083,1.82021,1.66954,7.55888
Pricing Opt,1,1,0.5,0.4,-0,-0.25,,8118.16,1468.41,0,6649.75,2291,2290,1,45.832,419.548,937.816,,2.38616,11718,2292,0,0.195624,4.69834,3.36494,8.20079
Pricing Opt,1,1,0.5,0.8,-0.025,-0,,10284,1311.1,-134.285,9107.18,3185,9,3176,63.704,374.6,932.132,,2.38616,11718,3185,0,0.271872,1.94784,0.997363,6.72163
Pricing Opt,1,1,0.5,0.8,-0.025,-0.25,,9848.97,1209.93,-478.236,9117.28,3471,92,3379,69.432,345.696,947.72,,2.38616,11704,3472,0,0.296663,3.28332,1.41438,7.04463
Pricing Opt,1,1,1,0.4,-0,-0,,14281.8,2479.1,0,11802.7,4664,2841,1823,46.648,354.158,832.308,,2.38616,11718,4665,0,0.398095,1.35656,1.06431,7.2871
Pricing Opt,1,1,1,0.4,-0,-0.25,,14317,2551.89,-0.320001,11765.4,4131,4080,50,41.31,364.556,830.054,,2.38616,11716,4131,0,0.352629,1.96866,1.53052,7.63526
Pricing Opt,1,1,1,0.4,-0.025,-0,,14385.7,2572.93,-0.924083,11813.7,4153,4094,59,41.538,367.562,831.442,,2.38616,11715,4154,0,0.354582,1.86293,1.47482,7.61403
Pricing Opt,1,1,1,0.4,-0.025,-0.25,,14192.6,2447.78,-483.289,12228.1,4766,2778,1987,47.662,349.684,835.196,,2.38616,11719,4766,0,0.40671,1.53875,1.1203,7.27755
Pricing Opt,1,1,1,0.6,-0,-0,,14840.4,2263.11,0,12577.3,5694,1439,4255,56.948,323.302,861.088,,2.38616,11721,5695,0,0.48588,2.37777,1.41601,7.28961
Pricing Opt,1,1,1,0.6,-0,-0.25,,14667.8,2261.65,-440.552,12846.7,5702,1453,4248,57.022,323.094,861.888,,2.38616,11711,5702,0,0.486919,2.45697,1.44464,7.29301
Pricing Opt,1,1,1,0.6,-0.025,-0,,15406.1,2357.52,-269.986,13318.5,5853,965,4888,58.538,336.79,872.752,,2.38616,11718,5854,0,0.499565,1.84482,1.11076,6.95742
Pricing Opt,1,1,1,0.6,-0.025,-0.25,,15325.1,2293.85,-777.635,13808.9,5529,1189,4339,55.292,327.694,852.466,,2.38616,11717,5529,0,0.471914,1.6619,1.02423,7.03192
Pricing Opt,1,1,0.5,0.4,-0.025,-0,,8283.23,1521.11,-0.0430328,6762.16,2321,2312,8,46.424,434.604,944.844,,2.38616,11723,2321,0,0.197994,4.36849,3.17043,7.9127
Pricing Opt,1,1,1,0.8,-0,-0.25,,17253.5,2305.63,-445,15392.8,5601,739,4861,56.012,329.376,848.848,,2.38616,11724,5601,0,0.47779,1.49333,0.931451,6.88143
Pricing Opt,1,1,1,0.8,-0.025,-0,,17362.1,2326.77,-280.315,15315.7,5603,751,4852,56.034,332.396,852.972,,2.38616,11731,5604,0,0.477709,1.42483,0.905999,6.88577
Pricing Opt,1,1,1,0.8,-0.025,-0.25,,17334,2313.41,-744.284,15764.9,5673,741,4931,56.732,330.488,854.676,,2.38616,11718,5674,0,0.484213,1.52623,0.949279,6.89481
Pricing Opt,1,1,1.5,0.4,-0,-0,,17429.1,3283.41,0,14145.7,6434,4650,1784,42.8987,312.707,790.956,,2.38616,11719,6435,0,0.549107,2.15134,1.74736,7.75709
Pricing Opt,1,1,1.5,0.4,-0,-0.25,,18807.6,3201.16,-375.644,15982.1,6656,3418,3237,44.3733,304.873,760.355,,2.38616,11726,6656,0,0.567662,0.759935,0.542425,6.88624
Pricing Opt,1,1,1.5,0.4,-0.025,-0,,17394,3160.83,-258.798,14492,7145,2936,4209,47.6387,301.032,789.771,,2.38616,11721,7146,0,0.609671,1.3691,0.991016,7.41039
Pricing Opt,1,1,1.5,0.4,-0.025,-0.25,,18020.3,3207.63,-592.174,15404.9,6791,3287,3503,45.2733,305.489,777.512,,2.38616,11719,6791,0,0.57952,0.947402,0.694967,7.29547
Pricing Opt,1,1,1.5,0.6,-0,-0,,19154.2,3220.52,0,15933.7,7077,3133,3943,47.1813,306.717,798.805,,2.38616,11725,7077,0,0.603633,1.57412,1.20693,7.53644
Pricing Opt,1,1,1.5,0.6,-0,-0.25,,20380,3251.83,-267.106,17395.3,6647,3308,3338,44.3133,309.699,771.257,,2.38616,11717,6647,0,0.567303,0.565852,0.413618,6.95501
Pricing Opt,1,1,0.5,0.4,-0.025,-0.25,,8354.71,1509.01,-132.591,6978.29,2627,1410,1217,52.548,431.148,946.616,,2.38616,11714,2627,0,0.224318,2.08811,1.61268,7.25666
Pricing Opt,1,1,1.5,0.6,-0.025,-0,,19712.6,3179.36,-308.214,16841.5,7341,2343,4998,48.9427,302.797,792.821,,2.38616,11708,7341,0,0.627037,1.09754,0.807045,7.19478
Pricing Opt,1,1,1.5,0.6,-0.025,-0.25,,19849.7,3255.85,-607.665,17201.6,7050,2973,4077,47.0053,310.081,796.731,,2.38616,11720,7051,0,0.601597,1.16939,0.848395,7.29312
Pricing Opt,1,1,1.5,0.8,-0,-0.25,,21819.1,3154.4,-326.198,18990.9,6761,2220,4540,45.0747,300.42,742.884,,2.38616,11719,6761,0,0.576914,0.119441,0.101284,6.27652
Pricing Opt,1,1,1.5,0.8,-0.025,-0,,21050.3,3179.02,-386.832,18258.1,7660,1789,5871,51.0693,302.764,804.2,,2.38616,11718,7660,0,0.653707,1.03673,0.735993,7.05125
Pricing Opt,1,1,1.5,0.8,-0.025,-0.25,,21192.9,3293.3,-446.535,18346.2,6819,3023,3795,45.46,313.648,792.635,,2.38616,11724,6819,0,0.581656,0.915495,0.714068,7.34592
Pricing Opt,1,1,2,0.4,-0,-0,,21160.2,3548.91,0,17611.3,7432,5533,1898,37.161,253.494,633.427,,2.38616,11717,7432,0,0.634305,0.457951,0.371616,5.90959
Pricing Opt,1,1,2,0.4,-0,-0.25,,20895.6,3464.43,-142.58,17573.7,7230,5627,1603,36.154,247.46,618.448,,2.38616,11725,7230,0,0.616668,0.384321,0.310837,5.78022
Pricing Opt,1,1,2,0.4,-0.025,-0,,21091.5,3612.59,-240.162,17719.1,8027,4320,3706,40.136,258.043,661.515,,2.38616,11714,8027,0,0.685254,0.454491,0.350234,6.09872
Pricing Opt,1,1,2,0.4,-0.025,-0.25,,19868.1,3636.07,-1145.89,17377.9,8592,2967,5624,42.961,259.72,681.355,,2.38616,11723,8592,0,0.732885,0.408792,0.310724,6.20405
Pricing Opt,1,1,0.5,0.6,-0,-0,,9136.44,1487.44,0,7649,2927,586,2341,58.552,424.984,906.388,,2.38616,11720,2928,0,0.249846,0.956451,0.512943,6.26641
Pricing Opt,1,1,2,0.6,-0,-0,,22840.6,3530.7,0,19309.9,7682,3860,3822,38.411,252.193,630.687,,2.38616,11716,7682,0,0.655685,0.043289,0.0378788,5.62171
Pricing Opt,1,1,2,0.6,-0,-0.25,,22557.3,3552.88,-642.116,19646.6,8264,2748,5515,41.322,253.778,657.766,,2.38616,11718,8264,0,0.705296,0.239542,0.184856,6.00273
Pricing Opt,1,1,2,0.6,-0.025,-0,,22803.3,3723.32,-352.47,19432.5,8529,3304,5224,42.646,265.952,689.965,,2.38616,11727,8529,0,0.727276,0.399894,0.305117,6.24827
Pricing Opt,1,1,2,0.6,-0.025,-0.25,,22852,3569.22,-1062.63,20345.4,8318,2587,5731,41.59,254.945,657.03,,2.38616,11726,8318,0,0.709332,0.17055,0.135149,5.89979
Pricing Opt,1,1,2,0.8,-0,-0,,24668.1,3609.77,0,21058.3,8341,2632,5708,41.706,257.841,665.862,,2.38616,11711,8341,0,0.712205,0.202377,0.163094,5.94524
Pricing Opt,1,1,2,0.8,-0,-0.25,,24820.3,3568.31,-596.532,21848.5,8234,2917,5316,41.171,254.88,655.568,,2.38616,11719,8234,0,0.702642,0.125026,0.0999466,5.78465
Pricing Opt,1,1,2,0.8,-0.025,-0,,24517.9,3631.84,-408.3,21294.3,8463,2606,5857,42.315,259.418,673.604,,2.38616,11722,8463,0,0.722015,0.228217,0.182192,6.02822
Pricing Opt,1,1,2,0.8,-0.025,-0.25,,24279.2,3382.16,-641.484,21538.6,7458,3247,4211,37.294,241.583,602.376,,2.38616,11724,7458,0,0.636167,0.0194463,0.0150426,5.38547
Pricing Opt,1,1,0.5,0.6,-0,-0.25,,8860.3,1437.84,-61.284,7483.74,2831,1150,1681,56.624,410.812,961.624,,2.38616,11718,2831,0,0.24165,3.40032,2.17607,7.48409
Pricing Opt,1,1,0.5,0.6,-0.025,-0,,8883.38,1436.69,-64.9278,7511.62,2841,1146,1695,56.832,410.484,964.456,,2.38616,11714,2842,0,0.242624,3.37699,2.15488,7.45441
Pricing Opt,1,1,0.5,0.8,-0,-0.25,,10456.4,1316.18,-189.814,9330.02,3314,282,3031,66.288,376.052,956.264,,2.38616,11708,3314,0,0.283069,2.58657,1.26243,6.87073
Pricing Opt,1,1,0.5,0.8,-0,-0,,10014.2,1233.97,0,8780.19,3458,88,3370,69.164,352.564,950.144,,2.38616,11715,3459,0,0.295252,3.10712,1.41353,6.93715
Pricing Opt,1,1,0.5,0.6,-0.025,-0.25,,8888.82,1425.07,-134.962,7598.71,2858,1141,1716,57.164,407.164,961.008,,2.38616,11728,2859,0,0.243767,3.39594,2.1546,7.44056
Pricing Opt,1,1,1,0.8,-0,-0,,17435,2352.04,0,15083,5573,767,4805,55.734,336.006,853.144,,2.38616,11729,5573,0,0.475183,1.35603,0.893215,6.85092
Pricing Opt,1,1,1.5,0.8,-0,-0,,21025.9,3165.27,0,17860.6,7616,1797,5818,50.7733,301.455,802.48,,2.38616,11723,7616,0,0.649697,1.02093,0.729373,7.08121