Full,1,1,0.5,0.4,-0,-0,,65481.5,15284.8,0,50196.6,49868,3852,46015,99.7374,436.71,908.252,,2.27691,231651,123380,49870,60838,0.897298,6.77418,7.14335,5.61106,6.62397,1.12772,0.701096,5.40771
Full,1,4,0.5,0.6,-0,-0,,88897.4,15489.4,0,73408,47257,6201,41055,94.5142,442.557,849.788,,2.22271,194538,123385,47258,62876,0.892612,6.67096,6.98196,5.62402,6.63036,0.879906,0.442916,5.01544
Full,1,4,0.5,0.8,-0,-0,,100865,14714.8,0,86150.3,42445,8297,34147,84.8913,420.423,831.293,,2.29542,196614,123371,42446,66736,0.884986,6.67058,6.72621,5.63656,6.65536,0.774015,0.39434,5.27552
Full,1,4,0.75,0.4,-0,-0,,86173.4,21041.1,0,65132.4,61879,7866,54013,82.5066,400.783,792.183,,2.21692,194975,123380,61881,50788,0.913194,6.3713,7.29982,5.56522,6.58362,0.523195,0.272567,5.09325
Full,1,4,0.75,0.6,-0,-0,,108246,19829.4,0,88416.9,55447,10460,44987,73.9306,377.704,773.526,,2.32907,197889,123385,55449,55936,0.90274,6.41428,7.09572,5.6049,6.64712,0.461364,0.238123,5.30546
Full,1,4,0.75,0.8,-0,-0,,120057,18456.6,0,101600,49447,13197,36250,65.9303,351.554,744.845,,2.47347,200660,123358,49448,60593,0.89205,6.45313,6.84373,5.63203,6.67627,0.425824,0.208177,5.38765
Full,1,1,0.75,0.4,-0,-0,,85099.2,20458.4,0,64640.8,61598,7149,54449,82.1318,389.684,828.634,,2.28551,231997,123369,61600,51119,0.913675,6.54739,7.23211,5.59373,6.63068,0.336077,0.233661,5.41888
Full,1,4,1,0.4,-0,-0,,95966.1,23668.3,0,72297.8,65757,10928,54829,65.7577,338.119,705.131,,2.36754,198469,123379,65759,47482,0.917835,6.26919,7.3736,5.50925,6.53938,0.330688,0.175531,5.11594
Full,1,4,1,0.6,-0,-0,,116286,21509.6,0,94776.3,58226,13036,45190,58.2268,307.281,665.085,,2.53404,201290,123369,58228,53371,0.904601,6.36351,7.15633,5.57594,6.61788,0.307806,0.151177,5.19981
Full,1,4,1,0.8,-0,-0,,125722,19482.9,0,106239,51214,14990,36224,51.2148,278.328,628.382,,2.77171,204607,123377,51215,58775,0.891501,6.43466,6.90587,5.61834,6.65646,0.320575,0.14076,5.2961
Full,1,4,1.25,0.4,-0,-0,,98408.2,24427.7,0,73980.5,66295,11781,54513,53.0361,279.174,615.308,,2.62775,202219,123369,66296,46712,0.916025,6.25246,7.42232,5.48079,6.51412,0.269423,0.135123,5.31578
Full,1,4,1.25,0.6,-0,-0,,117927,22069,0,95858.3,58369,13683,44686,46.6957,252.217,582.499,,2.95408,206202,123384,58370,52765,0.900735,6.37526,7.20787,5.556,6.59154,0.288371,0.121744,5.40459
Full,1,4,1.25,0.8,-0,-0,,126189,19850.2,0,106339,51040,15400,35640,40.8322,226.86,546.743,,3.26173,209630,123370,51041,58266,0.886011,6.46445,6.93499,5.60006,6.62635,0.306873,0.109396,5.39905
Full,0.8,1,0.5,0.4,-0,-0,,77822,18245.8,0,59576.2,59616,4920,54696,119.233,521.31,869.669,,1.67103,191529,123380,59618,53613,0.917748,6.53163,7.21447,5.62815,6.54286,0.455416,0.311395,3.90576
Full,0.8,1,0.5,0.6,-0,-0,,102433,17654.8,0,84777.8,55018,7078,47939,110.037,504.425,849.868,,1.67535,191802,123374,55020,57422,0.911395,6.55753,6.99606,5.67524,6.60033,0.263694,0.195292,3.98222
Full,0.8,1,0.5,0.8,-0,-0,,118774,17084,0,101690,50447,9725,40721,100.894,488.117,830.038,,1.67945,192059,123369,50448,61207,0.905048,6.55615,6.76403,5.70298,6.63108,0.15217,0.120951,4.06575
Full,0.8,1,0.75,0.4,-0,-0,,98442.3,24009.7,0,74432.6,70686,9937,60748,94.2483,457.329,779.996,,1.67981,192034,123362,70687,44327,0.932338,6.26624,7.25664,5.5687,6.50215,0.0538235,0.0425364,3.83322
Full,1,1,0.75,0.6,-0,-0,,109460,19781,0,89678.9,56343,9967,46376,75.1252,376.782,808.692,,2.29382,232379,123385,56346,55399,0.905666,6.52482,7.01662,5.63947,6.70634,0.185283,0.137522,5.52861
Full,0.8,1,0.75,0.6,-0,-0,,124657,22515.2,0,102142,64389,12969,51420,85.8532,428.862,738.454,,1.68274,192218,123363,64391,49581,0.923872,6.32978,7.06829,5.62753,6.58649,0.0266662,0.0213377,3.71571
Full,0.8,1,0.75,0.8,-0,-0,,139570,20745.3,0,118825,58290,15735,42554,77.7205,395.151,687.124,,1.68416,192312,123378,58291,54636,0.915294,6.37775,6.8391,5.68078,6.64456,0.0148396,0.011634,3.57977
Full,0.8,1,1,0.4,-0,-0,,105814,25603.6,0,80210.2,73683,12533,61149,73.6834,365.767,634.034,,1.68289,192180,123356,73684,41851,0.936609,6.20364,7.26804,5.51113,6.44868,0.0069506,0.0057792,3.49693
Full,0.8,1,1,0.6,-0,-0,,130676,23531.8,0,107145,66673,14980,51692,66.6733,336.169,586.867,,1.68438,192288,123382,66674,47664,0.926697,6.30873,7.08531,5.60499,6.57076,0.00334666,0.00269249,3.42111
Full,0.8,1,1,0.8,-0,-0,,144052,21302.8,0,122749,59872,17282,42589,59.8728,304.326,535.778,,1.68484,192339,123380,59873,53343,0.917625,6.36562,6.86276,5.66518,6.63369,0.00176948,0.00136354,3.30627
Full,0.8,1,1.25,0.4,-0,-0,,108093,26061.5,0,82031.8,74454,13422,61031,59.5634,297.847,519.474,,1.68413,192237,123392,74455,41233,0.937578,6.19288,7.27761,5.49503,6.43966,0.00103086,0.000854734,3.36944
Full,0.8,1,1.25,0.6,-0,-0,,132226,23673.1,0,108553,67186,15644,51541,53.7491,270.55,475.112,,1.68448,192290,123378,67187,47241,0.927463,6.30453,7.08866,5.59488,6.54619,0.000532671,0.00041972,3.27006
Full,0.8,1,1.25,0.8,-0,-0,,144910,21200.8,0,123709,60151,17689,42462,48.121,242.295,429.087,,1.68419,192306,123375,60152,53137,0.918252,6.36297,6.86889,5.66576,6.63225,0.000210739,0.00016425,3.12061
Full,0.8,2,0.5,0.4,-0,-0,,78193.5,18334.5,0,59859,59792,4989,54802,119.585,523.844,857.679,,1.63475,181505,123375,59793,53411,0.917563,6.51641,7.2396,5.62596,6.54154,0.467601,0.305578,3.83037
Full,0.8,2,0.5,0.6,-0,-0,,102767,17716.6,0,85050,55127,7101,48025,110.254,506.19,839.746,,1.64457,182111,123374,55128,57347,0.91166,6.55007,7.02309,5.67252,6.59893,0.282943,0.198014,3.92683
Full,1,1,0.75,0.8,-0,-0,,124743,19024.5,0,105719,51443,13324,38119,68.5919,362.373,783.216,,2.29987,232669,123383,51445,59405,0.898431,6.51162,6.77874,5.66685,6.74444,0.0973401,0.0735589,5.49853
Full,0.8,2,0.5,0.8,-0,-0,,118610,17070.6,0,101539,50353,9713,40639,100.706,487.732,819.669,,1.65535,182718,123377,50354,61293,0.90493,6.54774,6.77889,5.70475,6.64204,0.173599,0.131012,4.04112
Full,0.8,2,0.75,0.4,-0,-0,,98278.9,23994.4,0,74284.5,70530,9890,60640,94.0411,457.038,771.148,,1.65383,182591,123381,70532,44452,0.931948,6.26043,7.27979,5.55947,6.5015,0.0651357,0.0498757,3.80351
Full,0.8,2,0.75,0.6,-0,-0,,124277,22444.1,0,101833,64181,12907,51274,85.575,427.508,730.98,,1.66271,183048,123377,64182,49733,0.923312,6.33594,7.07483,5.63197,6.59286,0.0334884,0.0255994,3.70258
Full,0.8,2,0.75,0.8,-0,-0,,138961,20658.2,0,118303,57998,15617,42381,77.3311,393.491,681.738,,1.66814,183319,123384,57999,54904,0.915059,6.38313,6.85005,5.67654,6.63481,0.0198878,0.0153436,3.59145
Full,0.8,2,1,0.4,-0,-0,,105516,25597.7,0,79918.8,73490,12404,61085,73.4904,365.682,629.824,,1.6632,182981,123366,73492,42005,0.936217,6.20768,7.2878,5.51297,6.45423,0.00967395,0.00795567,3.51713
Full,0.8,2,1,0.6,-0,-0,,130256,23437.7,0,106818,66463,14859,51603,66.4632,334.826,583.269,,1.66832,183247,123356,66465,47860,0.926796,6.30192,7.09637,5.60452,6.56219,0.00541846,0.00422357,3.43741
Full,0.8,2,1,0.8,-0,-0,,143667,21243.6,0,122423,59675,17090,42584,59.6757,303.48,534.01,,1.67099,183401,123362,59676,53469,0.917189,6.36752,6.87678,5.66658,6.63577,0.00314715,0.00237747,3.3301
Full,0.8,2,1.25,0.4,-0,-0,,107844,26045.4,0,81798.1,74348,13268,61079,59.4788,297.662,517.783,,1.66735,183124,123375,74350,41296,0.937352,6.18796,7.29642,5.49225,6.43754,0.00179161,0.00146442,3.38957
Full,0.8,2,1.25,0.6,-0,-0,,132106,23686.4,0,108420,67128,15487,51641,53.7031,270.703,475.054,,1.67025,183310,123380,67130,47316,0.92759,6.30118,7.10451,5.5943,6.55964,0.00102674,0.000824072,3.30231
Full,0.8,2,1.25,0.8,-0,-0,,144821,21277.3,0,123543,60052,17622,42430,48.0418,243.17,430.797,,1.67087,183390,123372,60053,53183,0.917837,6.36718,6.88242,5.66481,6.63358,0.000379662,0.000303065,3.16853
Full,1,1,1,0.4,-0,-0,,99490.9,24381.4,0,75109.5,68260,11218,57041,68.2604,348.306,748.045,,2.29618,232424,123385,68262,45632,0.923083,6.3151,7.31263,5.5347,6.5976,0.0643994,0.048466,5.13184
Full,0.8,4,0.5,0.4,-0,-0,,78229.4,18421.3,0,59808.1,59545,5200,54344,119.091,526.326,836.531,,1.67359,161946,123378,59546,53597,0.91705,6.4449,7.27786,5.62013,6.53581,0.55987,0.30744,3.74546
Full,0.8,4,0.5,0.6,-0,-0,,101860,17663.9,0,84195.6,54506,7200,47305,109.012,504.684,819.876,,1.70383,163480,123378,54507,57738,0.909775,6.52754,7.05253,5.66107,6.5949,0.404883,0.229137,3.89942
Full,0.8,4,0.5,0.8,-0,-0,,116361,16850.9,0,99509.8,49271,9715,39556,98.5437,481.455,802.157,,1.74898,165296,123386,49272,62032,0.90209,6.53561,6.81275,5.6829,6.6369,0.322033,0.185747,4.08006
Full,0.8,4,0.75,0.4,-0,-0,,96447.2,23581.2,0,72866,69058,9734,59324,92.0783,449.167,752.161,,1.72113,164507,123386,69060,45601,0.929284,6.25575,7.31052,5.55478,6.49887,0.165023,0.10285,3.85549
Full,0.8,4,0.75,0.6,-0,-0,,121047,21916.6,0,99130.2,62371,12505,49866,83.1619,417.46,715.772,,1.76853,166083,123369,62372,51087,0.91968,6.32999,7.11415,5.62029,6.58159,0.134215,0.085042,3.84417
Full,0.8,4,0.75,0.8,-0,-0,,133836,20028.7,0,113807,55696,15019,40676,74.2619,381.5,672.53,,1.83854,167808,123379,55697,56565,0.9099,6.3921,6.87852,5.66231,6.63686,0.128344,0.0793886,3.85135
Full,0.8,4,1,0.4,-0,-0,,103099,25057.6,0,78041.3,71590,12039,59551,71.5906,357.967,623.811,,1.7904,166302,123368,71592,43453,0.932534,6.20715,7.33889,5.50666,6.45946,0.0735137,0.0493326,3.72821
Full,0.8,4,1,0.6,-0,-0,,126090,22872.8,0,103217,64061,14259,49801,64.0617,326.756,584.563,,1.86657,168071,123380,64062,49564,0.920947,6.30842,7.14899,5.59128,6.57727,0.0642975,0.0414813,3.78176
Full,0.8,4,1,0.8,-0,-0,,137817,20663.3,0,117153,56961,16339,40621,56.9612,295.191,544.56,,1.96891,169932,123376,56962,55354,0.910352,6.38048,6.9158,5.65031,6.64227,0.0640788,0.03882,3.78699
Full,0.8,4,1.25,0.4,-0,-0,,105562,25643.1,0,79919,72358,12864,59493,57.8866,293.064,527.236,,1.87627,168012,123391,72359,42740,0.932802,6.20574,7.3672,5.49406,6.4639,0.036619,0.0246176,3.74567
Full,1,1,1,0.6,-0,-0,,123206,22504.7,0,100701,61716,13900,47816,61.7167,321.496,695.995,,2.29886,232580,123375,61718,50962,0.913314,6.38978,7.09766,5.61222,6.68592,0.0327128,0.0245646,4.94444
Full,0.8,4,1.25,0.6,-0,-0,,127783,23151.2,0,104632,64476,14821,49655,51.5813,264.586,491.514,,1.99746,170026,123364,64477,49102,0.920685,6.32528,7.17191,5.58369,6.56412,0.0378562,0.0233067,3.7788
Full,0.8,4,1.25,0.8,-0,-0,,138901,20866,0,118035,57199,16736,40463,45.76,238.469,456.667,,2.1345,171950,123377,57200,54943,0.908951,6.38856,6.93203,5.64249,6.63257,0.0364873,0.0207683,3.79052
Full,1.2,1,0.5,0.4,-0,-0,,52443.8,12712.9,0,39730.9,38145,4090,34055,76.2919,363.226,941.486,,3.08382,274374,123378,38148,69070,0.86903,6.48289,7.12676,5.5275,6.6471,2.37892,1.31459,7.72827
Full,1.2,1,0.5,0.6,-0,-0,,68177.5,12248.4,0,55929.1,35236,5588,29648,70.4722,349.956,923.196,,3.08968,274587,123361,35238,71356,0.864087,6.54162,6.88658,5.54436,6.6727,2.12225,1.32901,7.93811
Full,1.2,1,0.5,0.8,-0,-0,,78279.5,11845,0,66434.6,32285,7271,25013,64.5704,338.428,904.173,,3.09506,274820,123354,32287,73768,0.859766,6.61441,6.62694,5.55766,6.69073,1.85398,1.31455,8.17251
Full,1.2,1,0.75,0.4,-0,-0,,70223.8,17213.2,0,53010.6,48763,6667,42095,65.0177,327.871,869.659,,3.09689,274705,123373,48766,60419,0.885004,6.50705,7.26888,5.51655,6.64083,1.24278,0.825125,7.77837
Full,1.2,1,0.75,0.6,-0,-0,,89756.9,16620.2,0,73136.7,44904,8920,35983,59.8722,316.575,847.833,,3.10346,275007,123365,44906,63508,0.878808,6.52412,7.02412,5.56207,6.69029,0.855112,0.563347,7.86123
Full,1.2,1,0.75,0.8,-0,-0,,102088,16039,0,86048.5,41282,11429,29853,55.0428,305.505,824.961,,3.10847,275247,123371,41284,66358,0.872508,6.52196,6.76225,5.58831,6.73349,0.625416,0.430566,7.93276
Full,1.2,1,1,0.4,-0,-0,,85073.3,21168.7,0,63904.6,56953,9473,47479,56.953,302.411,810.099,,3.10869,275076,123388,56955,53789,0.897534,6.34543,7.38738,5.50121,6.64332,0.536447,0.349603,7.68214
Full,1.2,1,1,0.6,-0,-0,,107590,20359.4,0,87230.5,52455,12453,40002,52.4559,290.849,782.662,,3.11528,275357,123364,52458,57328,0.889944,6.40032,7.15505,5.55496,6.69727,0.343085,0.238676,7.51412
Full,1,1,1,0.8,-0,-0,,135706,20548.9,0,115157,55408,16298,39110,55.4081,293.557,640.316,,2.30014,232673,123376,55409,56107,0.903868,6.4515,6.84547,5.66056,6.73673,0.0171874,0.0128044,4.77164
Full,1.2,1,1,0.8,-0,-0,,119820,19000.2,0,100820,47745,15231,32513,47.7456,271.431,731.402,,3.1165,275445,123381,47747,61099,0.882198,6.47601,6.86966,5.59391,6.74613,0.160344,0.114688,7.05006
Full,1.2,1,1.25,0.4,-0,-0,,95956.7,23957.1,0,71999.6,62310,11977,50332,49.8484,273.796,731.534,,3.11619,275294,123368,62312,49473,0.906111,6.29189,7.46804,5.47174,6.61291,0.186959,0.132306,7.13832
Full,1.2,1,1.25,0.6,-0,-0,,116092,21881.9,0,94210.5,55833,14372,41460,44.6665,250.079,671.549,,3.11839,275410,123371,55835,54632,0.895408,6.39157,7.2163,5.54364,6.69096,0.0718112,0.0520767,6.85071
Full,1.2,1,1.25,0.8,-0,-0,,125544,19812.7,0,105731,49801,16500,33300,39.8411,226.431,611.114,,3.11805,275451,123376,49803,59449,0.885522,6.4528,6.91089,5.59375,6.75271,0.0320476,0.0234787,6.57069
Full,1.2,2,0.5,0.4,-0,-0,,53854.8,12986.2,0,40868.6,39445,4077,35367,78.8907,371.035,925.859,,2.95516,259328,123368,39448,68109,0.871839,6.48427,7.13776,5.53026,6.6389,2.24973,1.22054,7.28281
Full,1.2,2,0.5,0.6,-0,-0,,69830.6,12487.6,0,57343,36243,5519,30723,72.4874,356.789,908.19,,2.97145,259892,123382,36245,70640,0.866295,6.5584,6.91474,5.54883,6.66382,1.9997,1.2216,7.53637
Full,1.2,2,0.5,0.8,-0,-0,,79814.5,12044.4,0,67770.1,33019,7268,25750,66.0389,344.126,890.822,,2.98794,260484,123358,33020,73223,0.861259,6.62573,6.63666,5.55924,6.67878,1.71482,1.1509,7.81588
Full,1.2,2,0.75,0.4,-0,-0,,71032.7,17416.5,0,53616.2,49623,6646,42976,66.1647,331.745,855.018,,2.98695,260175,123384,49626,59790,0.886797,6.46887,7.27935,5.51755,6.63494,1.16837,0.718248,7.46395
Full,1.2,2,0.75,0.6,-0,-0,,90585.6,16746.7,0,73838.9,45479,8882,36597,60.6396,318.986,834.942,,3.00551,260891,123379,45482,63012,0.879352,6.50421,7.03987,5.55964,6.68679,0.872288,0.528948,7.59099
Full,1.2,2,0.75,0.8,-0,-0,,102604,16092.5,0,86511.9,41615,11424,30191,55.4879,306.525,813.357,,3.02163,261528,123385,41617,66117,0.873159,6.48548,6.77133,5.5875,6.72369,0.689116,0.430451,7.72535
Full,1,1,1.25,0.4,-0,-0,,104511,25463.5,0,79047.1,70510,12676,57834,56.4086,291.012,629.75,,2.29852,232496,123369,70513,43812,0.926696,6.26574,7.3421,5.50735,6.57031,0.0149959,0.0115876,4.82499
Full,1.2,2,1,0.4,-0,-0,,85314.7,21299,0,64015.7,57298,9458,47839,57.2982,304.272,798.878,,3.01977,261147,123374,57300,53514,0.8982,6.32989,7.39606,5.49629,6.61069,0.594786,0.353586,7.49357
Full,1.2,2,1,0.6,-0,-0,,107305,20332.5,0,86972.2,52425,12387,40038,52.4255,290.465,770.297,,3.03861,261808,123373,52427,57363,0.889907,6.38909,7.16304,5.55111,6.69443,0.420842,0.262639,7.3525
Full,1.2,2,1,0.8,-0,-0,,118970,18888.3,0,100081,47537,15014,32523,47.5378,269.833,721.563,,3.04999,262124,123372,47538,61207,0.881444,6.44286,6.87688,5.59638,6.73815,0.280199,0.184554,6.98687
Full,1.2,2,1.25,0.4,-0,-0,,95116,23817.9,0,71298.1,62061,11748,50313,49.6495,272.205,719.44,,3.04363,261712,123372,62064,49612,0.905207,6.27394,7.47157,5.471,6.58784,0.294907,0.190393,7.0489
Full,1.2,2,1.25,0.6,-0,-0,,114948,21748.5,0,93199.5,55474,14078,41396,44.3795,248.554,663.933,,3.06147,262134,123372,55476,54868,0.894402,6.3811,7.21426,5.53746,6.69098,0.155712,0.104211,6.83771
Full,1.2,2,1.25,0.8,-0,-0,,124241,19704.8,0,104536,49378,16120,33257,39.5027,225.198,608.364,,3.07325,262422,123377,49379,59720,0.88428,6.45634,6.90988,5.59247,6.73717,0.0814751,0.0554558,6.63218
Full,1.2,4,0.5,0.4,-0,-0,,57009.9,13676,0,43333.9,42356,3995,38361,84.7134,390.743,891.059,,3.09911,228701,123372,42358,65328,0.872864,6.54907,7.18133,5.53186,6.59154,1.93978,0.926507,6.34235
Full,1.2,4,0.5,0.6,-0,-0,,73081,13045,0,60036,38228,5477,32751,76.4576,372.716,875.949,,3.17946,230715,123381,38230,68539,0.865364,6.63807,6.95683,5.54823,6.6012,1.72124,0.857167,6.6562
Full,1.2,4,0.5,0.8,-0,-0,,82130.7,12407.8,0,69723,34127,7240,26886,68.2542,354.508,859.92,,3.28019,232852,123363,34128,71726,0.858074,6.66926,6.68382,5.55386,6.62089,1.54571,0.78089,6.99463
Full,1.2,4,0.75,0.4,-0,-0,,71768.4,17718.4,0,54050,50611,6568,44042,67.4819,337.494,822.723,,3.22597,231856,123363,50612,58430,0.883917,6.44455,7.31027,5.51148,6.56748,1.20565,0.550526,6.84737
Full,1,1,0.5,0.6,-0,-0,,86197.1,14842.1,0,71355,45873,5592,40281,91.7467,424.06,891.298,,2.28262,231942,123366,45874,64071,0.891218,6.88215,6.9073,5.63273,6.66855,0.789174,0.517266,5.55072
Full,1,1,1.25,0.6,-0,-0,,127309,23157,0,104152,63294,15057,48236,50.6358,264.652,576.388,,2.29947,232603,123368,63296,49700,0.915925,6.37621,7.11862,5.60322,6.67403,0.0068228,0.00512826,4.65645
Full,1.2,4,0.75,0.6,-0,-0,,89426.5,16713.3,0,72713.2,45128,8654,36474,60.1714,318.349,806.274,,3.43628,235331,123390,45129,62533,0.872544,6.46673,7.08288,5.54286,6.60468,1.09667,0.485309,7.18044
Full,1.2,4,0.75,0.8,-0,-0,,98799.2,15734.1,0,83065.1,40163,10816,29346,53.5507,299.698,788.078,,3.64406,238493,123367,40164,66181,0.862028,6.47799,6.82372,5.55946,6.62887,1.02102,0.438116,7.45645
Full,1.2,4,1,0.4,-0,-0,,81672.1,20745.1,0,60927,55049,9013,46036,55.0498,296.359,772.859,,3.59825,237497,123377,55051,54291,0.886244,6.29178,7.43939,5.46809,6.53601,0.916443,0.380676,7.37788
Full,1.2,4,1,0.6,-0,-0,,99702.6,19316.2,0,80386.4,48879,11229,37650,48.8796,275.946,747.121,,3.88143,241225,123369,48880,58745,0.872392,6.40113,7.19985,5.51859,6.57808,0.840449,0.305086,7.37485
Full,1.2,4,1,0.8,-0,-0,,107418,17618.9,0,89798.7,42972,13131,29841,42.9723,251.698,707.836,,4.18542,244418,123374,42973,63028,0.859185,6.47392,6.90686,5.5404,6.60741,0.811209,0.269515,7.22823
Full,1.2,4,1.25,0.4,-0,-0,,85895.3,22205,0,63690.3,56326,10253,46072,45.061,253.772,704.342,,4.12839,243383,123382,56328,52531,0.882289,6.30682,7.51697,5.43379,6.48916,0.815199,0.281675,7.43323
Full,1.2,4,1.25,0.6,-0,-0,,101955,20120.1,0,81834.7,49323,11955,37368,39.4591,229.945,664.703,,4.4908,247056,123380,49325,57463,0.865522,6.41906,7.25586,5.49252,6.54201,0.789719,0.240767,7.32281
Full,1.2,4,1.25,0.8,-0,-0,,107143,18116.2,0,89027.3,42530,13365,29164,34.0242,207.043,625.652,,4.88728,251044,123371,42531,62221,0.849087,6.49242,6.94974,5.52348,6.56457,0.814147,0.21353,7.19719
Pool,1,1,0.5,0.4,-0,-0,,59655.6,14754.5,0,44901.1,50300,0,50300,100.6,421.558,880.782,,2.27304,231445,123376,50302,60441,0.897603,0,7.15655,5.6107,6.62889,0.898603,0.519911,5.3379
Pool,1,1,0.5,0.6,-0,-0,,80643.5,13958.1,0,66685.3,46220,0,46220,92.4408,398.805,847.265,,2.27772,231672,123369,46222,63795,0.891773,0,6.93624,5.64708,6.67577,0.50225,0.29005,5.43904
Full,1,1,1.25,0.8,-0,-0,,138654,20857.5,0,117797,56461,17213,39248,45.1694,238.372,522.261,,2.29936,232649,123391,56463,55284,0.905643,6.44551,6.85403,5.6554,6.74588,0.00335324,0.00253047,4.47884
Pool,1,1,0.5,0.8,-0,-0,,94878.6,13069.8,0,81808.9,41565,0,41565,83.13,373.423,807.539,,2.28313,231900,123378,41566,67599,0.884811,0,6.72474,5.65929,6.7167,0.213145,0.124116,5.58102
Pool,1,1,0.75,0.4,-0,-0,,72859.1,19590.7,0,53268.4,60871,0,60871,81.162,373.158,796.835,,2.2824,231786,123376,60873,51777,0.913067,0,7.24355,5.54769,6.58724,0.187263,0.119164,5.39203
Pool,1,1,0.75,0.6,-0,-0,,95011.6,17861.1,0,77150.5,53847,0,53847,71.7971,340.212,733.43,,2.28629,231980,123380,53850,57552,0.902927,0,7.04639,5.57771,6.63608,0.0577755,0.0358711,5.20299
Pool,1,1,0.75,0.8,-0,-0,,105660,15154.4,0,90505.5,45841,0,45841,61.1221,288.656,629.864,,2.28631,232012,123393,45843,64152,0.891423,0,6.81992,5.61668,6.67802,0.014935,0.00884317,5.03468
Pool,1,1,1,0.4,-0,-0,,77404.6,21741.6,0,55662.9,64401,0,64401,64.4018,310.595,667.549,,2.28691,231965,123377,64403,48929,0.91859,0,7.28397,5.47003,6.51528,0.0271784,0.0186934,5.03584
Pool,1,1,1,0.6,-0,-0,,98341.8,18692.1,0,79649.7,55524,0,55524,55.5242,267.03,578.345,,2.28703,232006,123374,55525,56170,0.905341,0,7.08454,5.55238,6.60033,0.00771015,0.00502902,4.91625
Pool,1,1,1,0.8,-0,-0,,107071,15360.1,0,91710.9,46397,0,46397,46.3979,219.43,479.82,,2.28565,232000,123377,46399,63703,0.892411,0,6.83093,5.61479,6.6847,0.00190245,0.00120432,4.77399
Pool,1,1,1.25,0.4,-0,-0,,78744.6,22305,0,56439.6,65403,0,65403,52.3226,254.915,549.464,,2.28819,232009,123368,65405,48161,0.920546,0,7.30117,5.44093,6.49412,0.00559202,0.00406757,4.879
Pool,1,1,1.25,0.6,-0,-0,,99056.8,18829.4,0,80227.3,55905,0,55905,44.7243,215.194,466.64,,2.28641,231993,123366,55907,55904,0.906337,0,7.08773,5.54374,6.59695,0.0018877,0.00130787,4.72619
Pool,1,1,1.25,0.8,-0,-0,,107451,15287.6,0,92163.5,46546,0,46546,37.2376,174.715,382.277,,2.28426,231949,123384,46549,63589,0.892646,0,6.83488,5.60729,6.68052,0.00086786,0.00053449,4.5939
Full,1,2,0.5,0.4,-0,-0,,66532.8,15568.9,0,50963.9,50648,3989,46659,101.298,444.827,895.635,,2.18717,218824,123381,50650,60170,0.898199,6.71952,7.16284,5.60754,6.61989,1.08717,0.650139,5.19831
Pool,1,2,0.5,0.4,-0,-0,,60431.1,15013.1,0,45418,51006,0,51006,102.014,428.948,867.634,,2.1787,218402,123361,51009,59928,0.899287,0,7.1672,5.60955,6.61633,0.876018,0.485041,5.12864
Pool,1,2,0.5,0.6,-0,-0,,81538.4,14172.1,0,67366.4,46739,0,46739,93.4787,404.918,836.525,,2.18942,218900,123377,46741,63407,0.892778,0,6.95408,5.64192,6.66081,0.523575,0.28696,5.27362
Pool,1,2,0.5,0.8,-0,-0,,95543.7,13249.4,0,82294.3,41837,0,41837,83.6742,378.555,798.029,,2.20367,219458,123375,41838,67431,0.885671,0,6.74745,5.65011,6.6921,0.244718,0.135586,5.43624
Pool,1,2,0.75,0.4,-0,-0,,73091.6,19798.2,0,53293.4,61080,0,61080,81.4408,377.11,785.929,,2.20007,219206,123371,61082,51669,0.913932,0,7.25841,5.53677,6.56097,0.222756,0.134414,5.2464
Pool,1,2,0.75,0.6,-0,-0,,94902.4,17895.8,0,77006.6,53792,0,53792,71.7233,340.872,720.094,,2.21137,219634,123367,53794,57618,0.903092,0,7.06097,5.56822,6.6197,0.0794262,0.0471033,5.10121
Pool,1,2,0.75,0.8,-0,-0,,105517,15185.8,0,90331.7,45781,0,45781,61.042,289.254,619.831,,2.21448,219758,123358,45783,64222,0.891754,0,6.83392,5.61416,6.66656,0.02115,0.0121905,4.9357
Pool,1,2,1,0.4,-0,-0,,77186.1,21769.2,0,55416.9,64242,0,64242,64.2427,310.99,655.542,,2.21416,219640,123370,64244,49085,0.918616,0,7.29541,5.45834,6.49691,0.0407073,0.0264015,4.95606
Pool,1,2,1,0.6,-0,-0,,98304.6,18725.8,0,79578.8,55485,0,55485,55.4859,267.512,569.674,,2.21576,219746,123361,55487,56253,0.905801,0,7.10147,5.54247,6.59085,0.0115161,0.00723333,4.83397
Pool,1,2,1,0.8,-0,-0,,107400,15444.9,0,91954.8,46514,0,46514,46.514,220.642,474.343,,2.21378,219723,123374,46515,63637,0.89283,0,6.85049,5.60023,6.65112,0.00221147,0.00141202,4.67871
Pool,1,2,1.25,0.4,-0,-0,,78577.7,22316.8,0,56261,65284,0,65284,52.2273,255.049,541.215,,2.21852,219766,123377,65286,48324,0.920839,0,7.31101,5.43412,6.48693,0.00818979,0.005641,4.79974
Full,1,2,0.5,0.6,-0,-0,,87172.4,15055.7,0,72116.7,46417,5747,40669,92.8356,430.164,878.921,,2.20145,219510,123364,46419,63652,0.89226,6.81341,6.92525,5.6329,6.65731,0.799752,0.496024,5.37204
Pool,1,2,1.25,0.6,-0,-0,,99146.1,18895.1,0,80251,55990,0,55990,44.792,215.944,460.779,,2.21429,219705,123376,55991,55866,0.906643,0,7.09411,5.53815,6.5846,0.00207723,0.00144093,4.65584
Pool,1,2,1.25,0.8,-0,-0,,107655,15345.8,0,92309.5,46628,0,46628,37.3031,175.381,376.938,,2.20857,219579,123365,46629,63570,0.893286,0,6.85033,5.60189,6.65044,0.00107161,0.000669101,4.4836
Pool,1,4,0.5,0.4,-0,-0,,62330.1,15708.8,0,46621.3,52608,0,52608,105.217,448.824,838.02,,2.11872,191187,123381,52610,58647,0.901744,0,7.22148,5.5914,6.58565,0.865963,0.406042,4.71858
Pool,1,4,0.5,0.6,-0,-0,,83360.8,14726.2,0,68634.6,47739,0,47739,95.478,420.75,809.607,,2.14847,192490,123359,47740,62587,0.894357,0,7.01229,5.62938,6.63235,0.596178,0.27372,4.9356
Pool,1,4,0.5,0.8,-0,-0,,96270.2,13585.5,0,82684.6,42061,0,42061,84.1233,388.16,773.338,,2.21328,194389,123378,42062,67226,0.885808,0,6.8113,5.63671,6.64544,0.36689,0.160218,5.16365
Pool,1,4,0.75,0.4,-0,-0,,73006.1,20137.8,0,52868.3,61011,0,61011,81.3492,383.578,753.538,,2.16124,193204,123371,61013,51706,0.91367,0,7.29998,5.50433,6.51777,0.331592,0.165473,4.9424
Pool,1,4,0.75,0.6,-0,-0,,93515.3,17759.3,0,75756,52996,0,52996,70.6626,338.274,686.79,,2.25421,195094,123373,52999,58178,0.901142,0,7.09715,5.55324,6.57421,0.206803,0.0985453,4.97894
Pool,1,4,0.75,0.8,-0,-0,,103229,15044.6,0,88184.5,44723,0,44723,59.6309,286.564,602.172,,2.38031,196833,123381,44724,64777,0.887511,0,6.87594,5.59133,6.61756,0.0957508,0.0400102,4.99291
Pool,1,4,1,0.4,-0,-0,,75785.9,21506.7,0,54279.2,62991,0,62991,62.9917,307.239,629.402,,2.28254,195499,123384,62993,50012,0.915889,0,7.33952,5.4487,6.47756,0.152578,0.0794897,4.96386
Pool,1,4,1,0.6,-0,-0,,95594,18439.6,0,77154.4,53800,0,53800,53.8006,263.423,557.505,,2.43453,197563,123367,53802,57304,0.900623,0,7.15311,5.52296,6.55271,0.076437,0.0344041,4.99465
Full,1,2,0.5,0.8,-0,-0,,100421,14504.1,0,85916.6,42260,7933,34327,84.5211,414.405,859.381,,2.21514,220137,123373,42261,67042,0.885964,6.79065,6.66518,5.64746,6.67819,0.604895,0.396583,5.53365
Pool,1,4,1,0.8,-0,-0,,104729,15333.1,0,89395.9,45175,0,45175,45.1752,219.044,473.543,,2.53911,198464,123373,45176,64272,0.887133,0,6.90891,5.58192,6.6108,0.0302885,0.0109411,4.88315
Pool,1,4,1.25,0.4,-0,-0,,76893.9,22075.2,0,54818.7,63630,0,63630,50.9047,252.288,533.12,,2.41677,197339,123386,63633,49356,0.915735,0,7.37298,5.41311,6.43675,0.0670304,0.0338214,4.99548
Pool,1,4,1.25,0.6,-0,-0,,96769.8,18759.8,0,78010,54290,0,54290,43.4327,214.398,464.145,,2.55949,198840,123394,54292,56787,0.900204,0,7.1754,5.51218,6.53653,0.0317826,0.0125896,4.94166
Pool,1,4,1.25,0.8,-0,-0,,105651,15477.5,0,90173.3,45487,0,45487,36.3896,176.887,387.974,,2.59949,199007,123371,45488,63952,0.887084,0,6.92063,5.5766,6.60443,0.0112188,0.00240414,4.70569
Pool,0.8,1,0.5,0.4,-0,-0,,70122.6,17585.6,0,52537,59578,0,59578,119.157,502.447,839.264,,1.66829,191341,123371,59580,53655,0.917848,0,7.22686,5.61233,6.51552,0.345208,0.220731,3.85276
Pool,0.8,1,0.5,0.6,-0,-0,,94482.2,16689.1,0,77793.1,54454,0,54454,108.91,476.832,807.41,,1.67224,191576,123383,54457,57912,0.910731,0,7.02995,5.64867,6.58251,0.147714,0.0979599,3.93238
Pool,0.8,1,0.5,0.8,-0,-0,,109202,15367.1,0,93834.7,48134,0,48134,96.2688,439.062,753.685,,1.67551,191770,123401,48135,63273,0.902816,0,6.81462,5.65876,6.61652,0.0503708,0.0324989,3.89595
Pool,0.8,1,0.75,0.4,-0,-0,,79540.4,21992.3,0,57548.2,67502,0,67502,90.0028,418.901,715.09,,1.67526,191720,123377,67504,47115,0.929013,0,7.2293,5.48896,6.43559,0.0313496,0.0233266,3.70157
Pool,0.8,1,0.75,0.6,-0,-0,,102464,19293,0,83170.7,58899,0,58899,78.5327,367.488,633.881,,1.67664,191797,123367,58901,54261,0.917287,0,7.05159,5.56424,6.51416,0.00945436,0.00687246,3.66959
Pool,0.8,1,0.75,0.8,-0,-0,,113967,16289.8,0,97677.6,50053,0,50053,66.7383,310.283,540.322,,1.6767,191815,123378,50055,61649,0.905382,0,6.84922,5.62721,6.57809,0.00244126,0.00171411,3.6063
Full,1,2,0.75,0.4,-0,-0,,85519.8,20651,0,64868.8,61869,7294,54574,82.4931,393.354,817.551,,2.20851,219692,123363,61871,50925,0.91434,6.48209,7.25342,5.58836,6.62069,0.37642,0.246676,5.30033
Pool,0.8,1,1,0.4,-0,-0,,80980.3,22834.3,0,58146,68648,0,68648,68.6484,326.205,561.628,,1.67743,191820,123368,68650,46174,0.930742,0,7.23876,5.44651,6.38284,0.00287561,0.00229685,3.58218
Pool,0.8,1,1,0.6,-0,-0,,103394,19644.5,0,83749.6,59420,0,59420,59.4206,280.636,486.76,,1.67753,191839,123396,59422,53893,0.91831,0,7.05308,5.54528,6.50216,0.000879445,0.000698726,3.53052
Pool,0.8,1,1,0.8,-0,-0,,114001,16248.7,0,97752.1,50091,0,50091,50.0916,232.124,405.768,,1.67637,191798,123382,50092,61601,0.905265,0,6.84419,5.61997,6.5747,0.000451928,0.000321803,3.46673
Pool,0.8,1,1.25,0.4,-0,-0,,81029.9,22957.7,0,58072.2,68743,0,68743,54.9948,262.374,453.404,,1.67792,191844,123368,68745,46105,0.930958,0,7.23004,5.433,6.37108,0.000584915,0.000477707,3.47463
Pool,0.8,1,1.25,0.6,-0,-0,,103557,19581.1,0,83976.2,59504,0,59504,47.6039,223.785,389.042,,1.67708,191817,123377,59506,53802,0.918389,0,7.05473,5.5447,6.48233,0.000324856,0.000257451,3.43023
Pool,0.8,1,1.25,0.8,-0,-0,,114210,16188.7,0,98020.9,50176,0,50176,40.1414,185.014,324.164,,1.67601,191782,123390,50177,61564,0.905601,0,6.84583,5.61932,6.57561,9.79005e-05,7.01505e-05,3.39205
Pool,0.8,2,0.5,0.4,-0,-0,,70456.6,17694.3,0,52762.2,59818,0,59818,119.637,505.554,828.63,,1.62842,181103,123377,59820,53471,0.918259,0,7.24422,5.61385,6.53037,0.356715,0.218337,3.77688
Pool,0.8,2,0.5,0.6,-0,-0,,94736.5,16765.9,0,77970.5,54526,0,54526,109.054,479.028,797.906,,1.6375,181624,123365,54528,57885,0.91122,0,7.05212,5.64818,6.58107,0.165457,0.103553,3.87374
Pool,0.8,2,0.5,0.8,-0,-0,,109042,15353.9,0,93687.9,48007,0,48007,96.0146,438.685,744.24,,1.64608,182063,123388,48008,63323,0.902295,0,6.83203,5.65869,6.60911,0.0600424,0.0371333,3.85993
Pool,0.8,2,0.75,0.4,-0,-0,,79409.8,21987.4,0,57422.3,67317,0,67317,89.7565,418.809,705.92,,1.64411,181937,123386,67319,47277,0.928758,0,7.24656,5.48856,6.42134,0.0383575,0.0275279,3.66979
Full,1,2,0.75,0.6,-0,-0,,109587,19869.4,0,89717.5,56375,10127,46248,75.1679,378.466,798.487,,2.22921,220560,123387,56377,55408,0.905972,6.47571,7.03996,5.63202,6.68047,0.24434,0.170211,5.43855
Pool,0.8,2,0.75,0.6,-0,-0,,102409,19295.5,0,83113.9,58777,0,58777,78.3703,367.535,627.366,,1.64841,182143,123386,58779,54390,0.9172,0,7.07235,5.56932,6.51251,0.0125638,0.00886569,3.63401
Pool,0.8,2,0.75,0.8,-0,-0,,113910,16284,0,97626.4,50019,0,50019,66.6932,310.172,536.234,,1.64981,182190,123386,50021,61694,0.905414,0,6.85389,5.62355,6.58093,0.0038283,0.00252291,3.59432
Pool,0.8,2,1,0.4,-0,-0,,81017.6,22827.9,0,58189.8,68633,0,68633,68.6331,326.114,557.223,,1.65023,182171,123386,68635,46185,0.930576,0,7.24957,5.44918,6.38374,0.00413756,0.00316863,3.55386
Pool,0.8,2,1,0.6,-0,-0,,103487,19657.9,0,83829.3,59367,0,59367,59.3677,280.828,483.826,,1.65152,182244,123384,59369,53931,0.918273,0,7.07515,5.54428,6.49447,0.00139693,0.00102343,3.52736
Pool,0.8,2,1,0.8,-0,-0,,114248,16314.4,0,97933.6,50139,0,50139,50.14,233.063,404.742,,1.65015,182186,123376,50141,61602,0.905709,0,6.85978,5.61676,6.56967,0.000531056,0.000386908,3.44704
Pool,0.8,2,1.25,0.4,-0,-0,,81175.7,23008.8,0,58166.9,68804,0,68804,55.0435,262.958,451.633,,1.65265,182262,123379,68807,46083,0.931197,0,7.24274,5.43323,6.35882,0.000678232,0.000591218,3.45368
Pool,0.8,2,1.25,0.6,-0,-0,,103680,19632.1,0,84047.5,59497,0,59497,47.5981,224.367,387.414,,1.6505,182193,123374,59499,53802,0.918352,0,7.07197,5.53972,6.48667,0.000430882,0.000358995,3.40029
Pool,0.8,2,1.25,0.8,-0,-0,,114300,16197.5,0,98102.9,50164,0,50164,40.1313,185.114,322.169,,1.64853,182123,123376,50165,61592,0.905837,0,6.85987,5.61931,6.57325,0.000253534,0.000186581,3.36282
Pool,0.8,4,0.5,0.4,-0,-0,,70502.9,17875.4,0,52627.5,59747,0,59747,119.495,510.728,809.287,,1.64541,160752,123366,59749,53515,0.918123,0,7.28275,5.59764,6.51839,0.429597,0.225519,3.68742
Pool,0.8,4,0.5,0.6,-0,-0,,93848.1,16786.2,0,77062,53945,0,53945,107.891,479.606,780.825,,1.67567,162136,123378,53946,58306,0.909829,0,7.07819,5.62925,6.57051,0.253758,0.130777,3.83679
Full,1,2,0.75,0.8,-0,-0,,124561,18998.7,0,105562,51362,13399,37962,68.4831,361.882,772.648,,2.24524,221211,123378,51363,59491,0.898491,6.47413,6.80691,5.66095,6.7192,0.144372,0.103805,5.40244
Pool,0.8,4,0.5,0.8,-0,-0,,107126,15130.3,0,91995.6,47062,0,47062,94.1256,432.297,724.045,,1.71358,163425,123377,47064,64030,0.900445,0,6.86205,5.64674,6.6045,0.138021,0.0708804,3.86974
Pool,0.8,4,0.75,0.4,-0,-0,,78350.4,21694.2,0,56656.2,66255,0,66255,88.3411,413.224,686.483,,1.68657,162687,123365,66257,48077,0.9268,0,7.28173,5.48646,6.43815,0.0988767,0.0599886,3.69381
Pool,0.8,4,0.75,0.6,-0,-0,,100535,18975.7,0,81559.5,57562,0,57562,76.7506,361.442,616.15,,1.73317,163880,123364,57564,55274,0.914673,0,7.10089,5.56264,6.51341,0.0503917,0.0289361,3.74998
Pool,0.8,4,0.75,0.8,-0,-0,,111379,16035.3,0,95343.9,48710,0,48710,64.9471,305.436,532.46,,1.77902,164754,123362,48711,62602,0.902334,0,6.89564,5.61512,6.5794,0.0216277,0.011332,3.76996
Pool,0.8,4,1,0.4,-0,-0,,79954.1,22573.6,0,57380.5,67416,0,67416,67.4162,322.481,552.54,,1.74318,164080,123387,67417,47105,0.928158,0,7.30108,5.44399,6.38519,0.0257516,0.0161844,3.70389
Pool,0.8,4,1,0.6,-0,-0,,101805,19380.6,0,82424.8,58137,0,58137,58.137,276.867,484.038,,1.79089,164897,123372,58138,54747,0.914996,0,7.11981,5.53639,6.49917,0.0126796,0.00720421,3.72317
Pool,0.8,4,1,0.8,-0,-0,,112813,16202.7,0,96610.2,49214,0,49214,49.2146,231.468,410.709,,1.81481,165165,123375,49216,62132,0.902516,0,6.91553,5.60387,6.56576,0.00238296,0.00140441,3.63377
Pool,0.8,4,1.25,0.4,-0,-0,,80639.5,22853,0,57786.5,67847,0,67847,54.2777,261.178,456.189,,1.78838,164830,123362,67849,46669,0.928306,0,7.31756,5.42356,6.37105,0.00813891,0.00519211,3.68126
Pool,0.8,4,1.25,0.6,-0,-0,,102720,19562.7,0,83157,58523,0,58523,46.8185,223.574,396.853,,1.82666,165433,123362,58525,54401,0.915401,0,7.13893,5.5275,6.47667,0.00234593,0.00143665,3.63196
Pool,0.8,4,1.25,0.8,-0,-0,,113481,16182.5,0,97298.4,49547,0,49547,39.6383,184.943,327.386,,1.79427,164762,123382,49549,61932,0.903544,0,6.90757,5.60602,6.56532,0.000390655,0.000294658,3.45432
Full,1,2,1,0.4,-0,-0,,99160.7,24352.3,0,74808.4,67998,11213,56784,67.998,347.891,736.189,,2.23479,220671,123375,67999,45869,0.92295,6.30972,7.33221,5.53136,6.57243,0.100589,0.0725459,5.05519
Pool,1.2,1,0.5,0.4,-0,-0,,46942.3,12235.5,0,34706.8,39064,0,39064,78.129,349.587,910.929,,3.0762,274080,123378,39067,68340,0.870554,0,7.13307,5.52576,6.63747,2.01799,1.08907,7.62343
Pool,1.2,1,0.5,0.6,-0,-0,,63841.9,11617.7,0,52224.2,36043,0,36043,72.0865,331.936,880.875,,3.08142,274277,123383,36046,70754,0.8656,0,6.93243,5.54455,6.67492,1.37073,0.774547,7.81319
Pool,1.2,1,0.5,0.8,-0,-0,,75817.5,10906.4,0,64911.1,32798,0,32798,65.5974,311.611,840.031,,3.08496,274438,123387,32800,73360,0.860389,0,6.69317,5.56282,6.69697,0.697257,0.375566,7.9076
Pool,1.2,1,0.75,0.4,-0,-0,,60091.2,16546.3,0,43544.9,49228,0,49228,65.6383,315.168,835.643,,3.08691,274355,123371,49231,60074,0.885992,0,7.29013,5.49545,6.61307,0.740353,0.416445,7.68806
Pool,1.2,1,0.75,0.6,-0,-0,,80550.2,15580.9,0,64969.4,44741,0,44741,59.6553,296.78,794.061,,3.09228,274575,123371,44744,63725,0.879211,0,7.09317,5.52013,6.6613,0.336902,0.191198,7.62823
Pool,1.2,1,0.75,0.8,-0,-0,,90503.5,13520.4,0,76983.1,38539,0,38539,51.3855,257.531,691.774,,3.09127,274580,123367,38541,68711,0.869379,0,6.84702,5.54758,6.69172,0.0716152,0.0403494,7.19288
Pool,1.2,1,1,0.4,-0,-0,,68800.1,19864.2,0,48935.9,55805,0,55805,55.8055,283.775,752.769,,3.09569,274602,123382,55808,54879,0.89711,0,7.39071,5.42672,6.54978,0.212928,0.129096,7.34786
Pool,1.2,1,1,0.6,-0,-0,,87040,17138.1,0,69901.8,48022,0,48022,48.022,244.831,653.707,,3.09601,274640,123381,48024,61107,0.88451,0,7.15904,5.49171,6.64013,0.0471368,0.0285031,7.11347
Pool,1.2,1,1,0.8,-0,-0,,93601.1,13979.3,0,79621.8,39731,0,39731,39.7314,199.705,535.4,,3.09025,274546,123382,39733,67766,0.87127,0,6.87597,5.53719,6.69365,0.00979135,0.00593658,6.7618
Pool,1.2,1,1.25,0.4,-0,-0,,71559.1,20881.3,0,50677.9,57802,0,57802,46.2417,238.643,633.724,,3.10004,274661,123368,57805,53273,0.90038,0,7.43205,5.39809,6.53638,0.0439531,0.0284694,7.11445
Full,1,2,1,0.6,-0,-0,,122402,22373.6,0,100028,61352,13826,47525,61.3521,319.624,684.252,,2.24501,221052,123367,61353,51277,0.912978,6.37478,7.10909,5.60556,6.65812,0.0509675,0.0366726,4.88551
Pool,1.2,1,1.25,0.6,-0,-0,,88947.4,17567.2,0,71380.2,48925,0,48925,39.1408,200.769,534.709,,3.09523,274619,123386,48928,60389,0.885981,0,7.18992,5.47757,6.62963,0.0108712,0.00705601,6.82513
Pool,1.2,1,1.25,0.8,-0,-0,,94307.7,13983.2,0,80324.5,40014,0,40014,32.012,159.808,427.726,,3.08782,274494,123378,40017,67530,0.871696,0,6.88009,5.53934,6.68933,0.00561363,0.00347247,6.45176
Pool,1.2,2,0.5,0.4,-0,-0,,48363.7,12525.3,0,35838.4,40321,0,40321,80.6425,357.867,897.272,,2.93829,258712,123381,40323,67379,0.87293,0,7.14526,5.52637,6.63339,1.89857,1.0055,7.22457
Pool,1.2,2,0.5,0.6,-0,-0,,65537.9,11862.2,0,53675.7,37087,0,37087,74.1746,338.921,868.131,,2.94788,259128,123382,37089,69960,0.867624,0,6.93773,5.55287,6.6588,1.27052,0.675277,7.41436
Pool,1.2,2,0.5,0.8,-0,-0,,77368.5,11082.5,0,66286,33505,0,33505,67.0118,316.643,828.798,,2.96074,259608,123385,33507,72903,0.862422,0,6.70816,5.57167,6.69142,0.714816,0.360885,7.59349
Pool,1.2,2,0.75,0.4,-0,-0,,61195.4,16789.3,0,44406.1,50240,0,50240,66.9868,319.797,823.363,,2.96108,259364,123365,50242,59348,0.888344,0,7.29383,5.49249,6.59872,0.743652,0.393557,7.37711
Pool,1.2,2,0.75,0.6,-0,-0,,81437.7,15737.5,0,65700.2,45332,0,45332,60.443,299.762,783.263,,2.97899,259948,123386,45334,63290,0.880363,0,7.09339,5.52043,6.64442,0.380082,0.199232,7.38115
Pool,1.2,2,0.75,0.8,-0,-0,,91550.4,13641.9,0,77908.5,39066,0,39066,52.0883,259.847,685.342,,2.98569,260061,123371,39068,68342,0.870628,0,6.84636,5.55092,6.68146,0.0980275,0.0512958,6.98666
Pool,1.2,2,1,0.4,-0,-0,,69196.7,19946,0,49250.7,56242,0,56242,56.2423,284.944,740.28,,2.98595,259985,123373,56245,54543,0.897988,0,7.39002,5.42205,6.55263,0.271478,0.152374,7.15258
Pool,1.2,2,1,0.6,-0,-0,,87500.3,17222.9,0,70277.4,48349,0,48349,48.3498,246.042,645.749,,2.99776,260237,123393,48352,60888,0.885302,0,7.1634,5.49522,6.62269,0.0698184,0.0392254,6.95506
Full,1,1,0.5,0.8,-0,-0,,99643.7,14382.9,0,85260.8,41901,7787,34114,83.8032,410.942,871.762,,2.28793,232211,123369,41903,67284,0.885051,6.8388,6.64654,5.64894,6.69356,0.567289,0.396654,5.69962
Full,1,2,1,0.8,-0,-0,,134880,20457,0,114423,55087,16259,38827,55.0877,292.244,632.039,,2.25131,221317,123371,55089,56371,0.90346,6.43302,6.86051,5.65528,6.72235,0.0277378,0.0200576,4.74825
Pool,1.2,2,1,0.8,-0,-0,,94817.6,14158.2,0,80659.3,40276,0,40276,40.276,202.261,534.882,,2.98856,260071,123358,40277,67359,0.872556,0,6.8884,5.54552,6.68251,0.0132018,0.0076747,6.6491
Pool,1.2,2,1.25,0.4,-0,-0,,71878.2,21005,0,50873.2,58139,0,58139,46.5112,240.057,627.651,,3.0081,260345,123380,58142,53034,0.901091,0,7.43627,5.39997,6.51354,0.0655061,0.0393738,6.96684
Pool,1.2,2,1.25,0.6,-0,-0,,89532.8,17693.5,0,71839.3,49320,0,49320,39.4561,202.212,531.538,,3.00136,260268,123392,49321,60141,0.887113,0,7.19216,5.47741,6.61253,0.015165,0.00946599,6.71411
Pool,1.2,2,1.25,0.8,-0,-0,,95505.9,14170.1,0,81335.8,40567,0,40567,32.4542,161.944,426.961,,2.9828,259937,123393,40569,67157,0.873039,0,6.88762,5.54183,6.67399,0.0051899,0.00316987,6.29541
Pool,1.2,4,0.5,0.4,-0,-0,,52048.7,13334.7,0,38714.1,43526,0,43526,87.0531,380.991,866.159,,2.96412,226500,123380,43528,64642,0.876726,0,7.19415,5.53442,6.59119,1.58502,0.714249,6.27073
Pool,1.2,4,0.5,0.6,-0,-0,,69487.2,12484,0,57003.3,39453,0,39453,78.9065,356.686,837.176,,2.98706,227750,123393,39454,67939,0.870341,0,6.97816,5.56208,6.61834,1.16279,0.493632,6.54666
Pool,1.2,4,0.5,0.8,-0,-0,,80596.9,11522.1,0,69074.8,34948,0,34948,69.8966,329.204,804.104,,3.08003,229688,123377,34949,71456,0.862446,0,6.76236,5.57517,6.64124,0.804231,0.315343,6.89468
Pool,1.2,4,0.75,0.4,-0,-0,,63029.8,17348.5,0,45681.3,51940,0,51940,69.2533,330.449,795.055,,3.02571,228730,123369,51941,57764,0.889251,0,7.31888,5.48747,6.55721,0.830047,0.350836,6.76821
Pool,1.2,4,0.75,0.6,-0,-0,,81949.2,15882.8,0,66066.5,45745,0,45745,60.9939,302.529,753.023,,3.16765,231179,123382,45747,62591,0.878079,0,7.12113,5.50747,6.59246,0.539413,0.204257,6.85738
Pool,1.2,4,0.75,0.8,-0,-0,,90548.3,13571.1,0,76977.3,38700,0,38700,51.6003,258.497,666.645,,3.36523,233224,123395,38701,67959,0.864385,0,6.87968,5.54192,6.61761,0.312423,0.097655,6.70798
Full,1,2,1.25,0.4,-0,-0,,103993,25352.5,0,78640.6,70119,12661,57457,56.0952,289.743,620.015,,2.24339,220867,123378,70121,44137,0.92608,6.25809,7.35823,5.50493,6.55342,0.0249742,0.0185832,4.7816
Pool,1.2,4,1,0.4,-0,-0,,67969.3,19682.3,0,48287,55406,0,55406,55.4063,281.176,708.695,,3.25352,232185,123372,55408,54691,0.892417,0,7.40716,5.41782,6.48644,0.490335,0.191979,6.89186
Pool,1.2,4,1,0.6,-0,-0,,85623.2,16971.6,0,68651.6,47363,0,47363,47.3639,242.452,633.054,,3.46795,234536,123379,47365,60862,0.877199,0,7.19066,5.48761,6.55818,0.301504,0.100787,6.83977
Pool,1.2,4,1,0.8,-0,-0,,92839.9,14058.1,0,78781.8,39461,0,39461,39.4617,200.831,535.229,,3.61716,235400,123375,39463,66994,0.862872,0,6.91651,5.52895,6.60014,0.159149,0.0411383,6.54573
Pool,1.2,4,1.25,0.4,-0,-0,,69327.6,20430.8,0,48896.8,56064,0,56064,44.8518,233.495,616.196,,3.56819,235691,123388,56066,53801,0.890422,0,7.46778,5.39006,6.4573,0.341349,0.123328,7.07002
Pool,1.2,4,1.25,0.6,-0,-0,,86664.4,17375.4,0,69289,47720,0,47720,38.1767,198.576,534.783,,3.74979,236947,123374,47722,60149,0.874344,0,7.22148,5.4678,6.53523,0.214892,0.0616198,6.79967
Pool,1.2,4,1.25,0.8,-0,-0,,92917.4,14299.8,0,78617.6,39305,0,39305,31.4443,163.427,451.508,,3.94061,238304,123360,39306,66646,0.85889,0,6.94648,5.51684,6.58966,0.114953,0.0205595,6.48215
Full,1,2,1.25,0.6,-0,-0,,126759,23092.2,0,103666,63052,14980,48071,50.442,263.911,570.4,,2.25034,221178,123392,63053,49941,0.91574,6.35804,7.13458,5.59633,6.64598,0.0126031,0.00932791,4.65091
Full,1,2,1.25,0.8,-0,-0,,138252,20844.2,0,117408,56300,17116,39183,45.0405,238.22,518.602,,2.25176,221310,123379,56302,55409,0.905431,6.4275,6.8771,5.64856,6.72617,0.00689805,0.0049675,4.4816
Full,1,4,0.5,0.4,-0,-0,,68487.8,16214.6,0,52273.2,51884,4414,47470,103.768,463.276,866.43,,2.17828,192795,123371,51886,59138,0.899918,6.59524,7.2154,5.58875,6.58767,1.0753,0.536854,4.81425
